replay_step,controller,controller_family,seed,true_label,detector_confidence,detector_estimated_ratio,attack_ratio,action_id,action_name,orig_index,label_bucket,target_name,control_apply_ms,benign_ping_avg_rtt_ms,benign_ping_loss_pct,benign_tcp_throughput_mbps,attack_ping_avg_rtt_ms,attack_ping_loss_pct,attack_tcp_throughput_mbps,ids_mirror_rx_bytes_delta,replay_mode,topology
0,NoControl,NoControl,,1,0.8656986355781555,0.8600000143051147,0.85,0,Forward,271,attack,shared_bottleneck,0.004589999999637939,11.829,0.0,30.31581811657423,11.902,0.0,59.796033759357435,1340,mixed,two_switch
1,NoControl,NoControl,,0,0.8092101216316223,0.8100000023841858,0.8,0,Forward,323,benign,shared_bottleneck,0.0013890000012395376,11.589,0.0,59.922260223563335,11.554,0.0,30.365290565459198,0,mixed,two_switch
2,NoControl,NoControl,,1,0.8699979186058044,0.8700000047683716,0.86,0,Forward,596,attack,shared_bottleneck,0.0013320000036287638,11.172,0.0,32.638603374796205,11.103,0.0,57.81812699181262,350,mixed,two_switch
3,NoControl,NoControl,,1,0.8955565094947815,0.8899999856948853,0.9,0,Forward,662,attack,shared_bottleneck,0.001711999999542968,11.291,0.0,23.12693151571988,11.296,0.0,67.43366888931763,0,mixed,two_switch
4,NoControl,NoControl,,0,0.7705909609794617,0.7699999809265137,0.77,0,Forward,1203,benign,shared_bottleneck,0.0015749999988656782,11.24,0.0,60.514621312421504,11.181,0.0,29.90685429713766,0,mixed,two_switch
5,NoControl,NoControl,,1,0.8352600336074829,0.8299999833106995,0.85,0,Forward,2496,attack,shared_bottleneck,0.001290999996683695,11.246,0.0,24.049152379682255,11.154,0.0,65.99688973779563,0,mixed,two_switch
6,NoControl,NoControl,,1,0.8638322949409485,0.8600000143051147,0.86,0,Forward,3048,attack,shared_bottleneck,0.0012260000019637118,11.229,0.0,30.364411254688598,11.35,0.0,59.904417480182204,210,mixed,two_switch
7,NoControl,NoControl,,1,0.86383455991745,0.8600000143051147,0.86,0,Forward,3050,attack,shared_bottleneck,0.0011380000017879865,11.178,0.0,22.640095001619347,11.395,0.0,67.7278782516369,140,mixed,two_switch
8,NoControl,NoControl,,0,0.7998348474502563,0.800000011920929,0.8,0,Forward,3598,benign,shared_bottleneck,0.0018150000045125125,11.474,0.0,67.76115328266845,11.188,0.0,22.652087427047636,0,mixed,two_switch
9,NoControl,NoControl,,1,0.8622992634773254,0.8600000143051147,0.87,0,Forward,3871,attack,shared_bottleneck,0.0013949999981832661,11.239,0.0,38.899608709093314,11.323,0.0,50.7676990194061,0,mixed,two_switch
10,NoControl,NoControl,,0,0.8182438611984253,0.8199999928474426,0.82,0,Forward,4169,benign,shared_bottleneck,0.0015990000008514471,11.223,0.0,44.77698490142954,11.289,0.0,45.24632323857057,0,mixed,two_switch
11,NoControl,NoControl,,1,0.8727920651435852,0.8799999952316284,0.88,0,Forward,4879,attack,shared_bottleneck,0.0018900000000598993,11.297,0.0,24.054015339010483,11.231,0.0,66.0215910949195,0,mixed,two_switch
12,NoControl,NoControl,,1,0.8727920651435852,0.8799999952316284,0.88,0,Forward,4880,attack,shared_bottleneck,0.002210000005220536,11.331,0.0,59.69906008032793,11.289,0.0,30.27534821472548,0,mixed,two_switch
13,NoControl,NoControl,,1,0.8686891794204712,0.8700000047683716,0.87,0,Forward,4996,attack,shared_bottleneck,0.0012199999943618423,11.41,0.0,59.834187250892676,11.23,0.0,30.426086244094275,0,mixed,two_switch
14,NoControl,NoControl,,1,0.8686892986297607,0.8700000047683716,0.87,0,Forward,5001,attack,shared_bottleneck,0.001282999996021772,11.274,0.0,56.92217309745403,11.363,0.0,33.24923898531375,70,mixed,two_switch
15,NoControl,NoControl,,1,0.8786917328834534,0.8799999952316284,0.88,0,Forward,5006,attack,shared_bottleneck,0.0014049999990106699,11.572,0.0,24.703931071620893,11.448,0.0,65.84814995390475,70,mixed,two_switch
16,NoControl,NoControl,,0,0.8206165432929993,0.8100000023841858,0.82,0,Forward,5672,benign,shared_bottleneck,0.00199200000139399,11.33,0.0,34.530944718179484,11.353,0.0,56.32828728483843,140,mixed,two_switch
17,NoControl,NoControl,,1,0.8545636534690857,0.8500000238418579,0.85,0,Forward,6640,attack,shared_bottleneck,0.0017209999967349177,11.47,0.0,30.366816549137116,11.25,0.0,60.744389617149466,70,mixed,two_switch
18,NoControl,NoControl,,0,0.789990246295929,0.7900000214576721,0.79,0,Forward,7247,benign,shared_bottleneck,0.0012340000026256348,11.335,0.0,66.00433282684604,11.189,0.0,24.050623319585615,0,mixed,two_switch
19,NoControl,NoControl,,0,0.8111498951911926,0.8100000023841858,0.81,0,Forward,7257,benign,shared_bottleneck,0.0013270000067677756,11.196,0.0,54.066299818266344,11.261,0.0,36.16184572408977,0,mixed,two_switch
20,NoControl,NoControl,,0,0.8311519026756287,0.8299999833106995,0.83,0,Forward,7262,benign,shared_bottleneck,0.0012139999938654,11.396,0.0,30.35512987416591,11.39,0.0,59.884460727602175,0,mixed,two_switch
21,NoControl,NoControl,,0,0.7872647643089294,0.7799999713897705,0.78,0,Forward,7509,benign,shared_bottleneck,0.0010929999945119562,11.344,0.0,57.61442334364003,11.266,0.0,31.763800676528497,0,mixed,two_switch
22,NoControl,NoControl,,1,0.8778383731842041,0.8799999952316284,0.88,0,Forward,7713,attack,shared_bottleneck,0.0011050000097156953,11.389,0.0,30.352907321749512,11.356,0.0,59.88663718169602,0,mixed,two_switch
23,NoControl,NoControl,,1,0.8668792843818665,0.8700000047683716,0.87,0,Forward,8112,attack,shared_bottleneck,0.001222999998162777,11.431,0.0,59.937933256425445,11.513,0.0,29.48200313247871,0,mixed,two_switch
24,NoControl,NoControl,,1,0.8844065070152283,0.8899999856948853,0.89,0,Forward,8140,attack,shared_bottleneck,0.0015780000097720404,11.415,0.0,31.71776212142218,11.423,0.0,57.52159502536687,0,mixed,two_switch
25,NoControl,NoControl,,1,0.8844060301780701,0.8899999856948853,0.89,0,Forward,8142,attack,shared_bottleneck,0.0010239999994610116,11.38,0.0,24.03377957368059,11.259,0.0,65.95871981632284,0,mixed,two_switch
26,NoControl,NoControl,,0,0.8399470448493958,0.8399999737739563,0.84,0,Forward,8745,benign,shared_bottleneck,0.0012759999918898757,11.204,0.0,57.65688449947764,11.318,0.0,31.818982281080178,0,mixed,two_switch
27,NoControl,NoControl,,0,0.8219642043113708,0.8199999928474426,0.82,0,Forward,8836,benign,shared_bottleneck,0.0013399999971852594,11.35,0.0,32.68491611056538,11.428,0.0,57.50444871571472,0,mixed,two_switch
28,NoControl,NoControl,,0,0.8388247489929199,0.8299999833106995,0.84,0,Forward,9547,benign,shared_bottleneck,0.0014120000031425661,11.382,0.0,32.5933057016722,11.208,0.0,57.941669488957416,0,mixed,two_switch
29,NoControl,NoControl,,1,0.8561859130859375,0.8600000143051147,0.86,0,Forward,10043,attack,shared_bottleneck,0.0014129999925671655,11.42,0.0,28.227302607298697,11.257,0.0,60.81138502890888,0,mixed,two_switch
30,NoControl,NoControl,,1,0.892324686050415,0.8899999856948853,0.89,0,Forward,10279,attack,shared_bottleneck,0.001229999995189246,11.43,0.0,26.14681049487076,11.374,0.0,63.470784843173476,0,mixed,two_switch
31,NoControl,NoControl,,1,0.8923255801200867,0.8899999856948853,0.89,0,Forward,10280,attack,shared_bottleneck,0.0012619999978369378,11.339,0.0,45.143042162920416,11.351,0.0,44.82121016999712,0,mixed,two_switch
32,NoControl,NoControl,,0,0.8032602667808533,0.800000011920929,0.8,0,Forward,10658,benign,shared_bottleneck,0.0015530000041508174,11.554,0.0,29.619751404033927,11.501,0.0,60.51719394299093,70,mixed,two_switch
33,NoControl,NoControl,,1,0.8678531646728516,0.8600000143051147,0.87,0,Forward,10853,attack,shared_bottleneck,0.0013360000110651526,11.475,0.0,59.911470317832155,11.243,0.0,30.374914587660747,70,mixed,two_switch
34,NoControl,NoControl,,0,0.8378587365150452,0.8299999833106995,0.84,0,Forward,11791,benign,shared_bottleneck,0.0017850000091357288,11.795,0.0,33.48231852640934,11.523,0.0,57.33405179066082,0,mixed,two_switch
35,NoControl,NoControl,,1,0.8499701023101807,0.8500000238418579,0.85,0,Forward,11906,attack,shared_bottleneck,0.0013219999885905054,11.547,0.0,30.37144716710454,11.329,0.0,59.912455772955,140,mixed,two_switch
36,NoControl,NoControl,,0,0.8349297046661377,0.8399999737739563,0.84,0,Forward,11955,benign,shared_bottleneck,0.001917000005846603,11.386,0.0,43.59328608626817,11.593,0.0,45.611629938427235,0,mixed,two_switch
37,NoControl,NoControl,,1,0.8590880036354065,0.8600000143051147,0.86,0,Forward,12438,attack,shared_bottleneck,0.0013230000064368141,11.377,0.0,30.354638817132713,11.504,0.0,59.90457303957254,70,mixed,two_switch
38,NoControl,NoControl,,1,0.8899794220924377,0.8899999856948853,0.89,0,Forward,12666,attack,shared_bottleneck,0.0011439999951790014,11.471,0.0,60.84771742867857,11.275,0.0,29.746197588704298,0,mixed,two_switch
39,NoControl,NoControl,,1,0.8740659952163696,0.8700000047683716,0.87,0,Forward,12681,attack,shared_bottleneck,0.0016180000130816552,11.383,0.0,38.212018512444885,11.391,0.0,51.4088484468152,0,mixed,two_switch
40,NoControl,NoControl,,1,0.8425387740135193,0.8500000238418579,0.85,0,Forward,12878,attack,shared_bottleneck,0.0013660000064419364,11.27,0.0,29.70822193718545,11.246,0.0,60.76692972774735,0,mixed,two_switch
41,NoControl,NoControl,,1,0.90160071849823,0.8999999761581421,0.9,0,Forward,13299,attack,shared_bottleneck,0.0011599999965028474,11.325,0.0,31.79877231569362,11.35,0.0,57.5184906328106,0,mixed,two_switch
42,NoControl,NoControl,,1,0.9016007781028748,0.8999999761581421,0.9,0,Forward,13300,attack,shared_bottleneck,0.0014180000107444357,11.181,0.0,38.89826875194866,11.213,0.0,50.74979733011597,0,mixed,two_switch
43,NoControl,NoControl,,0,0.8007186651229858,0.800000011920929,0.8,0,Forward,13348,benign,shared_bottleneck,0.0010830000007899798,11.29,0.0,24.021829733508913,11.162,0.0,65.99175556184902,0,mixed,two_switch
44,NoControl,NoControl,,0,0.7630465626716614,0.7599999904632568,0.76,0,Forward,13382,benign,shared_bottleneck,0.0012699999984988608,11.18,0.0,30.859744580958,11.265,0.0,59.73714144646265,0,mixed,two_switch
45,NoControl,NoControl,,1,0.8798288702964783,0.8799999952316284,0.87,0,Forward,13628,attack,shared_bottleneck,0.0016599999952404687,11.156,0.0,29.150188343549758,11.165,0.0,60.43973078813976,0,mixed,two_switch
46,NoControl,NoControl,,0,0.8233427405357361,0.8199999928474426,0.82,0,Forward,13761,benign,shared_bottleneck,0.0011529999994763784,11.225,0.0,46.3123714190566,11.169,0.0,44.37912089365496,0,mixed,two_switch
47,NoControl,NoControl,,1,0.8986366391181946,0.8999999761581421,0.9,0,Forward,13957,attack,shared_bottleneck,0.001126000000795102,11.373,0.0,30.36472159385135,11.139,0.0,60.7476986557694,0,mixed,two_switch
48,NoControl,NoControl,,0,0.7998307943344116,0.800000011920929,0.79,0,Forward,14449,benign,shared_bottleneck,0.0014010000057851357,11.202,0.0,67.7914589864853,11.3,0.0,22.432484932709563,0,mixed,two_switch
49,NoControl,NoControl,,0,0.8410383462905884,0.8399999737739563,0.84,0,Forward,14557,benign,shared_bottleneck,0.0015320000130714106,11.342,0.0,57.39002917536558,11.201,0.0,32.6840719723282,0,mixed,two_switch
50,NoControl,NoControl,,0,0.8410382866859436,0.8399999737739563,0.84,0,Forward,14558,benign,shared_bottleneck,0.0012280000021291926,11.143,0.0,60.452848872896965,11.147,0.0,29.169066965244284,0,mixed,two_switch
51,NoControl,NoControl,,1,0.9198984503746032,0.9200000166893004,0.92,0,Forward,14853,attack,shared_bottleneck,0.0012590000011414304,11.197,0.0,67.79776357685991,11.162,0.0,22.835459842556723,0,mixed,two_switch
52,NoControl,NoControl,,1,0.8886391520500183,0.8899999856948853,0.89,0,Forward,14870,attack,shared_bottleneck,0.0013180000024703986,11.311,0.0,33.48074460121546,11.483,0.0,57.3647600290831,0,mixed,two_switch
53,NoControl,NoControl,,1,0.8786901831626892,0.8799999952316284,0.88,0,Forward,14880,attack,shared_bottleneck,0.0012950000041200838,11.377,0.0,60.583261831073,11.329,0.0,29.653180498472906,0,mixed,two_switch
54,NoControl,NoControl,,0,0.7828757762908936,0.7799999713897705,0.78,0,Forward,15438,benign,shared_bottleneck,0.0015290000021650485,11.33,0.0,59.91188524235368,11.223,0.0,30.441622137632713,0,mixed,two_switch
55,NoControl,NoControl,,1,0.8823724389076233,0.8799999952316284,0.89,0,Forward,16062,attack,shared_bottleneck,0.001247000000148546,11.322,0.0,23.976409647560626,11.307,0.0,66.64902701720366,0,mixed,two_switch
56,NoControl,NoControl,,1,0.8523920178413391,0.8500000238418579,0.85,0,Forward,16156,attack,shared_bottleneck,0.001370000006772898,11.251,0.0,32.57672806805755,11.413,0.0,57.46708789819727,0,mixed,two_switch
57,NoControl,NoControl,,1,0.8999413847923279,0.8999999761581421,0.9,0,Forward,16958,attack,shared_bottleneck,0.0011070000027757487,11.382,0.0,67.80605139352838,11.295,0.0,22.657549851640002,0,mixed,two_switch
58,NoControl,NoControl,,0,0.8077142834663391,0.800000011920929,0.81,0,Forward,17203,benign,shared_bottleneck,0.0012589999869305757,11.285,0.0,57.733071002297834,11.14,0.0,31.576262771774076,0,mixed,two_switch
59,NoControl,NoControl,,0,0.8294690847396851,0.8299999833106995,0.83,0,Forward,17359,benign,shared_bottleneck,0.001134000001457025,11.198,0.0,29.168661261397528,11.246,0.0,60.48377062655179,0,mixed,two_switch
60,NoControl,NoControl,,0,0.8367106914520264,0.8299999833106995,0.83,0,Forward,17639,benign,shared_bottleneck,0.0012989999902401905,11.172,0.0,44.71050871306707,11.221,0.0,45.39482463632567,0,mixed,two_switch
61,NoControl,NoControl,,0,0.8378546833992004,0.8399999737739563,0.84,0,Forward,17792,benign,shared_bottleneck,0.0012110000113807473,11.263,0.0,45.44827617344005,11.234,0.0,44.76514676492797,0,mixed,two_switch
62,NoControl,NoControl,,1,0.8575001358985901,0.8600000143051147,0.86,0,Forward,17886,attack,shared_bottleneck,0.001687999997557199,11.282,0.0,30.37431937710279,11.311,0.0,59.92506208458743,0,mixed,two_switch
63,NoControl,NoControl,,0,0.7899861931800842,0.7900000214576721,0.78,0,Forward,18045,benign,shared_bottleneck,0.001241000006757531,11.191,0.0,59.92200080524012,11.212,0.0,30.36764426545508,0,mixed,two_switch
64,NoControl,NoControl,,0,0.8586136102676392,0.8500000238418579,0.84,0,Forward,18103,benign,shared_bottleneck,0.0014900000167017424,11.282,0.0,22.637279699210463,11.222,0.0,67.63541963958312,0,mixed,two_switch
65,NoControl,NoControl,,0,0.8233593702316284,0.8199999928474426,0.82,0,Forward,18713,benign,shared_bottleneck,0.0011820000054285629,11.417,0.0,57.66736889911537,11.286,0.0,32.7007299270073,70,mixed,two_switch
66,NoControl,NoControl,,0,0.8056234121322632,0.800000011920929,0.8,0,Forward,18882,benign,shared_bottleneck,0.0015050000001792796,11.414,0.0,66.00006294256491,11.39,0.0,24.05636579306032,0,mixed,two_switch
67,NoControl,NoControl,,0,0.8265945315361023,0.8299999833106995,0.82,0,Forward,19001,benign,shared_bottleneck,0.0013779999790131114,11.223,0.0,45.27212576837765,11.304,0.0,44.95408365243757,0,mixed,two_switch
68,NoControl,NoControl,,1,0.8694993853569031,0.8700000047683716,0.88,0,Forward,19305,attack,shared_bottleneck,0.0013689999889265891,11.104,0.0,60.45279761929996,11.119,0.0,29.157711521901028,0,mixed,two_switch
69,NoControl,NoControl,,1,0.8604289293289185,0.8600000143051147,0.87,0,Forward,19337,attack,shared_bottleneck,0.002096000002893561,11.182,0.0,32.35210217225348,11.22,0.0,58.42175975548928,0,mixed,two_switch
70,NoControl,NoControl,,0,0.8287397623062134,0.8299999833106995,0.83,0,Forward,19448,benign,shared_bottleneck,0.001586999985647708,11.58,0.0,30.38389733511396,11.429,0.0,59.945305529906825,70,mixed,two_switch
71,NoControl,NoControl,,0,0.7975900769233704,0.800000011920929,0.8,0,Forward,19709,benign,shared_bottleneck,0.001427000000830958,11.409,0.0,58.4294590743491,11.408,0.0,32.357778485080665,0,mixed,two_switch
72,NoControl,NoControl,,0,0.6926899552345276,0.6899999976158142,0.69,0,Forward,19803,benign,shared_bottleneck,0.0016110000160551863,11.347,0.0,60.33060038548949,11.286,0.0,30.414769062771928,70,mixed,two_switch
73,NoControl,NoControl,,0,0.7526609301567078,0.75,0.75,0,Forward,19816,benign,shared_bottleneck,0.001273000009405223,11.363,0.0,22.644534435337857,11.296,0.0,67.7375875855502,70,mixed,two_switch
74,NoControl,NoControl,,0,0.7800804376602173,0.7799999713897705,0.78,0,Forward,19847,benign,shared_bottleneck,0.001063999974348917,11.282,0.0,46.894726295248,11.268,0.0,43.404229534878,0,mixed,two_switch
75,NoControl,NoControl,,1,0.910107433795929,0.9100000262260436,0.91,0,Forward,20083,attack,shared_bottleneck,0.0017060000061519531,11.346,0.0,66.65899278514266,11.259,0.0,23.984066324627523,0,mixed,two_switch
76,NoControl,NoControl,,1,0.9488750696182252,0.949999988079071,0.95,0,Forward,20134,attack,shared_bottleneck,0.0015740000094410789,11.157,0.0,44.78390715006434,11.124,0.0,45.25305135291766,0,mixed,two_switch
77,NoControl,NoControl,,1,0.8454464077949524,0.8500000238418579,0.85,0,Forward,20212,attack,shared_bottleneck,0.0013479999836363277,11.356,0.0,31.756425528478264,11.425,0.0,57.6258627918335,70,mixed,two_switch
78,NoControl,NoControl,,1,0.8581823706626892,0.8600000143051147,0.86,0,Forward,20257,attack,shared_bottleneck,0.0012879999928827601,11.301,0.0,45.44101348289043,11.24,0.0,44.96007123099716,0,mixed,two_switch
79,NoControl,NoControl,,0,0.8401124477386475,0.8399999737739563,0.84,0,Forward,20753,benign,shared_bottleneck,0.001410999999507112,11.278,0.0,67.77861326032405,11.382,0.0,22.529611615284,0,mixed,two_switch
80,NoControl,NoControl,,0,0.8276398181915283,0.8299999833106995,0.83,0,Forward,21426,benign,shared_bottleneck,0.0012419999961821304,11.162,0.0,67.72164656587962,11.122,0.0,22.634523727291565,0,mixed,two_switch
81,NoControl,NoControl,,0,0.8077338337898254,0.8100000023841858,0.81,0,Forward,21444,benign,shared_bottleneck,0.001186999980973269,11.182,0.0,45.405390191205186,11.156,0.0,44.72127465231747,0,mixed,two_switch
82,NoControl,NoControl,,1,0.8508247137069702,0.8500000238418579,0.85,0,Forward,21705,attack,shared_bottleneck,0.0013060000014775142,11.424,0.0,30.37331016033669,11.252,0.0,59.915671694124185,0,mixed,two_switch
83,NoControl,NoControl,,1,0.886523425579071,0.8799999952316284,0.88,0,Forward,22059,attack,shared_bottleneck,0.0016589999916050147,11.199,0.0,60.5279260726252,11.293,0.0,29.802072872652857,0,mixed,two_switch
84,NoControl,NoControl,,0,0.8100687265396118,0.8100000023841858,0.81,0,Forward,22266,benign,shared_bottleneck,0.0010669999994661339,11.343,0.0,59.87896847542537,11.219,0.0,30.449187986556833,0,mixed,two_switch
85,NoControl,NoControl,,1,0.847369909286499,0.8500000238418579,0.85,0,Forward,22361,attack,shared_bottleneck,0.0013890000047922513,11.256,0.0,57.41156855472545,11.14,0.0,31.643369381437335,0,mixed,two_switch
86,NoControl,NoControl,,1,0.8598287105560303,0.8600000143051147,0.86,0,Forward,22536,attack,shared_bottleneck,0.0011489999849345622,11.186,0.0,31.815308269054427,11.168,0.0,57.418464571240825,0,mixed,two_switch
87,NoControl,NoControl,,1,0.8598287105560303,0.8600000143051147,0.86,0,Forward,22548,attack,shared_bottleneck,0.001212999990229946,11.564,0.0,31.80158516202081,11.406,0.0,57.44520228997178,0,mixed,two_switch
88,NoControl,NoControl,,1,0.880372166633606,0.8799999952316284,0.89,0,Forward,22613,attack,shared_bottleneck,0.0012589999869305757,11.597,0.0,32.736520328220095,11.343,0.0,57.266074554043705,0,mixed,two_switch
89,NoControl,NoControl,,1,0.8707939386367798,0.8700000047683716,0.87,0,Forward,22848,attack,shared_bottleneck,0.001513999990265802,11.184,0.0,57.41937740345126,11.207,0.0,31.7996027233165,0,mixed,two_switch
90,NoControl,NoControl,,1,0.8508075475692749,0.8500000238418579,0.85,0,Forward,22856,attack,shared_bottleneck,0.0015280000127404492,11.318,0.0,46.311348704259544,11.274,0.0,44.24585225199882,0,mixed,two_switch
91,NoControl,NoControl,,0,0.830065131187439,0.8299999833106995,0.82,0,Forward,23186,benign,shared_bottleneck,0.0016549999770631985,11.305,0.0,66.03279359556666,11.233,0.0,24.06417668648247,0,mixed,two_switch
92,NoControl,NoControl,,0,0.7924128174781799,0.7900000214576721,0.78,0,Forward,23283,benign,shared_bottleneck,0.0016680000101132464,11.342,0.0,45.42993927227826,11.288,0.0,44.749823513826385,0,mixed,two_switch
93,NoControl,NoControl,,0,0.7760483622550964,0.7799999713897705,0.78,0,Forward,23456,benign,shared_bottleneck,0.0011909999955150852,11.284,0.0,34.52476834322133,11.365,0.0,56.10230537945262,0,mixed,two_switch
94,NoControl,NoControl,,0,0.7760480642318726,0.7799999713897705,0.78,0,Forward,23465,benign,shared_bottleneck,0.0015450000034888944,11.292,0.0,31.780220002256264,11.159,0.0,57.497938849134016,0,mixed,two_switch
95,NoControl,NoControl,,1,0.8600333333015442,0.8600000143051147,0.86,0,Forward,23536,attack,shared_bottleneck,0.001257000008081377,11.274,0.0,59.91292257880201,11.335,0.0,30.36901526986761,0,mixed,two_switch
96,NoControl,NoControl,,1,0.8492719531059265,0.8500000238418579,0.85,0,Forward,23727,attack,shared_bottleneck,0.001703999998881045,11.259,0.0,24.7146613870454,11.26,0.0,65.8741195040167,0,mixed,two_switch
97,NoControl,NoControl,,0,0.8246086239814758,0.8199999928474426,0.82,0,Forward,23846,benign,shared_bottleneck,0.0013879999869459425,11.238,0.0,44.5861832535775,11.265,0.0,45.12005593879005,0,mixed,two_switch
98,NoControl,NoControl,,0,0.8473970890045166,0.8399999737739563,0.84,0,Forward,23889,benign,shared_bottleneck,0.0015490000180307106,11.162,0.0,30.347404029002828,11.223,0.0,60.70276855655228,0,mixed,two_switch
99,NoControl,NoControl,,1,0.8532842397689819,0.8500000238418579,0.85,0,Forward,24271,attack,shared_bottleneck,0.0012479999895731453,11.178,0.0,30.34735236434953,11.442,0.0,59.873270033524385,0,mixed,two_switch
100,NoControl,NoControl,,0,0.8334739208221436,0.8299999833106995,0.83,0,Forward,24798,benign,shared_bottleneck,0.0011439999809681467,11.225,0.0,22.641444248863802,11.217,0.0,67.6577780409786,0,mixed,two_switch
101,NoControl,NoControl,,0,0.8424508571624756,0.8399999737739563,0.84,0,Forward,25175,benign,shared_bottleneck,0.0011739999763449305,11.322,0.0,58.42139809242497,11.252,0.0,32.34870874566005,0,mixed,two_switch
102,NoControl,NoControl,,0,0.8324522972106934,0.8299999833106995,0.83,0,Forward,25181,benign,shared_bottleneck,0.0014419999843084952,11.278,0.0,31.76401450002188,11.115,0.0,57.636284813801836,0,mixed,two_switch
103,NoControl,NoControl,,0,0.8324527740478516,0.8299999833106995,0.83,0,Forward,25182,benign,shared_bottleneck,0.0017530000206988916,11.112,0.0,67.82341432986476,11.26,0.0,22.848058458899573,0,mixed,two_switch
104,NoControl,NoControl,,1,0.848400354385376,0.8500000238418579,0.85,0,Forward,25757,attack,shared_bottleneck,0.0017269999830205052,11.199,0.0,44.92216316630464,11.349,0.0,45.39916492806096,0,mixed,two_switch
105,NoControl,NoControl,,1,0.8757197856903076,0.8799999952316284,0.87,0,Forward,25947,attack,shared_bottleneck,0.0015679999876283546,11.495,0.0,39.68470350078113,11.452,0.0,50.16745707975753,0,mixed,two_switch
106,NoControl,NoControl,,1,0.9076886177062988,0.9100000262260436,0.91,0,Forward,26007,attack,shared_bottleneck,0.0013519999981781439,11.401,0.0,50.780255283821646,11.396,0.0,38.89301288833232,0,mixed,two_switch
107,NoControl,NoControl,,0,0.8287405371665955,0.8299999833106995,0.83,0,Forward,26111,benign,shared_bottleneck,0.0012159999869254534,11.212,0.0,45.43650111578932,11.249,0.0,44.95473974761968,0,mixed,two_switch
108,NoControl,NoControl,,0,0.8200234174728394,0.8199999928474426,0.82,0,Forward,26168,benign,shared_bottleneck,0.0011449999988144555,11.214,0.0,30.368782449071723,11.175,0.0,59.914997359467385,0,mixed,two_switch
109,NoControl,NoControl,,0,0.8145485520362854,0.8100000023841858,0.82,0,Forward,26613,benign,shared_bottleneck,0.0013469999942117283,11.349,0.0,56.915993703598716,11.199,0.0,33.2470472991183,0,mixed,two_switch
110,NoControl,NoControl,,0,0.8191828727722168,0.8100000023841858,0.82,0,Forward,27025,benign,shared_bottleneck,0.0012989999902401905,11.247,0.0,22.66113416320885,11.29,0.0,67.77825316993696,0,mixed,two_switch
111,NoControl,NoControl,,0,0.8191828727722168,0.8100000023841858,0.82,0,Forward,27026,benign,shared_bottleneck,0.001210000021956148,11.323,0.0,50.24392028812528,11.336,0.0,39.9113481800406,0,mixed,two_switch
112,NoControl,NoControl,,1,0.8483954071998596,0.8500000238418579,0.85,0,Forward,28043,attack,shared_bottleneck,0.0018309999916255038,11.183,0.0,44.95908686196377,11.235,0.0,45.28846086361089,0,mixed,two_switch
113,NoControl,NoControl,,1,0.8561848402023315,0.8600000143051147,0.86,0,Forward,28140,attack,shared_bottleneck,0.0013739999928930047,11.165,0.0,58.42899395723363,11.222,0.0,32.358634383412,0,mixed,two_switch
114,NoControl,NoControl,,0,0.8438663482666016,0.8500000238418579,0.84,0,Forward,28155,benign,shared_bottleneck,0.0013060000014775142,11.136,0.0,30.35810240061037,11.225,0.0,59.897158940431744,0,mixed,two_switch
115,NoControl,NoControl,,1,0.8501219153404236,0.8500000238418579,0.85,0,Forward,29007,attack,shared_bottleneck,0.001204999989568023,11.156,0.0,67.7278782516369,11.172,0.0,22.637983459169956,0,mixed,two_switch
116,NoControl,NoControl,,0,0.8129814267158508,0.8199999928474426,0.82,0,Forward,29435,benign,shared_bottleneck,0.0012680000054388074,11.318,0.0,31.760860895391783,11.212,0.0,57.63981076269443,0,mixed,two_switch
117,NoControl,NoControl,,0,0.8129838705062866,0.8199999928474426,0.82,0,Forward,29438,benign,shared_bottleneck,0.0011930000027859933,11.311,0.0,22.836792687877537,11.204,0.0,67.79812387458603,0,mixed,two_switch
118,NoControl,NoControl,,0,0.8164951801300049,0.8199999928474426,0.82,0,Forward,29552,benign,shared_bottleneck,0.0012019999928725156,11.306,0.0,22.790453437381547,11.227,0.0,68.08983518829523,0,mixed,two_switch
0,Greedy,Greedy,,1,0.8656986355781555,0.8600000143051147,0.85,6,Isolate,271,attack,shared_bottleneck,15.886143000017228,,100.0,0.0,,100.0,0.0,836,mixed,two_switch
1,Greedy,Greedy,,0,0.8092101216316223,0.8100000023841858,0.8,6,Isolate,323,benign,shared_bottleneck,15.540514000008443,,100.0,0.0,,100.0,0.0,210,mixed,two_switch
2,Greedy,Greedy,,1,0.8699979186058044,0.8700000047683716,0.86,6,Isolate,596,attack,shared_bottleneck,15.389351000010265,,100.0,0.0,,100.0,0.0,0,mixed,two_switch
3,Greedy,Greedy,,1,0.8955565094947815,0.8899999856948853,0.9,6,Isolate,662,attack,shared_bottleneck,15.47971999997344,,100.0,0.0,,100.0,0.0,210,mixed,two_switch
4,Greedy,Greedy,,0,0.7705909609794617,0.7699999809265137,0.77,6,Isolate,1203,benign,shared_bottleneck,16.2206570000194,,100.0,0.0,,100.0,0.0,0,mixed,two_switch
5,Greedy,Greedy,,1,0.8352600336074829,0.8299999833106995,0.85,6,Isolate,2496,attack,shared_bottleneck,15.528794999966067,,100.0,0.0,,100.0,0.0,0,mixed,two_switch
6,Greedy,Greedy,,1,0.8638322949409485,0.8600000143051147,0.86,6,Isolate,3048,attack,shared_bottleneck,15.890228999978717,,100.0,0.0,,100.0,0.0,0,mixed,two_switch
7,Greedy,Greedy,,1,0.86383455991745,0.8600000143051147,0.86,6,Isolate,3050,attack,shared_bottleneck,15.120432999992772,,100.0,0.0,,100.0,0.0,140,mixed,two_switch
8,Greedy,Greedy,,0,0.7998348474502563,0.800000011920929,0.8,6,Isolate,3598,benign,shared_bottleneck,15.29856799999152,,100.0,0.0,,100.0,0.0,70,mixed,two_switch
9,Greedy,Greedy,,1,0.8622992634773254,0.8600000143051147,0.87,6,Isolate,3871,attack,shared_bottleneck,14.896797999995215,,100.0,0.0,,100.0,0.0,0,mixed,two_switch
10,Greedy,Greedy,,0,0.8182438611984253,0.8199999928474426,0.82,6,Isolate,4169,benign,shared_bottleneck,16.090224999970815,,100.0,0.0,,100.0,0.0,0,mixed,two_switch
11,Greedy,Greedy,,1,0.8727920651435852,0.8799999952316284,0.88,6,Isolate,4879,attack,shared_bottleneck,15.564202000007299,,100.0,0.0,,100.0,0.0,0,mixed,two_switch
12,Greedy,Greedy,,1,0.8727920651435852,0.8799999952316284,0.88,6,Isolate,4880,attack,shared_bottleneck,15.673490999972728,,100.0,0.0,,100.0,0.0,0,mixed,two_switch
13,Greedy,Greedy,,1,0.8686891794204712,0.8700000047683716,0.87,6,Isolate,4996,attack,shared_bottleneck,15.007403999959479,,100.0,0.0,,100.0,0.0,0,mixed,two_switch
14,Greedy,Greedy,,1,0.8686892986297607,0.8700000047683716,0.87,6,Isolate,5001,attack,shared_bottleneck,15.717308999967372,,100.0,0.0,,100.0,0.0,0,mixed,two_switch
15,Greedy,Greedy,,1,0.8786917328834534,0.8799999952316284,0.88,6,Isolate,5006,attack,shared_bottleneck,15.666041999963909,,100.0,0.0,,100.0,0.0,140,mixed,two_switch
16,Greedy,Greedy,,0,0.8206165432929993,0.8100000023841858,0.82,6,Isolate,5672,benign,shared_bottleneck,16.061888000024283,,100.0,0.0,,100.0,0.0,0,mixed,two_switch
17,Greedy,Greedy,,1,0.8545636534690857,0.8500000238418579,0.85,6,Isolate,6640,attack,shared_bottleneck,15.641605999974217,,100.0,0.0,,100.0,0.0,70,mixed,two_switch
18,Greedy,Greedy,,0,0.789990246295929,0.7900000214576721,0.79,6,Isolate,7247,benign,shared_bottleneck,15.56592100001808,,100.0,0.0,,100.0,0.0,0,mixed,two_switch
19,Greedy,Greedy,,0,0.8111498951911926,0.8100000023841858,0.81,6,Isolate,7257,benign,shared_bottleneck,15.336998999998741,,100.0,0.0,,100.0,0.0,0,mixed,two_switch
20,Greedy,Greedy,,0,0.8311519026756287,0.8299999833106995,0.83,6,Isolate,7262,benign,shared_bottleneck,15.089455000008911,,100.0,0.0,,100.0,0.0,0,mixed,two_switch
21,Greedy,Greedy,,0,0.7872647643089294,0.7799999713897705,0.78,6,Isolate,7509,benign,shared_bottleneck,15.012448999982553,,100.0,0.0,,100.0,0.0,0,mixed,two_switch
22,Greedy,Greedy,,1,0.8778383731842041,0.8799999952316284,0.88,6,Isolate,7713,attack,shared_bottleneck,15.230656000028375,,100.0,0.0,,100.0,0.0,0,mixed,two_switch
23,Greedy,Greedy,,1,0.8668792843818665,0.8700000047683716,0.87,6,Isolate,8112,attack,shared_bottleneck,15.514564999989489,,100.0,0.0,,100.0,0.0,0,mixed,two_switch
24,Greedy,Greedy,,1,0.8844065070152283,0.8899999856948853,0.89,6,Isolate,8140,attack,shared_bottleneck,15.805542999999034,,100.0,0.0,,100.0,0.0,0,mixed,two_switch
25,Greedy,Greedy,,1,0.8844060301780701,0.8899999856948853,0.89,6,Isolate,8142,attack,shared_bottleneck,16.556946000036987,,100.0,0.0,,100.0,0.0,0,mixed,two_switch
26,Greedy,Greedy,,0,0.8399470448493958,0.8399999737739563,0.84,6,Isolate,8745,benign,shared_bottleneck,16.505788999950255,,100.0,0.0,,100.0,0.0,0,mixed,two_switch
27,Greedy,Greedy,,0,0.8219642043113708,0.8199999928474426,0.82,6,Isolate,8836,benign,shared_bottleneck,15.062757000009697,,100.0,0.0,,100.0,0.0,0,mixed,two_switch
28,Greedy,Greedy,,0,0.8388247489929199,0.8299999833106995,0.84,6,Isolate,9547,benign,shared_bottleneck,14.957083000012972,,100.0,0.0,,100.0,0.0,0,mixed,two_switch
29,Greedy,Greedy,,1,0.8561859130859375,0.8600000143051147,0.86,6,Isolate,10043,attack,shared_bottleneck,15.289273999997022,,100.0,0.0,,100.0,0.0,0,mixed,two_switch
30,Greedy,Greedy,,1,0.892324686050415,0.8899999856948853,0.89,6,Isolate,10279,attack,shared_bottleneck,15.001562999998441,,100.0,0.0,,100.0,0.0,0,mixed,two_switch
31,Greedy,Greedy,,1,0.8923255801200867,0.8899999856948853,0.89,6,Isolate,10280,attack,shared_bottleneck,15.352935000009893,,100.0,0.0,,100.0,0.0,70,mixed,two_switch
32,Greedy,Greedy,,0,0.8032602667808533,0.800000011920929,0.8,6,Isolate,10658,benign,shared_bottleneck,14.851314999987153,,100.0,0.0,,100.0,0.0,70,mixed,two_switch
33,Greedy,Greedy,,1,0.8678531646728516,0.8600000143051147,0.87,6,Isolate,10853,attack,shared_bottleneck,16.254256999957306,,100.0,0.0,,100.0,0.0,0,mixed,two_switch
34,Greedy,Greedy,,0,0.8378587365150452,0.8299999833106995,0.84,6,Isolate,11791,benign,shared_bottleneck,15.417449999972632,,100.0,0.0,,100.0,0.0,0,mixed,two_switch
35,Greedy,Greedy,,1,0.8499701023101807,0.8500000238418579,0.85,6,Isolate,11906,attack,shared_bottleneck,14.67251799999758,,100.0,0.0,,100.0,0.0,70,mixed,two_switch
36,Greedy,Greedy,,0,0.8349297046661377,0.8399999737739563,0.84,6,Isolate,11955,benign,shared_bottleneck,16.818848000013986,,100.0,0.0,,100.0,0.0,0,mixed,two_switch
37,Greedy,Greedy,,1,0.8590880036354065,0.8600000143051147,0.86,6,Isolate,12438,attack,shared_bottleneck,15.1285370000096,,100.0,0.0,,100.0,0.0,0,mixed,two_switch
38,Greedy,Greedy,,1,0.8899794220924377,0.8899999856948853,0.89,6,Isolate,12666,attack,shared_bottleneck,15.306868999971357,,100.0,0.0,,100.0,0.0,0,mixed,two_switch
39,Greedy,Greedy,,1,0.8740659952163696,0.8700000047683716,0.87,6,Isolate,12681,attack,shared_bottleneck,15.908867000007376,,100.0,0.0,,100.0,0.0,0,mixed,two_switch
40,Greedy,Greedy,,1,0.8425387740135193,0.8500000238418579,0.85,6,Isolate,12878,attack,shared_bottleneck,15.472796999972616,,100.0,0.0,,100.0,0.0,0,mixed,two_switch
41,Greedy,Greedy,,1,0.90160071849823,0.8999999761581421,0.9,6,Isolate,13299,attack,shared_bottleneck,14.73031899996613,,100.0,0.0,,100.0,0.0,0,mixed,two_switch
42,Greedy,Greedy,,1,0.9016007781028748,0.8999999761581421,0.9,6,Isolate,13300,attack,shared_bottleneck,16.150245000005725,,100.0,0.0,,100.0,0.0,0,mixed,two_switch
43,Greedy,Greedy,,0,0.8007186651229858,0.800000011920929,0.8,6,Isolate,13348,benign,shared_bottleneck,16.82396600000402,,100.0,0.0,,100.0,0.0,0,mixed,two_switch
44,Greedy,Greedy,,0,0.7630465626716614,0.7599999904632568,0.76,6,Isolate,13382,benign,shared_bottleneck,17.777034999994612,,100.0,0.0,,100.0,0.0,0,mixed,two_switch
45,Greedy,Greedy,,1,0.8798288702964783,0.8799999952316284,0.87,6,Isolate,13628,attack,shared_bottleneck,15.283548000013525,,100.0,0.0,,100.0,0.0,0,mixed,two_switch
46,Greedy,Greedy,,0,0.8233427405357361,0.8199999928474426,0.82,6,Isolate,13761,benign,shared_bottleneck,15.744174000019484,,100.0,0.0,,100.0,0.0,0,mixed,two_switch
47,Greedy,Greedy,,1,0.8986366391181946,0.8999999761581421,0.9,6,Isolate,13957,attack,shared_bottleneck,15.459755999984282,,100.0,0.0,,100.0,0.0,0,mixed,two_switch
48,Greedy,Greedy,,0,0.7998307943344116,0.800000011920929,0.79,6,Isolate,14449,benign,shared_bottleneck,15.441125999984706,,100.0,0.0,,100.0,0.0,0,mixed,two_switch
49,Greedy,Greedy,,0,0.8410383462905884,0.8399999737739563,0.84,6,Isolate,14557,benign,shared_bottleneck,15.124448000051416,,100.0,0.0,,100.0,0.0,0,mixed,two_switch
50,Greedy,Greedy,,0,0.8410382866859436,0.8399999737739563,0.84,6,Isolate,14558,benign,shared_bottleneck,15.584124999975302,,100.0,0.0,,100.0,0.0,0,mixed,two_switch
51,Greedy,Greedy,,1,0.9198984503746032,0.9200000166893004,0.92,6,Isolate,14853,attack,shared_bottleneck,15.525197999977536,,100.0,0.0,,100.0,0.0,0,mixed,two_switch
52,Greedy,Greedy,,1,0.8886391520500183,0.8899999856948853,0.89,6,Isolate,14870,attack,shared_bottleneck,14.932048000048326,,100.0,0.0,,100.0,0.0,0,mixed,two_switch
53,Greedy,Greedy,,1,0.8786901831626892,0.8799999952316284,0.88,6,Isolate,14880,attack,shared_bottleneck,15.000353999994331,,100.0,0.0,,100.0,0.0,0,mixed,two_switch
54,Greedy,Greedy,,0,0.7828757762908936,0.7799999713897705,0.78,6,Isolate,15438,benign,shared_bottleneck,15.384652999955506,,100.0,0.0,,100.0,0.0,0,mixed,two_switch
55,Greedy,Greedy,,1,0.8823724389076233,0.8799999952316284,0.89,6,Isolate,16062,attack,shared_bottleneck,14.928224999948725,,100.0,0.0,,100.0,0.0,0,mixed,two_switch
56,Greedy,Greedy,,1,0.8523920178413391,0.8500000238418579,0.85,6,Isolate,16156,attack,shared_bottleneck,15.768659999991996,,100.0,0.0,,100.0,0.0,0,mixed,two_switch
57,Greedy,Greedy,,1,0.8999413847923279,0.8999999761581421,0.9,6,Isolate,16958,attack,shared_bottleneck,14.632040999970286,,100.0,0.0,,100.0,0.0,0,mixed,two_switch
58,Greedy,Greedy,,0,0.8077142834663391,0.800000011920929,0.81,6,Isolate,17203,benign,shared_bottleneck,15.05124599998453,,100.0,0.0,,100.0,0.0,0,mixed,two_switch
59,Greedy,Greedy,,0,0.8294690847396851,0.8299999833106995,0.83,6,Isolate,17359,benign,shared_bottleneck,14.586183999995228,,100.0,0.0,,100.0,0.0,0,mixed,two_switch
60,Greedy,Greedy,,0,0.8367106914520264,0.8299999833106995,0.83,6,Isolate,17639,benign,shared_bottleneck,16.33121600002596,,100.0,0.0,,100.0,0.0,0,mixed,two_switch
61,Greedy,Greedy,,0,0.8378546833992004,0.8399999737739563,0.84,6,Isolate,17792,benign,shared_bottleneck,14.998739999953159,,100.0,0.0,,100.0,0.0,70,mixed,two_switch
62,Greedy,Greedy,,1,0.8575001358985901,0.8600000143051147,0.86,6,Isolate,17886,attack,shared_bottleneck,15.361828999971294,,100.0,0.0,,100.0,0.0,0,mixed,two_switch
63,Greedy,Greedy,,0,0.7899861931800842,0.7900000214576721,0.78,6,Isolate,18045,benign,shared_bottleneck,15.018865000001824,,100.0,0.0,,100.0,0.0,0,mixed,two_switch
64,Greedy,Greedy,,0,0.8586136102676392,0.8500000238418579,0.84,6,Isolate,18103,benign,shared_bottleneck,15.257059000020945,,100.0,0.0,,100.0,0.0,70,mixed,two_switch
65,Greedy,Greedy,,0,0.8233593702316284,0.8199999928474426,0.82,6,Isolate,18713,benign,shared_bottleneck,16.280395000023873,,100.0,0.0,,100.0,0.0,0,mixed,two_switch
66,Greedy,Greedy,,0,0.8056234121322632,0.800000011920929,0.8,6,Isolate,18882,benign,shared_bottleneck,15.759578999961832,,100.0,0.0,,100.0,0.0,0,mixed,two_switch
67,Greedy,Greedy,,0,0.8265945315361023,0.8299999833106995,0.82,6,Isolate,19001,benign,shared_bottleneck,16.65986599999769,,100.0,0.0,,100.0,0.0,0,mixed,two_switch
68,Greedy,Greedy,,1,0.8694993853569031,0.8700000047683716,0.88,6,Isolate,19305,attack,shared_bottleneck,16.19378800000959,,100.0,0.0,,100.0,0.0,0,mixed,two_switch
69,Greedy,Greedy,,1,0.8604289293289185,0.8600000143051147,0.87,6,Isolate,19337,attack,shared_bottleneck,15.95682200002102,,100.0,0.0,,100.0,0.0,0,mixed,two_switch
70,Greedy,Greedy,,0,0.8287397623062134,0.8299999833106995,0.83,6,Isolate,19448,benign,shared_bottleneck,15.68816400003925,,100.0,0.0,,100.0,0.0,0,mixed,two_switch
71,Greedy,Greedy,,0,0.7975900769233704,0.800000011920929,0.8,6,Isolate,19709,benign,shared_bottleneck,15.494964999959393,,100.0,0.0,,100.0,0.0,70,mixed,two_switch
72,Greedy,Greedy,,0,0.6926899552345276,0.6899999976158142,0.69,1,Inspect,19803,benign,shared_bottleneck,0.0016289999962282309,11.928,0.0,24.154780055098207,11.735,0.0,66.2489341727659,0,mixed,two_switch
73,Greedy,Greedy,,0,0.7526609301567078,0.75,0.75,6,Isolate,19816,benign,shared_bottleneck,15.25009400000954,,100.0,0.0,,100.0,0.0,0,mixed,two_switch
74,Greedy,Greedy,,0,0.7800804376602173,0.7799999713897705,0.78,6,Isolate,19847,benign,shared_bottleneck,15.207151000026897,,100.0,0.0,,100.0,0.0,0,mixed,two_switch
75,Greedy,Greedy,,1,0.910107433795929,0.9100000262260436,0.91,6,Isolate,20083,attack,shared_bottleneck,15.757740000026388,,100.0,0.0,,100.0,0.0,0,mixed,two_switch
76,Greedy,Greedy,,1,0.9488750696182252,0.949999988079071,0.95,6,Isolate,20134,attack,shared_bottleneck,15.72190700005649,,100.0,0.0,,100.0,0.0,0,mixed,two_switch
77,Greedy,Greedy,,1,0.8454464077949524,0.8500000238418579,0.85,6,Isolate,20212,attack,shared_bottleneck,15.194155000017417,,100.0,0.0,,100.0,0.0,0,mixed,two_switch
78,Greedy,Greedy,,1,0.8581823706626892,0.8600000143051147,0.86,6,Isolate,20257,attack,shared_bottleneck,14.486459000067953,,100.0,0.0,,100.0,0.0,0,mixed,two_switch
79,Greedy,Greedy,,0,0.8401124477386475,0.8399999737739563,0.84,6,Isolate,20753,benign,shared_bottleneck,15.08636000005481,,100.0,0.0,,100.0,0.0,0,mixed,two_switch
80,Greedy,Greedy,,0,0.8276398181915283,0.8299999833106995,0.83,6,Isolate,21426,benign,shared_bottleneck,15.97667700002603,,100.0,0.0,,100.0,0.0,0,mixed,two_switch
81,Greedy,Greedy,,0,0.8077338337898254,0.8100000023841858,0.81,6,Isolate,21444,benign,shared_bottleneck,16.58292500007974,,100.0,0.0,,100.0,0.0,0,mixed,two_switch
82,Greedy,Greedy,,1,0.8508247137069702,0.8500000238418579,0.85,6,Isolate,21705,attack,shared_bottleneck,14.82578000002377,,100.0,0.0,,100.0,0.0,0,mixed,two_switch
83,Greedy,Greedy,,1,0.886523425579071,0.8799999952316284,0.88,6,Isolate,22059,attack,shared_bottleneck,16.289479000079155,,100.0,0.0,,100.0,0.0,0,mixed,two_switch
84,Greedy,Greedy,,0,0.8100687265396118,0.8100000023841858,0.81,6,Isolate,22266,benign,shared_bottleneck,16.432425000061812,,100.0,0.0,,100.0,0.0,0,mixed,two_switch
85,Greedy,Greedy,,1,0.847369909286499,0.8500000238418579,0.85,6,Isolate,22361,attack,shared_bottleneck,14.991508999969483,,100.0,0.0,,100.0,0.0,0,mixed,two_switch
86,Greedy,Greedy,,1,0.8598287105560303,0.8600000143051147,0.86,6,Isolate,22536,attack,shared_bottleneck,14.87156899997899,,100.0,0.0,,100.0,0.0,0,mixed,two_switch
87,Greedy,Greedy,,1,0.8598287105560303,0.8600000143051147,0.86,6,Isolate,22548,attack,shared_bottleneck,15.260069000078147,,100.0,0.0,,100.0,0.0,0,mixed,two_switch
88,Greedy,Greedy,,1,0.880372166633606,0.8799999952316284,0.89,6,Isolate,22613,attack,shared_bottleneck,15.433968000024834,,100.0,0.0,,100.0,0.0,0,mixed,two_switch
89,Greedy,Greedy,,1,0.8707939386367798,0.8700000047683716,0.87,6,Isolate,22848,attack,shared_bottleneck,21.359128000085548,,100.0,0.0,,100.0,0.0,0,mixed,two_switch
90,Greedy,Greedy,,1,0.8508075475692749,0.8500000238418579,0.85,6,Isolate,22856,attack,shared_bottleneck,16.46128499999122,,100.0,0.0,,100.0,0.0,0,mixed,two_switch
91,Greedy,Greedy,,0,0.830065131187439,0.8299999833106995,0.82,6,Isolate,23186,benign,shared_bottleneck,16.687358000012864,,100.0,0.0,,100.0,0.0,0,mixed,two_switch
92,Greedy,Greedy,,0,0.7924128174781799,0.7900000214576721,0.78,6,Isolate,23283,benign,shared_bottleneck,15.51697599995805,,100.0,0.0,,100.0,0.0,0,mixed,two_switch
93,Greedy,Greedy,,0,0.7760483622550964,0.7799999713897705,0.78,6,Isolate,23456,benign,shared_bottleneck,17.298359000051278,,100.0,0.0,,100.0,0.0,0,mixed,two_switch
94,Greedy,Greedy,,0,0.7760480642318726,0.7799999713897705,0.78,6,Isolate,23465,benign,shared_bottleneck,15.706534999935684,,100.0,0.0,,100.0,0.0,0,mixed,two_switch
95,Greedy,Greedy,,1,0.8600333333015442,0.8600000143051147,0.86,6,Isolate,23536,attack,shared_bottleneck,15.280237999945712,,100.0,0.0,,100.0,0.0,0,mixed,two_switch
96,Greedy,Greedy,,1,0.8492719531059265,0.8500000238418579,0.85,6,Isolate,23727,attack,shared_bottleneck,14.958178000028965,,100.0,0.0,,100.0,0.0,0,mixed,two_switch
97,Greedy,Greedy,,0,0.8246086239814758,0.8199999928474426,0.82,6,Isolate,23846,benign,shared_bottleneck,15.003330000013193,,100.0,0.0,,100.0,0.0,0,mixed,two_switch
98,Greedy,Greedy,,0,0.8473970890045166,0.8399999737739563,0.84,6,Isolate,23889,benign,shared_bottleneck,15.52555199998551,,100.0,0.0,,100.0,0.0,0,mixed,two_switch
99,Greedy,Greedy,,1,0.8532842397689819,0.8500000238418579,0.85,6,Isolate,24271,attack,shared_bottleneck,16.185695999979544,,100.0,0.0,,100.0,0.0,0,mixed,two_switch
100,Greedy,Greedy,,0,0.8334739208221436,0.8299999833106995,0.83,6,Isolate,24798,benign,shared_bottleneck,15.462719999959518,,100.0,0.0,,100.0,0.0,0,mixed,two_switch
101,Greedy,Greedy,,0,0.8424508571624756,0.8399999737739563,0.84,6,Isolate,25175,benign,shared_bottleneck,16.622963000031632,,100.0,0.0,,100.0,0.0,0,mixed,two_switch
102,Greedy,Greedy,,0,0.8324522972106934,0.8299999833106995,0.83,6,Isolate,25181,benign,shared_bottleneck,15.712784999891483,,100.0,0.0,,100.0,0.0,0,mixed,two_switch
103,Greedy,Greedy,,0,0.8324527740478516,0.8299999833106995,0.83,6,Isolate,25182,benign,shared_bottleneck,16.254762000016854,,100.0,0.0,,100.0,0.0,0,mixed,two_switch
104,Greedy,Greedy,,1,0.848400354385376,0.8500000238418579,0.85,6,Isolate,25757,attack,shared_bottleneck,15.087447999917458,,100.0,0.0,,100.0,0.0,0,mixed,two_switch
105,Greedy,Greedy,,1,0.8757197856903076,0.8799999952316284,0.87,6,Isolate,25947,attack,shared_bottleneck,15.821366000068338,,100.0,0.0,,100.0,0.0,0,mixed,two_switch
106,Greedy,Greedy,,1,0.9076886177062988,0.9100000262260436,0.91,6,Isolate,26007,attack,shared_bottleneck,14.800422999996954,,100.0,0.0,,100.0,0.0,0,mixed,two_switch
107,Greedy,Greedy,,0,0.8287405371665955,0.8299999833106995,0.83,6,Isolate,26111,benign,shared_bottleneck,16.01040099990314,,100.0,0.0,,100.0,0.0,0,mixed,two_switch
108,Greedy,Greedy,,0,0.8200234174728394,0.8199999928474426,0.82,6,Isolate,26168,benign,shared_bottleneck,15.500912999982575,,100.0,0.0,,100.0,0.0,0,mixed,two_switch
109,Greedy,Greedy,,0,0.8145485520362854,0.8100000023841858,0.82,6,Isolate,26613,benign,shared_bottleneck,15.55136499996479,,100.0,0.0,,100.0,0.0,0,mixed,two_switch
110,Greedy,Greedy,,0,0.8191828727722168,0.8100000023841858,0.82,6,Isolate,27025,benign,shared_bottleneck,15.935758000068745,,100.0,0.0,,100.0,0.0,0,mixed,two_switch
111,Greedy,Greedy,,0,0.8191828727722168,0.8100000023841858,0.82,6,Isolate,27026,benign,shared_bottleneck,14.72310299993751,,100.0,0.0,,100.0,0.0,0,mixed,two_switch
112,Greedy,Greedy,,1,0.8483954071998596,0.8500000238418579,0.85,6,Isolate,28043,attack,shared_bottleneck,20.240457999989303,,100.0,0.0,,100.0,0.0,0,mixed,two_switch
113,Greedy,Greedy,,1,0.8561848402023315,0.8600000143051147,0.86,6,Isolate,28140,attack,shared_bottleneck,15.177867000033984,,100.0,0.0,,100.0,0.0,0,mixed,two_switch
114,Greedy,Greedy,,0,0.8438663482666016,0.8500000238418579,0.84,6,Isolate,28155,benign,shared_bottleneck,14.643749000015305,,100.0,0.0,,100.0,0.0,0,mixed,two_switch
115,Greedy,Greedy,,1,0.8501219153404236,0.8500000238418579,0.85,6,Isolate,29007,attack,shared_bottleneck,14.93984499995804,,100.0,0.0,,100.0,0.0,0,mixed,two_switch
116,Greedy,Greedy,,0,0.8129814267158508,0.8199999928474426,0.82,6,Isolate,29435,benign,shared_bottleneck,16.449792999992496,,100.0,0.0,,100.0,0.0,0,mixed,two_switch
117,Greedy,Greedy,,0,0.8129838705062866,0.8199999928474426,0.82,6,Isolate,29438,benign,shared_bottleneck,15.653770000085387,,100.0,0.0,,100.0,0.0,0,mixed,two_switch
118,Greedy,Greedy,,0,0.8164951801300049,0.8199999928474426,0.82,6,Isolate,29552,benign,shared_bottleneck,16.54510499997741,,100.0,0.0,,100.0,0.0,0,mixed,two_switch
0,RA-Threshold,RA-Threshold,,1,0.8656986355781555,0.8600000143051147,0.85,6,Isolate,271,attack,shared_bottleneck,17.543845999966834,,100.0,0.0,,100.0,0.0,750,mixed,two_switch
1,RA-Threshold,RA-Threshold,,0,0.8092101216316223,0.8100000023841858,0.8,0,Forward,323,benign,shared_bottleneck,0.0018970000610352145,11.928,0.0,30.345440895835925,11.918,0.0,59.82373931564825,280,mixed,two_switch
2,RA-Threshold,RA-Threshold,,1,0.8699979186058044,0.8700000047683716,0.86,6,Isolate,596,attack,shared_bottleneck,19.16951699990932,,100.0,0.0,,100.0,0.0,70,mixed,two_switch
3,RA-Threshold,RA-Threshold,,1,0.8955565094947815,0.8899999856948853,0.9,6,Isolate,662,attack,shared_bottleneck,15.561221999973895,,100.0,0.0,,100.0,0.0,140,mixed,two_switch
4,RA-Threshold,RA-Threshold,,0,0.7705909609794617,0.7699999809265137,0.77,0,Forward,1203,benign,shared_bottleneck,0.0012809999816454365,11.378,0.0,66.0209560154538,11.355,0.0,24.052666590205302,210,mixed,two_switch
5,RA-Threshold,RA-Threshold,,1,0.8352600336074829,0.8299999833106995,0.85,0,Forward,2496,attack,shared_bottleneck,0.0015530000609942363,11.329,0.0,30.37144716710454,11.431,0.0,60.7574177579946,0,mixed,two_switch
6,RA-Threshold,RA-Threshold,,1,0.8638322949409485,0.8600000143051147,0.86,6,Isolate,3048,attack,shared_bottleneck,14.865466999935961,,100.0,0.0,,100.0,0.0,0,mixed,two_switch
7,RA-Threshold,RA-Threshold,,1,0.86383455991745,0.8600000143051147,0.86,6,Isolate,3050,attack,shared_bottleneck,17.716902999950435,,100.0,0.0,,100.0,0.0,0,mixed,two_switch
8,RA-Threshold,RA-Threshold,,0,0.7998348474502563,0.800000011920929,0.8,0,Forward,3598,benign,shared_bottleneck,0.0012329999208304798,11.225,0.0,32.68153981921043,11.192,0.0,57.61074734262914,0,mixed,two_switch
9,RA-Threshold,RA-Threshold,,1,0.8622992634773254,0.8600000143051147,0.87,6,Isolate,3871,attack,shared_bottleneck,15.168480000056661,,100.0,0.0,,100.0,0.0,140,mixed,two_switch
10,RA-Threshold,RA-Threshold,,0,0.8182438611984253,0.8199999928474426,0.82,0,Forward,4169,benign,shared_bottleneck,0.0012929999684274662,11.305,0.0,29.183146806193836,11.389,0.0,60.5044540500544,70,mixed,two_switch
11,RA-Threshold,RA-Threshold,,1,0.8727920651435852,0.8799999952316284,0.88,5,Drop,4879,attack,shared_bottleneck,7.633315000020957,,100.0,0.0,,100.0,0.0,70,mixed,two_switch
12,RA-Threshold,RA-Threshold,,1,0.8727920651435852,0.8799999952316284,0.88,5,Drop,4880,attack,shared_bottleneck,7.746606999944561,,100.0,0.0,,100.0,0.0,0,mixed,two_switch
13,RA-Threshold,RA-Threshold,,1,0.8686891794204712,0.8700000047683716,0.87,5,Drop,4996,attack,shared_bottleneck,7.441501000016615,,100.0,0.0,,100.0,0.0,0,mixed,two_switch
14,RA-Threshold,RA-Threshold,,1,0.8686892986297607,0.8700000047683716,0.87,5,Drop,5001,attack,shared_bottleneck,7.348428999989665,,100.0,0.0,,100.0,0.0,0,mixed,two_switch
15,RA-Threshold,RA-Threshold,,1,0.8786917328834534,0.8799999952316284,0.88,5,Drop,5006,attack,shared_bottleneck,7.543204000057813,,100.0,0.0,,100.0,0.0,0,mixed,two_switch
16,RA-Threshold,RA-Threshold,,0,0.8206165432929993,0.8100000023841858,0.82,0,Forward,5672,benign,shared_bottleneck,0.0013000000080864993,11.717,0.0,60.444803122305856,11.439,0.0,29.167824532854883,0,mixed,two_switch
17,RA-Threshold,RA-Threshold,,1,0.8545636534690857,0.8500000238418579,0.85,5,Drop,6640,attack,shared_bottleneck,7.411803999957556,,100.0,0.0,,100.0,0.0,0,mixed,two_switch
18,RA-Threshold,RA-Threshold,,0,0.789990246295929,0.7900000214576721,0.79,0,Forward,7247,benign,shared_bottleneck,0.0012900000001536682,11.198,0.0,32.3663965951052,11.398,0.0,58.430751105190815,0,mixed,two_switch
19,RA-Threshold,RA-Threshold,,0,0.8111498951911926,0.8100000023841858,0.81,0,Forward,7257,benign,shared_bottleneck,0.001269999984288006,11.274,0.0,67.782874620445,11.217,0.0,22.648173330960326,0,mixed,two_switch
20,RA-Threshold,RA-Threshold,,0,0.8311519026756287,0.8299999833106995,0.83,0,Forward,7262,benign,shared_bottleneck,0.0017050000451490632,11.145,0.0,22.71485810145711,11.163,0.0,67.83212918810807,0,mixed,two_switch
21,RA-Threshold,RA-Threshold,,0,0.7872647643089294,0.7799999713897705,0.78,0,Forward,7509,benign,shared_bottleneck,0.0015409999605253688,11.226,0.0,29.1701827090174,11.145,0.0,60.45054254706751,0,mixed,two_switch
22,RA-Threshold,RA-Threshold,,1,0.8778383731842041,0.8799999952316284,0.88,5,Drop,7713,attack,shared_bottleneck,7.456838000052812,,100.0,0.0,,100.0,0.0,210,mixed,two_switch
23,RA-Threshold,RA-Threshold,,1,0.8668792843818665,0.8700000047683716,0.87,5,Drop,8112,attack,shared_bottleneck,8.241700999974455,,100.0,0.0,,100.0,0.0,0,mixed,two_switch
24,RA-Threshold,RA-Threshold,,1,0.8844065070152283,0.8899999856948853,0.89,5,Drop,8140,attack,shared_bottleneck,7.712259999948401,,100.0,0.0,,100.0,0.0,70,mixed,two_switch
25,RA-Threshold,RA-Threshold,,1,0.8844060301780701,0.8899999856948853,0.89,5,Drop,8142,attack,shared_bottleneck,7.913762000043789,,100.0,0.0,,100.0,0.0,0,mixed,two_switch
26,RA-Threshold,RA-Threshold,,0,0.8399470448493958,0.8399999737739563,0.84,0,Forward,8745,benign,shared_bottleneck,0.0017559999605509802,11.744,0.0,60.712735619151644,11.397,0.0,30.455274593570422,0,mixed,two_switch
27,RA-Threshold,RA-Threshold,,0,0.8219642043113708,0.8199999928474426,0.82,0,Forward,8836,benign,shared_bottleneck,0.0016079999340945506,11.29,0.0,60.47007500330747,11.248,0.0,29.1456054145469,0,mixed,two_switch
28,RA-Threshold,RA-Threshold,,0,0.8388247489929199,0.8299999833106995,0.84,0,Forward,9547,benign,shared_bottleneck,0.0013670000953425188,11.321,0.0,59.903691547042804,11.278,0.0,30.367333866548098,0,mixed,two_switch
29,RA-Threshold,RA-Threshold,,1,0.8561859130859375,0.8600000143051147,0.86,5,Drop,10043,attack,shared_bottleneck,8.039106000069296,,100.0,0.0,,100.0,0.0,0,mixed,two_switch
30,RA-Threshold,RA-Threshold,,1,0.892324686050415,0.8899999856948853,0.89,5,Drop,10279,attack,shared_bottleneck,7.776367000019491,,100.0,0.0,,100.0,0.0,0,mixed,two_switch
31,RA-Threshold,RA-Threshold,,1,0.8923255801200867,0.8899999856948853,0.89,5,Drop,10280,attack,shared_bottleneck,8.42688599993835,,100.0,0.0,,100.0,0.0,0,mixed,two_switch
32,RA-Threshold,RA-Threshold,,0,0.8032602667808533,0.800000011920929,0.8,0,Forward,10658,benign,shared_bottleneck,0.001497000084782485,11.637,0.0,29.8024578861559,11.421,0.0,60.51410773239186,0,mixed,two_switch
33,RA-Threshold,RA-Threshold,,1,0.8678531646728516,0.8600000143051147,0.87,5,Drop,10853,attack,shared_bottleneck,8.007453000004716,,100.0,0.0,,100.0,0.0,0,mixed,two_switch
34,RA-Threshold,RA-Threshold,,0,0.8378587365150452,0.8299999833106995,0.84,0,Forward,11791,benign,shared_bottleneck,0.0018550000504546915,11.368,0.0,32.699244000338574,11.252,0.0,57.418565995608716,0,mixed,two_switch
35,RA-Threshold,RA-Threshold,,1,0.8499701023101807,0.8500000238418579,0.85,5,Drop,11906,attack,shared_bottleneck,7.547900999952617,,100.0,0.0,,100.0,0.0,0,mixed,two_switch
36,RA-Threshold,RA-Threshold,,0,0.8349297046661377,0.8399999737739563,0.84,0,Forward,11955,benign,shared_bottleneck,0.0012100000503778574,11.812,0.0,57.43870582986187,11.334,0.0,31.805845562493626,0,mixed,two_switch
37,RA-Threshold,RA-Threshold,,1,0.8590880036354065,0.8600000143051147,0.86,5,Drop,12438,attack,shared_bottleneck,8.149585000069237,,100.0,0.0,,100.0,0.0,0,mixed,two_switch
38,RA-Threshold,RA-Threshold,,1,0.8899794220924377,0.8899999856948853,0.89,5,Drop,12666,attack,shared_bottleneck,8.29346299997269,,100.0,0.0,,100.0,0.0,0,mixed,two_switch
39,RA-Threshold,RA-Threshold,,1,0.8740659952163696,0.8700000047683716,0.87,5,Drop,12681,attack,shared_bottleneck,9.3411450000076,,100.0,0.0,,100.0,0.0,0,mixed,two_switch
40,RA-Threshold,RA-Threshold,,1,0.8425387740135193,0.8500000238418579,0.85,5,Drop,12878,attack,shared_bottleneck,8.185885000102644,,100.0,0.0,,100.0,0.0,0,mixed,two_switch
41,RA-Threshold,RA-Threshold,,1,0.90160071849823,0.8999999761581421,0.9,5,Drop,13299,attack,shared_bottleneck,8.002998000051775,,100.0,0.0,,100.0,0.0,70,mixed,two_switch
42,RA-Threshold,RA-Threshold,,1,0.9016007781028748,0.8999999761581421,0.9,5,Drop,13300,attack,shared_bottleneck,7.424098999990747,,100.0,0.0,,100.0,0.0,70,mixed,two_switch
43,RA-Threshold,RA-Threshold,,0,0.8007186651229858,0.800000011920929,0.8,0,Forward,13348,benign,shared_bottleneck,0.0016710000636521727,11.365,0.0,31.56329000130981,11.59,0.0,57.71688404394848,70,mixed,two_switch
44,RA-Threshold,RA-Threshold,,0,0.7630465626716614,0.7599999904632568,0.76,0,Forward,13382,benign,shared_bottleneck,0.0015529999473073985,11.154,0.0,29.136367978020797,11.265,0.0,60.43875740723317,70,mixed,two_switch
45,RA-Threshold,RA-Threshold,,1,0.8798288702964783,0.8799999952316284,0.87,5,Drop,13628,attack,shared_bottleneck,7.6431009999851085,,100.0,0.0,,100.0,0.0,0,mixed,two_switch
46,RA-Threshold,RA-Threshold,,0,0.8233427405357361,0.8199999928474426,0.82,0,Forward,13761,benign,shared_bottleneck,0.0013139999737177277,11.345,0.0,34.0195036823403,11.194,0.0,56.71550165440956,0,mixed,two_switch
47,RA-Threshold,RA-Threshold,,1,0.8986366391181946,0.8999999761581421,0.9,5,Drop,13957,attack,shared_bottleneck,8.086065000043163,,100.0,0.0,,100.0,0.0,0,mixed,two_switch
48,RA-Threshold,RA-Threshold,,0,0.7998307943344116,0.800000011920929,0.79,0,Forward,14449,benign,shared_bottleneck,0.0013559999842982506,11.26,0.0,57.516149837081684,11.3,0.0,31.79239837251158,0,mixed,two_switch
49,RA-Threshold,RA-Threshold,,0,0.8410383462905884,0.8399999737739563,0.84,0,Forward,14557,benign,shared_bottleneck,0.0014570000530511606,11.235,0.0,57.43231231188785,11.186,0.0,32.69971015887357,0,mixed,two_switch
50,RA-Threshold,RA-Threshold,,0,0.8410382866859436,0.8399999737739563,0.84,0,Forward,14558,benign,shared_bottleneck,0.0016559999949095072,11.251,0.0,67.75395591118507,11.169,0.0,22.637748867654867,0,mixed,two_switch
51,RA-Threshold,RA-Threshold,,1,0.9198984503746032,0.9200000166893004,0.92,5,Drop,14853,attack,shared_bottleneck,7.371859000045333,,100.0,0.0,,100.0,0.0,70,mixed,two_switch
52,RA-Threshold,RA-Threshold,,1,0.8886391520500183,0.8899999856948853,0.89,5,Drop,14870,attack,shared_bottleneck,8.234585999957744,,100.0,0.0,,100.0,0.0,0,mixed,two_switch
53,RA-Threshold,RA-Threshold,,1,0.8786901831626892,0.8799999952316284,0.88,5,Drop,14880,attack,shared_bottleneck,7.632399000044643,,100.0,0.0,,100.0,0.0,0,mixed,two_switch
54,RA-Threshold,RA-Threshold,,0,0.7828757762908936,0.7799999713897705,0.78,0,Forward,15438,benign,shared_bottleneck,0.0013840000292475452,11.587,0.0,24.05902338126745,12.012,0.0,66.04873772699,0,mixed,two_switch
55,RA-Threshold,RA-Threshold,,1,0.8823724389076233,0.8799999952316284,0.89,5,Drop,16062,attack,shared_bottleneck,8.408476999989034,,100.0,0.0,,100.0,0.0,0,mixed,two_switch
56,RA-Threshold,RA-Threshold,,1,0.8523920178413391,0.8500000238418579,0.85,5,Drop,16156,attack,shared_bottleneck,8.826011999985894,,100.0,0.0,,100.0,0.0,0,mixed,two_switch
57,RA-Threshold,RA-Threshold,,1,0.8999413847923279,0.8999999761581421,0.9,5,Drop,16958,attack,shared_bottleneck,7.602388999998766,,100.0,0.0,,100.0,0.0,0,mixed,two_switch
58,RA-Threshold,RA-Threshold,,0,0.8077142834663391,0.800000011920929,0.81,0,Forward,17203,benign,shared_bottleneck,0.0012709999737126054,11.317,0.0,59.86866026969698,11.332,0.0,30.343400539773626,0,mixed,two_switch
59,RA-Threshold,RA-Threshold,,0,0.8294690847396851,0.8299999833106995,0.83,0,Forward,17359,benign,shared_bottleneck,0.0013750000107393134,11.193,0.0,59.8987141937226,11.222,0.0,30.359446690669298,0,mixed,two_switch
60,RA-Threshold,RA-Threshold,,0,0.8367106914520264,0.8299999833106995,0.83,0,Forward,17639,benign,shared_bottleneck,0.0016440000081274775,11.135,0.0,29.17152678644394,11.188,0.0,60.46417805018898,0,mixed,two_switch
61,RA-Threshold,RA-Threshold,,0,0.8378546833992004,0.8399999737739563,0.84,0,Forward,17792,benign,shared_bottleneck,0.0013289999287735554,11.212,0.0,57.51945753882307,11.224,0.0,31.792826792775415,0,mixed,two_switch
62,RA-Threshold,RA-Threshold,,1,0.8575001358985901,0.8600000143051147,0.86,5,Drop,17886,attack,shared_bottleneck,8.464317000061783,,100.0,0.0,,100.0,0.0,0,mixed,two_switch
63,RA-Threshold,RA-Threshold,,0,0.7899861931800842,0.7900000214576721,0.78,0,Forward,18045,benign,shared_bottleneck,0.0012839999499192345,11.207,0.0,59.7325010637848,11.372,0.0,30.859397329330875,0,mixed,two_switch
64,RA-Threshold,RA-Threshold,,0,0.8586136102676392,0.8500000238418579,0.84,5,Drop,18103,benign,shared_bottleneck,7.7277120000189825,,100.0,0.0,,100.0,0.0,0,mixed,two_switch
65,RA-Threshold,RA-Threshold,,0,0.8233593702316284,0.8199999928474426,0.82,0,Forward,18713,benign,shared_bottleneck,0.0015370000028269715,11.194,0.0,65.98045165349927,11.324,0.0,24.04376047239026,0,mixed,two_switch
66,RA-Threshold,RA-Threshold,,0,0.8056234121322632,0.800000011920929,0.8,0,Forward,18882,benign,shared_bottleneck,0.001635999979043845,11.306,0.0,60.48536115705985,11.321,0.0,29.16701320556595,0,mixed,two_switch
67,RA-Threshold,RA-Threshold,,0,0.8265945315361023,0.8299999833106995,0.82,0,Forward,19001,benign,shared_bottleneck,0.0013889999763705418,11.281,0.0,47.107831841101046,11.242,0.0,43.91332092667771,0,mixed,two_switch
68,RA-Threshold,RA-Threshold,,1,0.8694993853569031,0.8700000047683716,0.88,5,Drop,19305,attack,shared_bottleneck,7.728545999952985,,100.0,0.0,,100.0,0.0,0,mixed,two_switch
69,RA-Threshold,RA-Threshold,,1,0.8604289293289185,0.8600000143051147,0.87,5,Drop,19337,attack,shared_bottleneck,8.068761999993512,,100.0,0.0,,100.0,0.0,0,mixed,two_switch
70,RA-Threshold,RA-Threshold,,0,0.8287397623062134,0.8299999833106995,0.83,0,Forward,19448,benign,shared_bottleneck,0.0011539999604792683,11.601,0.0,68.21799515186083,11.694,0.0,22.819299048905712,0,mixed,two_switch
71,RA-Threshold,RA-Threshold,,0,0.7975900769233704,0.800000011920929,0.8,0,Forward,19709,benign,shared_bottleneck,0.0014099999816608033,11.27,0.0,30.38897351205063,11.383,0.0,59.954705212227275,0,mixed,two_switch
72,RA-Threshold,RA-Threshold,,0,0.6926899552345276,0.6899999976158142,0.69,0,Forward,19803,benign,shared_bottleneck,0.0013730000318901148,11.284,0.0,49.099224124069465,11.285,0.0,40.786374668944,0,mixed,two_switch
73,RA-Threshold,RA-Threshold,,0,0.7526609301567078,0.75,0.75,0,Forward,19816,benign,shared_bottleneck,0.0017060000345736626,11.433,0.0,67.76757222864569,11.489,0.0,22.393587448255733,0,mixed,two_switch
74,RA-Threshold,RA-Threshold,,0,0.7800804376602173,0.7799999713897705,0.78,0,Forward,19847,benign,shared_bottleneck,0.0012560000186567777,11.256,0.0,57.45845353243962,11.276,0.0,31.82107443346054,0,mixed,two_switch
75,RA-Threshold,RA-Threshold,,1,0.910107433795929,0.9100000262260436,0.91,5,Drop,20083,attack,shared_bottleneck,9.43404199995257,,100.0,0.0,,100.0,0.0,0,mixed,two_switch
76,RA-Threshold,RA-Threshold,,1,0.9488750696182252,0.949999988079071,0.95,5,Drop,20134,attack,shared_bottleneck,7.612891999997373,,100.0,0.0,,100.0,0.0,0,mixed,two_switch
77,RA-Threshold,RA-Threshold,,1,0.8454464077949524,0.8500000238418579,0.85,5,Drop,20212,attack,shared_bottleneck,7.438242000034734,,100.0,0.0,,100.0,0.0,0,mixed,two_switch
78,RA-Threshold,RA-Threshold,,1,0.8581823706626892,0.8600000143051147,0.86,5,Drop,20257,attack,shared_bottleneck,9.322685999904934,,100.0,0.0,,100.0,0.0,0,mixed,two_switch
79,RA-Threshold,RA-Threshold,,0,0.8401124477386475,0.8399999737739563,0.84,0,Forward,20753,benign,shared_bottleneck,0.001730000008137722,11.367,0.0,60.48643866073875,11.543,0.0,29.174113850091814,0,mixed,two_switch
80,RA-Threshold,RA-Threshold,,0,0.8276398181915283,0.8299999833106995,0.83,0,Forward,21426,benign,shared_bottleneck,0.0021020000531279948,11.208,0.0,29.636596130276633,11.191,0.0,60.593660031843015,0,mixed,two_switch
81,RA-Threshold,RA-Threshold,,0,0.8077338337898254,0.8100000023841858,0.81,0,Forward,21444,benign,shared_bottleneck,0.001685000029283401,11.378,0.0,21.403386837922174,11.273,0.0,69.3277610215982,0,mixed,two_switch
82,RA-Threshold,RA-Threshold,,1,0.8508247137069702,0.8500000238418579,0.85,5,Drop,21705,attack,shared_bottleneck,7.8708689999302806,,100.0,0.0,,100.0,0.0,0,mixed,two_switch
83,RA-Threshold,RA-Threshold,,1,0.886523425579071,0.8799999952316284,0.88,5,Drop,22059,attack,shared_bottleneck,7.906455000011192,,100.0,0.0,,100.0,0.0,0,mixed,two_switch
84,RA-Threshold,RA-Threshold,,0,0.8100687265396118,0.8100000023841858,0.81,0,Forward,22266,benign,shared_bottleneck,0.0015589999975418323,11.484,0.0,34.5092910250948,11.832,0.0,56.29175228971054,0,mixed,two_switch
85,RA-Threshold,RA-Threshold,,1,0.847369909286499,0.8500000238418579,0.85,5,Drop,22361,attack,shared_bottleneck,7.765594000034071,,100.0,0.0,,100.0,0.0,0,mixed,two_switch
86,RA-Threshold,RA-Threshold,,1,0.8598287105560303,0.8600000143051147,0.86,5,Drop,22536,attack,shared_bottleneck,7.60091500001181,,100.0,0.0,,100.0,0.0,0,mixed,two_switch
87,RA-Threshold,RA-Threshold,,1,0.8598287105560303,0.8600000143051147,0.86,5,Drop,22548,attack,shared_bottleneck,8.456209000087256,,100.0,0.0,,100.0,0.0,140,mixed,two_switch
88,RA-Threshold,RA-Threshold,,1,0.880372166633606,0.8799999952316284,0.89,5,Drop,22613,attack,shared_bottleneck,7.67263099999127,,100.0,0.0,,100.0,0.0,0,mixed,two_switch
89,RA-Threshold,RA-Threshold,,1,0.8707939386367798,0.8700000047683716,0.87,5,Drop,22848,attack,shared_bottleneck,7.8666069999826504,,100.0,0.0,,100.0,0.0,0,mixed,two_switch
90,RA-Threshold,RA-Threshold,,1,0.8508075475692749,0.8500000238418579,0.85,5,Drop,22856,attack,shared_bottleneck,7.8459989999828395,,100.0,0.0,,100.0,0.0,0,mixed,two_switch
91,RA-Threshold,RA-Threshold,,0,0.830065131187439,0.8299999833106995,0.82,0,Forward,23186,benign,shared_bottleneck,0.0015819999816812924,11.766,0.0,60.453053888154095,11.402,0.0,29.15692609282756,0,mixed,two_switch
92,RA-Threshold,RA-Threshold,,0,0.7924128174781799,0.7900000214576721,0.78,0,Forward,23283,benign,shared_bottleneck,0.0013950000266049756,11.33,0.0,44.77235431003195,11.236,0.0,45.451354285002175,0,mixed,two_switch
93,RA-Threshold,RA-Threshold,,0,0.7760483622550964,0.7799999713897705,0.78,0,Forward,23456,benign,shared_bottleneck,0.0016279999499602127,11.191,0.0,38.86562295921069,11.195,0.0,50.837979753204856,0,mixed,two_switch
94,RA-Threshold,RA-Threshold,,0,0.7760480642318726,0.7799999713897705,0.78,0,Forward,23465,benign,shared_bottleneck,0.0013730000318901148,11.128,0.0,24.4943309676677,11.128,0.0,66.20745785381497,0,mixed,two_switch
95,RA-Threshold,RA-Threshold,,1,0.8600333333015442,0.8600000143051147,0.86,5,Drop,23536,attack,shared_bottleneck,7.853003000036551,,100.0,0.0,,100.0,0.0,70,mixed,two_switch
96,RA-Threshold,RA-Threshold,,1,0.8492719531059265,0.8500000238418579,0.85,5,Drop,23727,attack,shared_bottleneck,7.731871999908435,,100.0,0.0,,100.0,0.0,0,mixed,two_switch
97,RA-Threshold,RA-Threshold,,0,0.8246086239814758,0.8199999928474426,0.82,0,Forward,23846,benign,shared_bottleneck,0.0018239999235447613,11.436,0.0,31.812519804483397,11.397,0.0,57.41379943762276,0,mixed,two_switch
98,RA-Threshold,RA-Threshold,,0,0.8473970890045166,0.8399999737739563,0.84,0,Forward,23889,benign,shared_bottleneck,0.0016520000372111099,11.282,0.0,34.520713418187796,11.201,0.0,56.31415347583743,0,mixed,two_switch
99,RA-Threshold,RA-Threshold,,1,0.8532842397689819,0.8500000238418579,0.85,5,Drop,24271,attack,shared_bottleneck,7.859709000058501,,100.0,0.0,,100.0,0.0,0,mixed,two_switch
100,RA-Threshold,RA-Threshold,,0,0.8334739208221436,0.8299999833106995,0.83,0,Forward,24798,benign,shared_bottleneck,0.0012430000424501486,11.336,0.0,67.7068509072125,11.212,0.0,22.632901731329266,0,mixed,two_switch
101,RA-Threshold,RA-Threshold,,0,0.8424508571624756,0.8399999737739563,0.84,0,Forward,25175,benign,shared_bottleneck,0.001690999965830997,11.118,0.0,68.17369715431474,11.245,0.0,21.639648474582426,0,mixed,two_switch
102,RA-Threshold,RA-Threshold,,0,0.8324522972106934,0.8299999833106995,0.83,0,Forward,25181,benign,shared_bottleneck,0.0013549999948736513,11.248,0.0,32.31930986685735,11.189,0.0,58.361888068641626,70,mixed,two_switch
103,RA-Threshold,RA-Threshold,,0,0.8324527740478516,0.8299999833106995,0.83,0,Forward,25182,benign,shared_bottleneck,0.001361000045108085,11.171,0.0,68.0746966050717,11.235,0.0,22.343214632732728,0,mixed,two_switch
104,RA-Threshold,RA-Threshold,,1,0.848400354385376,0.8500000238418579,0.85,5,Drop,25757,attack,shared_bottleneck,7.521857000028831,,100.0,0.0,,100.0,0.0,0,mixed,two_switch
105,RA-Threshold,RA-Threshold,,1,0.8757197856903076,0.8799999952316284,0.87,5,Drop,25947,attack,shared_bottleneck,7.676887999991777,,100.0,0.0,,100.0,0.0,0,mixed,two_switch
106,RA-Threshold,RA-Threshold,,1,0.9076886177062988,0.9100000262260436,0.91,5,Drop,26007,attack,shared_bottleneck,8.285000999990189,,100.0,0.0,,100.0,0.0,0,mixed,two_switch
107,RA-Threshold,RA-Threshold,,0,0.8287405371665955,0.8299999833106995,0.83,0,Forward,26111,benign,shared_bottleneck,0.001343999997516221,11.728,0.0,34.153696351305946,11.753,0.0,57.20927018228772,0,mixed,two_switch
108,RA-Threshold,RA-Threshold,,0,0.8200234174728394,0.8199999928474426,0.82,0,Forward,26168,benign,shared_bottleneck,0.001351000037175254,11.335,0.0,67.81878734988061,11.236,0.0,22.54870818455914,70,mixed,two_switch
109,RA-Threshold,RA-Threshold,,0,0.8145485520362854,0.8100000023841858,0.82,0,Forward,26613,benign,shared_bottleneck,0.0015489999896090012,11.327,0.0,31.80860605386494,11.418,0.0,57.435255183039686,0,mixed,two_switch
110,RA-Threshold,RA-Threshold,,0,0.8191828727722168,0.8100000023841858,0.82,0,Forward,27025,benign,shared_bottleneck,0.002710999979171902,11.23,0.0,33.504302319556466,11.279,0.0,57.30637869816422,0,mixed,two_switch
111,RA-Threshold,RA-Threshold,,0,0.8191828727722168,0.8100000023841858,0.82,0,Forward,27026,benign,shared_bottleneck,0.0013549999948736513,11.367,0.0,33.537173951566544,11.313,0.0,57.2708733721347,0,mixed,two_switch
112,RA-Threshold,RA-Threshold,,1,0.8483954071998596,0.8500000238418579,0.85,5,Drop,28043,attack,shared_bottleneck,7.531184000072244,,100.0,0.0,,100.0,0.0,0,mixed,two_switch
113,RA-Threshold,RA-Threshold,,1,0.8561848402023315,0.8600000143051147,0.86,5,Drop,28140,attack,shared_bottleneck,7.32043599998633,,100.0,0.0,,100.0,0.0,0,mixed,two_switch
114,RA-Threshold,RA-Threshold,,0,0.8438663482666016,0.8500000238418579,0.84,5,Drop,28155,benign,shared_bottleneck,7.7500689999396855,,100.0,0.0,,100.0,0.0,0,mixed,two_switch
115,RA-Threshold,RA-Threshold,,1,0.8501219153404236,0.8500000238418579,0.85,5,Drop,29007,attack,shared_bottleneck,8.37789399997746,,100.0,0.0,,100.0,0.0,0,mixed,two_switch
116,RA-Threshold,RA-Threshold,,0,0.8129814267158508,0.8199999928474426,0.82,0,Forward,29435,benign,shared_bottleneck,0.001403000055688608,12.034,0.0,32.34756825791917,11.633,0.0,58.41370089768893,0,mixed,two_switch
117,RA-Threshold,RA-Threshold,,0,0.8129838705062866,0.8199999928474426,0.82,0,Forward,29438,benign,shared_bottleneck,0.0013239999816505588,11.217,0.0,32.68858425200918,11.287,0.0,57.40193718710543,0,mixed,two_switch
118,RA-Threshold,RA-Threshold,,0,0.8164951801300049,0.8199999928474426,0.82,0,Forward,29552,benign,shared_bottleneck,0.0015800000028320937,11.189,0.0,29.167241386803898,11.197,0.0,60.46058916353566,0,mixed,two_switch
0,DQN-TFC (seed=42),DQN-TFC,42.0,1,0.8656986355781555,0.8600000143051147,0.85,6,Isolate,271,attack,shared_bottleneck,16.125193999982912,,100.0,0.0,,100.0,0.0,750,mixed,two_switch
1,DQN-TFC (seed=42),DQN-TFC,42.0,0,0.8092101216316223,0.8100000023841858,0.8,6,Isolate,323,benign,shared_bottleneck,16.061730999922474,,100.0,0.0,,100.0,0.0,210,mixed,two_switch
2,DQN-TFC (seed=42),DQN-TFC,42.0,1,0.8699979186058044,0.8700000047683716,0.86,6,Isolate,596,attack,shared_bottleneck,16.800720999981422,,100.0,0.0,,100.0,0.0,0,mixed,two_switch
3,DQN-TFC (seed=42),DQN-TFC,42.0,1,0.8955565094947815,0.8899999856948853,0.9,6,Isolate,662,attack,shared_bottleneck,15.36828799999057,,100.0,0.0,,100.0,0.0,210,mixed,two_switch
4,DQN-TFC (seed=42),DQN-TFC,42.0,0,0.7705909609794617,0.7699999809265137,0.77,6,Isolate,1203,benign,shared_bottleneck,16.07302399997934,,100.0,0.0,,100.0,0.0,0,mixed,two_switch
5,DQN-TFC (seed=42),DQN-TFC,42.0,1,0.8352600336074829,0.8299999833106995,0.85,6,Isolate,2496,attack,shared_bottleneck,16.04570299991792,,100.0,0.0,,100.0,0.0,0,mixed,two_switch
6,DQN-TFC (seed=42),DQN-TFC,42.0,1,0.8638322949409485,0.8600000143051147,0.86,6,Isolate,3048,attack,shared_bottleneck,15.790820000006534,,100.0,0.0,,100.0,0.0,0,mixed,two_switch
7,DQN-TFC (seed=42),DQN-TFC,42.0,1,0.86383455991745,0.8600000143051147,0.86,6,Isolate,3050,attack,shared_bottleneck,16.1799229999815,,100.0,0.0,,100.0,0.0,70,mixed,two_switch
8,DQN-TFC (seed=42),DQN-TFC,42.0,0,0.7998348474502563,0.800000011920929,0.8,6,Isolate,3598,benign,shared_bottleneck,15.858521999916775,,100.0,0.0,,100.0,0.0,70,mixed,two_switch
9,DQN-TFC (seed=42),DQN-TFC,42.0,1,0.8622992634773254,0.8600000143051147,0.87,6,Isolate,3871,attack,shared_bottleneck,16.160954000042693,,100.0,0.0,,100.0,0.0,70,mixed,two_switch
10,DQN-TFC (seed=42),DQN-TFC,42.0,0,0.8182438611984253,0.8199999928474426,0.82,6,Isolate,4169,benign,shared_bottleneck,17.498662999969383,,100.0,0.0,,100.0,0.0,0,mixed,two_switch
11,DQN-TFC (seed=42),DQN-TFC,42.0,1,0.8727920651435852,0.8799999952316284,0.88,6,Isolate,4879,attack,shared_bottleneck,15.917626999907952,,100.0,0.0,,100.0,0.0,0,mixed,two_switch
12,DQN-TFC (seed=42),DQN-TFC,42.0,1,0.8727920651435852,0.8799999952316284,0.88,6,Isolate,4880,attack,shared_bottleneck,14.875206999931834,,100.0,0.0,,100.0,0.0,0,mixed,two_switch
13,DQN-TFC (seed=42),DQN-TFC,42.0,1,0.8686891794204712,0.8700000047683716,0.87,6,Isolate,4996,attack,shared_bottleneck,15.791552999871783,,100.0,0.0,,100.0,0.0,0,mixed,two_switch
14,DQN-TFC (seed=42),DQN-TFC,42.0,1,0.8686892986297607,0.8700000047683716,0.87,6,Isolate,5001,attack,shared_bottleneck,16.292346999989604,,100.0,0.0,,100.0,0.0,0,mixed,two_switch
15,DQN-TFC (seed=42),DQN-TFC,42.0,1,0.8786917328834534,0.8799999952316284,0.88,6,Isolate,5006,attack,shared_bottleneck,16.10041599997203,,100.0,0.0,,100.0,0.0,0,mixed,two_switch
16,DQN-TFC (seed=42),DQN-TFC,42.0,0,0.8206165432929993,0.8100000023841858,0.82,6,Isolate,5672,benign,shared_bottleneck,15.85450800007493,,100.0,0.0,,100.0,0.0,0,mixed,two_switch
17,DQN-TFC (seed=42),DQN-TFC,42.0,1,0.8545636534690857,0.8500000238418579,0.85,6,Isolate,6640,attack,shared_bottleneck,15.511445000129243,,100.0,0.0,,100.0,0.0,140,mixed,two_switch
18,DQN-TFC (seed=42),DQN-TFC,42.0,0,0.789990246295929,0.7900000214576721,0.79,6,Isolate,7247,benign,shared_bottleneck,16.12696200004393,,100.0,0.0,,100.0,0.0,0,mixed,two_switch
19,DQN-TFC (seed=42),DQN-TFC,42.0,0,0.8111498951911926,0.8100000023841858,0.81,6,Isolate,7257,benign,shared_bottleneck,16.14554599996154,,100.0,0.0,,100.0,0.0,0,mixed,two_switch
20,DQN-TFC (seed=42),DQN-TFC,42.0,0,0.8311519026756287,0.8299999833106995,0.83,6,Isolate,7262,benign,shared_bottleneck,18.864712999857147,,100.0,0.0,,100.0,0.0,0,mixed,two_switch
21,DQN-TFC (seed=42),DQN-TFC,42.0,0,0.7872647643089294,0.7799999713897705,0.78,6,Isolate,7509,benign,shared_bottleneck,14.62897100009286,,100.0,0.0,,100.0,0.0,0,mixed,two_switch
22,DQN-TFC (seed=42),DQN-TFC,42.0,1,0.8778383731842041,0.8799999952316284,0.88,6,Isolate,7713,attack,shared_bottleneck,16.716870999971434,,100.0,0.0,,100.0,0.0,0,mixed,two_switch
23,DQN-TFC (seed=42),DQN-TFC,42.0,1,0.8668792843818665,0.8700000047683716,0.87,6,Isolate,8112,attack,shared_bottleneck,15.279594000048746,,100.0,0.0,,100.0,0.0,0,mixed,two_switch
24,DQN-TFC (seed=42),DQN-TFC,42.0,1,0.8844065070152283,0.8899999856948853,0.89,6,Isolate,8140,attack,shared_bottleneck,15.631002000191074,,100.0,0.0,,100.0,0.0,0,mixed,two_switch
25,DQN-TFC (seed=42),DQN-TFC,42.0,1,0.8844060301780701,0.8899999856948853,0.89,6,Isolate,8142,attack,shared_bottleneck,15.538519000074302,,100.0,0.0,,100.0,0.0,0,mixed,two_switch
26,DQN-TFC (seed=42),DQN-TFC,42.0,0,0.8399470448493958,0.8399999737739563,0.84,6,Isolate,8745,benign,shared_bottleneck,15.39021500002491,,100.0,0.0,,100.0,0.0,0,mixed,two_switch
27,DQN-TFC (seed=42),DQN-TFC,42.0,0,0.8219642043113708,0.8199999928474426,0.82,6,Isolate,8836,benign,shared_bottleneck,15.462461999959487,,100.0,0.0,,100.0,0.0,0,mixed,two_switch
28,DQN-TFC (seed=42),DQN-TFC,42.0,0,0.8388247489929199,0.8299999833106995,0.84,6,Isolate,9547,benign,shared_bottleneck,14.677131000098598,,100.0,0.0,,100.0,0.0,0,mixed,two_switch
29,DQN-TFC (seed=42),DQN-TFC,42.0,1,0.8561859130859375,0.8600000143051147,0.86,6,Isolate,10043,attack,shared_bottleneck,16.13943699999254,,100.0,0.0,,100.0,0.0,0,mixed,two_switch
30,DQN-TFC (seed=42),DQN-TFC,42.0,1,0.892324686050415,0.8899999856948853,0.89,6,Isolate,10279,attack,shared_bottleneck,16.479599999911443,,100.0,0.0,,100.0,0.0,0,mixed,two_switch
31,DQN-TFC (seed=42),DQN-TFC,42.0,1,0.8923255801200867,0.8899999856948853,0.89,6,Isolate,10280,attack,shared_bottleneck,15.681794999863996,,100.0,0.0,,100.0,0.0,0,mixed,two_switch
32,DQN-TFC (seed=42),DQN-TFC,42.0,0,0.8032602667808533,0.800000011920929,0.8,6,Isolate,10658,benign,shared_bottleneck,16.97477900006561,,100.0,0.0,,100.0,0.0,0,mixed,two_switch
33,DQN-TFC (seed=42),DQN-TFC,42.0,1,0.8678531646728516,0.8600000143051147,0.87,6,Isolate,10853,attack,shared_bottleneck,15.785212999844589,,100.0,0.0,,100.0,0.0,0,mixed,two_switch
34,DQN-TFC (seed=42),DQN-TFC,42.0,0,0.8378587365150452,0.8299999833106995,0.84,6,Isolate,11791,benign,shared_bottleneck,16.779487999883713,,100.0,0.0,,100.0,0.0,70,mixed,two_switch
35,DQN-TFC (seed=42),DQN-TFC,42.0,1,0.8499701023101807,0.8500000238418579,0.85,6,Isolate,11906,attack,shared_bottleneck,15.110937999907037,,100.0,0.0,,100.0,0.0,70,mixed,two_switch
36,DQN-TFC (seed=42),DQN-TFC,42.0,0,0.8349297046661377,0.8399999737739563,0.84,6,Isolate,11955,benign,shared_bottleneck,15.06633300004978,,100.0,0.0,,100.0,0.0,0,mixed,two_switch
37,DQN-TFC (seed=42),DQN-TFC,42.0,1,0.8590880036354065,0.8600000143051147,0.86,6,Isolate,12438,attack,shared_bottleneck,16.697797000006176,,100.0,0.0,,100.0,0.0,0,mixed,two_switch
38,DQN-TFC (seed=42),DQN-TFC,42.0,1,0.8899794220924377,0.8899999856948853,0.89,6,Isolate,12666,attack,shared_bottleneck,16.581478000034622,,100.0,0.0,,100.0,0.0,0,mixed,two_switch
39,DQN-TFC (seed=42),DQN-TFC,42.0,1,0.8740659952163696,0.8700000047683716,0.87,6,Isolate,12681,attack,shared_bottleneck,15.280443999927229,,100.0,0.0,,100.0,0.0,70,mixed,two_switch
40,DQN-TFC (seed=42),DQN-TFC,42.0,1,0.8425387740135193,0.8500000238418579,0.85,6,Isolate,12878,attack,shared_bottleneck,14.653480999868407,,100.0,0.0,,100.0,0.0,0,mixed,two_switch
41,DQN-TFC (seed=42),DQN-TFC,42.0,1,0.90160071849823,0.8999999761581421,0.9,6,Isolate,13299,attack,shared_bottleneck,16.66455000008682,,100.0,0.0,,100.0,0.0,0,mixed,two_switch
42,DQN-TFC (seed=42),DQN-TFC,42.0,1,0.9016007781028748,0.8999999761581421,0.9,6,Isolate,13300,attack,shared_bottleneck,17.550790000086636,,100.0,0.0,,100.0,0.0,0,mixed,two_switch
43,DQN-TFC (seed=42),DQN-TFC,42.0,0,0.8007186651229858,0.800000011920929,0.8,6,Isolate,13348,benign,shared_bottleneck,17.109978000007686,,100.0,0.0,,100.0,0.0,0,mixed,two_switch
44,DQN-TFC (seed=42),DQN-TFC,42.0,0,0.7630465626716614,0.7599999904632568,0.76,5,Drop,13382,benign,shared_bottleneck,7.403452999824367,,100.0,0.0,,100.0,0.0,0,mixed,two_switch
45,DQN-TFC (seed=42),DQN-TFC,42.0,1,0.8798288702964783,0.8799999952316284,0.87,6,Isolate,13628,attack,shared_bottleneck,14.438905999895724,,100.0,0.0,,100.0,0.0,0,mixed,two_switch
46,DQN-TFC (seed=42),DQN-TFC,42.0,0,0.8233427405357361,0.8199999928474426,0.82,6,Isolate,13761,benign,shared_bottleneck,15.99028299983729,,100.0,0.0,,100.0,0.0,0,mixed,two_switch
47,DQN-TFC (seed=42),DQN-TFC,42.0,1,0.8986366391181946,0.8999999761581421,0.9,6,Isolate,13957,attack,shared_bottleneck,16.784003999873676,,100.0,0.0,,100.0,0.0,0,mixed,two_switch
48,DQN-TFC (seed=42),DQN-TFC,42.0,0,0.7998307943344116,0.800000011920929,0.79,6,Isolate,14449,benign,shared_bottleneck,15.715129999989585,,100.0,0.0,,100.0,0.0,0,mixed,two_switch
49,DQN-TFC (seed=42),DQN-TFC,42.0,0,0.8410383462905884,0.8399999737739563,0.84,6,Isolate,14557,benign,shared_bottleneck,18.247834000021612,,100.0,0.0,,100.0,0.0,0,mixed,two_switch
50,DQN-TFC (seed=42),DQN-TFC,42.0,0,0.8410382866859436,0.8399999737739563,0.84,6,Isolate,14558,benign,shared_bottleneck,17.38335800018831,,100.0,0.0,,100.0,0.0,0,mixed,two_switch
51,DQN-TFC (seed=42),DQN-TFC,42.0,1,0.9198984503746032,0.9200000166893004,0.92,6,Isolate,14853,attack,shared_bottleneck,16.960154000116745,,100.0,0.0,,100.0,0.0,0,mixed,two_switch
52,DQN-TFC (seed=42),DQN-TFC,42.0,1,0.8886391520500183,0.8899999856948853,0.89,6,Isolate,14870,attack,shared_bottleneck,16.40558899998723,,100.0,0.0,,100.0,0.0,0,mixed,two_switch
53,DQN-TFC (seed=42),DQN-TFC,42.0,1,0.8786901831626892,0.8799999952316284,0.88,6,Isolate,14880,attack,shared_bottleneck,15.66682799989394,,100.0,0.0,,100.0,0.0,0,mixed,two_switch
54,DQN-TFC (seed=42),DQN-TFC,42.0,0,0.7828757762908936,0.7799999713897705,0.78,6,Isolate,15438,benign,shared_bottleneck,15.19161900000654,,100.0,0.0,,100.0,0.0,0,mixed,two_switch
55,DQN-TFC (seed=42),DQN-TFC,42.0,1,0.8823724389076233,0.8799999952316284,0.89,6,Isolate,16062,attack,shared_bottleneck,14.826306000031764,,100.0,0.0,,100.0,0.0,0,mixed,two_switch
56,DQN-TFC (seed=42),DQN-TFC,42.0,1,0.8523920178413391,0.8500000238418579,0.85,6,Isolate,16156,attack,shared_bottleneck,16.108423000105176,,100.0,0.0,,100.0,0.0,0,mixed,two_switch
57,DQN-TFC (seed=42),DQN-TFC,42.0,1,0.8999413847923279,0.8999999761581421,0.9,6,Isolate,16958,attack,shared_bottleneck,15.753234999920096,,100.0,0.0,,100.0,0.0,0,mixed,two_switch
58,DQN-TFC (seed=42),DQN-TFC,42.0,0,0.8077142834663391,0.800000011920929,0.81,6,Isolate,17203,benign,shared_bottleneck,14.670228000113639,,100.0,0.0,,100.0,0.0,0,mixed,two_switch
59,DQN-TFC (seed=42),DQN-TFC,42.0,0,0.8294690847396851,0.8299999833106995,0.83,6,Isolate,17359,benign,shared_bottleneck,15.224068999941665,,100.0,0.0,,100.0,0.0,0,mixed,two_switch
60,DQN-TFC (seed=42),DQN-TFC,42.0,0,0.8367106914520264,0.8299999833106995,0.83,6,Isolate,17639,benign,shared_bottleneck,15.96438600017791,,100.0,0.0,,100.0,0.0,0,mixed,two_switch
61,DQN-TFC (seed=42),DQN-TFC,42.0,0,0.8378546833992004,0.8399999737739563,0.84,6,Isolate,17792,benign,shared_bottleneck,15.197939000017868,,100.0,0.0,,100.0,0.0,0,mixed,two_switch
62,DQN-TFC (seed=42),DQN-TFC,42.0,1,0.8575001358985901,0.8600000143051147,0.86,6,Isolate,17886,attack,shared_bottleneck,14.67936400013059,,100.0,0.0,,100.0,0.0,0,mixed,two_switch
63,DQN-TFC (seed=42),DQN-TFC,42.0,0,0.7899861931800842,0.7900000214576721,0.78,6,Isolate,18045,benign,shared_bottleneck,15.31621700019059,,100.0,0.0,,100.0,0.0,0,mixed,two_switch
64,DQN-TFC (seed=42),DQN-TFC,42.0,0,0.8586136102676392,0.8500000238418579,0.84,6,Isolate,18103,benign,shared_bottleneck,14.684908999925028,,100.0,0.0,,100.0,0.0,0,mixed,two_switch
65,DQN-TFC (seed=42),DQN-TFC,42.0,0,0.8233593702316284,0.8199999928474426,0.82,6,Isolate,18713,benign,shared_bottleneck,15.661838999903921,,100.0,0.0,,100.0,0.0,0,mixed,two_switch
66,DQN-TFC (seed=42),DQN-TFC,42.0,0,0.8056234121322632,0.800000011920929,0.8,6,Isolate,18882,benign,shared_bottleneck,15.014129999826764,,100.0,0.0,,100.0,0.0,0,mixed,two_switch
67,DQN-TFC (seed=42),DQN-TFC,42.0,0,0.8265945315361023,0.8299999833106995,0.82,6,Isolate,19001,benign,shared_bottleneck,14.705955999943399,,100.0,0.0,,100.0,0.0,0,mixed,two_switch
68,DQN-TFC (seed=42),DQN-TFC,42.0,1,0.8694993853569031,0.8700000047683716,0.88,6,Isolate,19305,attack,shared_bottleneck,15.594718999864199,,100.0,0.0,,100.0,0.0,0,mixed,two_switch
69,DQN-TFC (seed=42),DQN-TFC,42.0,1,0.8604289293289185,0.8600000143051147,0.87,6,Isolate,19337,attack,shared_bottleneck,15.202614999907382,,100.0,0.0,,100.0,0.0,0,mixed,two_switch
70,DQN-TFC (seed=42),DQN-TFC,42.0,0,0.8287397623062134,0.8299999833106995,0.83,6,Isolate,19448,benign,shared_bottleneck,15.271024999947258,,100.0,0.0,,100.0,0.0,0,mixed,two_switch
71,DQN-TFC (seed=42),DQN-TFC,42.0,0,0.7975900769233704,0.800000011920929,0.8,6,Isolate,19709,benign,shared_bottleneck,16.24146600011045,,100.0,0.0,,100.0,0.0,0,mixed,two_switch
72,DQN-TFC (seed=42),DQN-TFC,42.0,0,0.6926899552345276,0.6899999976158142,0.69,5,Drop,19803,benign,shared_bottleneck,7.6648419999401085,,100.0,0.0,,100.0,0.0,0,mixed,two_switch
73,DQN-TFC (seed=42),DQN-TFC,42.0,0,0.7526609301567078,0.75,0.75,6,Isolate,19816,benign,shared_bottleneck,16.18627200014089,,100.0,0.0,,100.0,0.0,0,mixed,two_switch
74,DQN-TFC (seed=42),DQN-TFC,42.0,0,0.7800804376602173,0.7799999713897705,0.78,6,Isolate,19847,benign,shared_bottleneck,14.871484000195778,,100.0,0.0,,100.0,0.0,70,mixed,two_switch
75,DQN-TFC (seed=42),DQN-TFC,42.0,1,0.910107433795929,0.9100000262260436,0.91,6,Isolate,20083,attack,shared_bottleneck,15.095108999958029,,100.0,0.0,,100.0,0.0,0,mixed,two_switch
76,DQN-TFC (seed=42),DQN-TFC,42.0,1,0.9488750696182252,0.949999988079071,0.95,6,Isolate,20134,attack,shared_bottleneck,17.159242000161612,,100.0,0.0,,100.0,0.0,0,mixed,two_switch
77,DQN-TFC (seed=42),DQN-TFC,42.0,1,0.8454464077949524,0.8500000238418579,0.85,6,Isolate,20212,attack,shared_bottleneck,15.586821000169948,,100.0,0.0,,100.0,0.0,0,mixed,two_switch
78,DQN-TFC (seed=42),DQN-TFC,42.0,1,0.8581823706626892,0.8600000143051147,0.86,6,Isolate,20257,attack,shared_bottleneck,14.906800000062503,,100.0,0.0,,100.0,0.0,0,mixed,two_switch
79,DQN-TFC (seed=42),DQN-TFC,42.0,0,0.8401124477386475,0.8399999737739563,0.84,6,Isolate,20753,benign,shared_bottleneck,15.317503000005672,,100.0,0.0,,100.0,0.0,70,mixed,two_switch
80,DQN-TFC (seed=42),DQN-TFC,42.0,0,0.8276398181915283,0.8299999833106995,0.83,6,Isolate,21426,benign,shared_bottleneck,15.458004000038272,,100.0,0.0,,100.0,0.0,0,mixed,two_switch
81,DQN-TFC (seed=42),DQN-TFC,42.0,0,0.8077338337898254,0.8100000023841858,0.81,6,Isolate,21444,benign,shared_bottleneck,15.123184000003675,,100.0,0.0,,100.0,0.0,0,mixed,two_switch
82,DQN-TFC (seed=42),DQN-TFC,42.0,1,0.8508247137069702,0.8500000238418579,0.85,6,Isolate,21705,attack,shared_bottleneck,15.860528000075647,,100.0,0.0,,100.0,0.0,0,mixed,two_switch
83,DQN-TFC (seed=42),DQN-TFC,42.0,1,0.886523425579071,0.8799999952316284,0.88,6,Isolate,22059,attack,shared_bottleneck,15.222444000073665,,100.0,0.0,,100.0,0.0,0,mixed,two_switch
84,DQN-TFC (seed=42),DQN-TFC,42.0,0,0.8100687265396118,0.8100000023841858,0.81,6,Isolate,22266,benign,shared_bottleneck,15.293837999934112,,100.0,0.0,,100.0,0.0,0,mixed,two_switch
85,DQN-TFC (seed=42),DQN-TFC,42.0,1,0.847369909286499,0.8500000238418579,0.85,6,Isolate,22361,attack,shared_bottleneck,15.837052000051699,,100.0,0.0,,100.0,0.0,0,mixed,two_switch
86,DQN-TFC (seed=42),DQN-TFC,42.0,1,0.8598287105560303,0.8600000143051147,0.86,6,Isolate,22536,attack,shared_bottleneck,15.187607999905595,,100.0,0.0,,100.0,0.0,0,mixed,two_switch
87,DQN-TFC (seed=42),DQN-TFC,42.0,1,0.8598287105560303,0.8600000143051147,0.86,6,Isolate,22548,attack,shared_bottleneck,14.967459999979837,,100.0,0.0,,100.0,0.0,0,mixed,two_switch
88,DQN-TFC (seed=42),DQN-TFC,42.0,1,0.880372166633606,0.8799999952316284,0.89,6,Isolate,22613,attack,shared_bottleneck,15.529333000131373,,100.0,0.0,,100.0,0.0,0,mixed,two_switch
89,DQN-TFC (seed=42),DQN-TFC,42.0,1,0.8707939386367798,0.8700000047683716,0.87,6,Isolate,22848,attack,shared_bottleneck,14.867966000110755,,100.0,0.0,,100.0,0.0,0,mixed,two_switch
90,DQN-TFC (seed=42),DQN-TFC,42.0,1,0.8508075475692749,0.8500000238418579,0.85,6,Isolate,22856,attack,shared_bottleneck,16.882875999954194,,100.0,0.0,,100.0,0.0,0,mixed,two_switch
91,DQN-TFC (seed=42),DQN-TFC,42.0,0,0.830065131187439,0.8299999833106995,0.82,6,Isolate,23186,benign,shared_bottleneck,16.26843799999733,,100.0,0.0,,100.0,0.0,0,mixed,two_switch
92,DQN-TFC (seed=42),DQN-TFC,42.0,0,0.7924128174781799,0.7900000214576721,0.78,6,Isolate,23283,benign,shared_bottleneck,15.402911999899516,,100.0,0.0,,100.0,0.0,0,mixed,two_switch
93,DQN-TFC (seed=42),DQN-TFC,42.0,0,0.7760483622550964,0.7799999713897705,0.78,6,Isolate,23456,benign,shared_bottleneck,14.781449000111024,,100.0,0.0,,100.0,0.0,0,mixed,two_switch
94,DQN-TFC (seed=42),DQN-TFC,42.0,0,0.7760480642318726,0.7799999713897705,0.78,6,Isolate,23465,benign,shared_bottleneck,15.164166999966255,,100.0,0.0,,100.0,0.0,0,mixed,two_switch
95,DQN-TFC (seed=42),DQN-TFC,42.0,1,0.8600333333015442,0.8600000143051147,0.86,6,Isolate,23536,attack,shared_bottleneck,16.141134000008606,,100.0,0.0,,100.0,0.0,0,mixed,two_switch
96,DQN-TFC (seed=42),DQN-TFC,42.0,1,0.8492719531059265,0.8500000238418579,0.85,6,Isolate,23727,attack,shared_bottleneck,16.78067100010594,,100.0,0.0,,100.0,0.0,0,mixed,two_switch
97,DQN-TFC (seed=42),DQN-TFC,42.0,0,0.8246086239814758,0.8199999928474426,0.82,6,Isolate,23846,benign,shared_bottleneck,16.046691000155988,,100.0,0.0,,100.0,0.0,0,mixed,two_switch
98,DQN-TFC (seed=42),DQN-TFC,42.0,0,0.8473970890045166,0.8399999737739563,0.84,6,Isolate,23889,benign,shared_bottleneck,14.737153999931252,,100.0,0.0,,100.0,0.0,0,mixed,two_switch
99,DQN-TFC (seed=42),DQN-TFC,42.0,1,0.8532842397689819,0.8500000238418579,0.85,6,Isolate,24271,attack,shared_bottleneck,16.498939000030077,,100.0,0.0,,100.0,0.0,0,mixed,two_switch
100,DQN-TFC (seed=42),DQN-TFC,42.0,0,0.8334739208221436,0.8299999833106995,0.83,6,Isolate,24798,benign,shared_bottleneck,15.1749409999411,,100.0,0.0,,100.0,0.0,0,mixed,two_switch
101,DQN-TFC (seed=42),DQN-TFC,42.0,0,0.8424508571624756,0.8399999737739563,0.84,6,Isolate,25175,benign,shared_bottleneck,15.677006000032634,,100.0,0.0,,100.0,0.0,0,mixed,two_switch
102,DQN-TFC (seed=42),DQN-TFC,42.0,0,0.8324522972106934,0.8299999833106995,0.83,6,Isolate,25181,benign,shared_bottleneck,16.30871199995454,,100.0,0.0,,100.0,0.0,0,mixed,two_switch
103,DQN-TFC (seed=42),DQN-TFC,42.0,0,0.8324527740478516,0.8299999833106995,0.83,6,Isolate,25182,benign,shared_bottleneck,15.13969999996334,,100.0,0.0,,100.0,0.0,0,mixed,two_switch
104,DQN-TFC (seed=42),DQN-TFC,42.0,1,0.848400354385376,0.8500000238418579,0.85,6,Isolate,25757,attack,shared_bottleneck,15.373824999869612,,100.0,0.0,,100.0,0.0,0,mixed,two_switch
105,DQN-TFC (seed=42),DQN-TFC,42.0,1,0.8757197856903076,0.8799999952316284,0.87,6,Isolate,25947,attack,shared_bottleneck,16.667996000023777,,100.0,0.0,,100.0,0.0,0,mixed,two_switch
106,DQN-TFC (seed=42),DQN-TFC,42.0,1,0.9076886177062988,0.9100000262260436,0.91,6,Isolate,26007,attack,shared_bottleneck,15.972559000147157,,100.0,0.0,,100.0,0.0,0,mixed,two_switch
107,DQN-TFC (seed=42),DQN-TFC,42.0,0,0.8287405371665955,0.8299999833106995,0.83,6,Isolate,26111,benign,shared_bottleneck,15.20721799988678,,100.0,0.0,,100.0,0.0,0,mixed,two_switch
108,DQN-TFC (seed=42),DQN-TFC,42.0,0,0.8200234174728394,0.8199999928474426,0.82,6,Isolate,26168,benign,shared_bottleneck,15.076055000008637,,100.0,0.0,,100.0,0.0,0,mixed,two_switch
109,DQN-TFC (seed=42),DQN-TFC,42.0,0,0.8145485520362854,0.8100000023841858,0.82,6,Isolate,26613,benign,shared_bottleneck,15.899945000001026,,100.0,0.0,,100.0,0.0,0,mixed,two_switch
110,DQN-TFC (seed=42),DQN-TFC,42.0,0,0.8191828727722168,0.8100000023841858,0.82,6,Isolate,27025,benign,shared_bottleneck,15.477324999892517,,100.0,0.0,,100.0,0.0,0,mixed,two_switch
111,DQN-TFC (seed=42),DQN-TFC,42.0,0,0.8191828727722168,0.8100000023841858,0.82,6,Isolate,27026,benign,shared_bottleneck,15.00947499994254,,100.0,0.0,,100.0,0.0,0,mixed,two_switch
112,DQN-TFC (seed=42),DQN-TFC,42.0,1,0.8483954071998596,0.8500000238418579,0.85,6,Isolate,28043,attack,shared_bottleneck,14.910515999872587,,100.0,0.0,,100.0,0.0,0,mixed,two_switch
113,DQN-TFC (seed=42),DQN-TFC,42.0,1,0.8561848402023315,0.8600000143051147,0.86,6,Isolate,28140,attack,shared_bottleneck,15.207207000003109,,100.0,0.0,,100.0,0.0,0,mixed,two_switch
114,DQN-TFC (seed=42),DQN-TFC,42.0,0,0.8438663482666016,0.8500000238418579,0.84,6,Isolate,28155,benign,shared_bottleneck,16.29345700007434,,100.0,0.0,,100.0,0.0,0,mixed,two_switch
115,DQN-TFC (seed=42),DQN-TFC,42.0,1,0.8501219153404236,0.8500000238418579,0.85,6,Isolate,29007,attack,shared_bottleneck,15.68431500004408,,100.0,0.0,,100.0,0.0,0,mixed,two_switch
116,DQN-TFC (seed=42),DQN-TFC,42.0,0,0.8129814267158508,0.8199999928474426,0.82,6,Isolate,29435,benign,shared_bottleneck,15.344611000045916,,100.0,0.0,,100.0,0.0,0,mixed,two_switch
117,DQN-TFC (seed=42),DQN-TFC,42.0,0,0.8129838705062866,0.8199999928474426,0.82,6,Isolate,29438,benign,shared_bottleneck,14.469149000206016,,100.0,0.0,,100.0,0.0,0,mixed,two_switch
118,DQN-TFC (seed=42),DQN-TFC,42.0,0,0.8164951801300049,0.8199999928474426,0.82,6,Isolate,29552,benign,shared_bottleneck,15.511392000007618,,100.0,0.0,,100.0,0.0,0,mixed,two_switch
0,DQN-TFC (seed=2024),DQN-TFC,2024.0,1,0.8656986355781555,0.8600000143051147,0.85,5,Drop,271,attack,shared_bottleneck,8.007064999901559,,100.0,0.0,,100.0,0.0,1360,mixed,two_switch
1,DQN-TFC (seed=2024),DQN-TFC,2024.0,0,0.8092101216316223,0.8100000023841858,0.8,5,Drop,323,benign,shared_bottleneck,8.246503999998822,,100.0,0.0,,100.0,0.0,350,mixed,two_switch
2,DQN-TFC (seed=2024),DQN-TFC,2024.0,1,0.8699979186058044,0.8700000047683716,0.86,5,Drop,596,attack,shared_bottleneck,7.761912999967535,,100.0,0.0,,100.0,0.0,0,mixed,two_switch
3,DQN-TFC (seed=2024),DQN-TFC,2024.0,1,0.8955565094947815,0.8899999856948853,0.9,5,Drop,662,attack,shared_bottleneck,7.53893500018421,,100.0,0.0,,100.0,0.0,350,mixed,two_switch
4,DQN-TFC (seed=2024),DQN-TFC,2024.0,0,0.7705909609794617,0.7699999809265137,0.77,0,Forward,1203,benign,shared_bottleneck,0.001314999963142327,11.673,0.0,30.380246644260986,11.871,0.0,59.939231060373125,0,mixed,two_switch
5,DQN-TFC (seed=2024),DQN-TFC,2024.0,1,0.8352600336074829,0.8299999833106995,0.85,0,Forward,2496,attack,shared_bottleneck,0.0014719998944201507,11.244,0.0,59.88503073600266,11.321,0.0,30.346732402230828,0,mixed,two_switch
6,DQN-TFC (seed=2024),DQN-TFC,2024.0,1,0.8638322949409485,0.8600000143051147,0.86,5,Drop,3048,attack,shared_bottleneck,7.609961000071053,,100.0,0.0,,100.0,0.0,0,mixed,two_switch
7,DQN-TFC (seed=2024),DQN-TFC,2024.0,1,0.86383455991745,0.8600000143051147,0.86,5,Drop,3050,attack,shared_bottleneck,7.694674000049417,,100.0,0.0,,100.0,0.0,0,mixed,two_switch
8,DQN-TFC (seed=2024),DQN-TFC,2024.0,0,0.7998348474502563,0.800000011920929,0.8,0,Forward,3598,benign,shared_bottleneck,0.001742999984344351,11.554,0.0,60.3031065599197,11.352,0.0,30.400530727900478,0,mixed,two_switch
9,DQN-TFC (seed=2024),DQN-TFC,2024.0,1,0.8622992634773254,0.8600000143051147,0.87,5,Drop,3871,attack,shared_bottleneck,7.59841600006439,,100.0,0.0,,100.0,0.0,140,mixed,two_switch
10,DQN-TFC (seed=2024),DQN-TFC,2024.0,0,0.8182438611984253,0.8199999928474426,0.82,0,Forward,4169,benign,shared_bottleneck,0.001699000222288305,11.546,0.0,57.362224456728434,11.186,0.0,32.609332462570215,210,mixed,two_switch
11,DQN-TFC (seed=2024),DQN-TFC,2024.0,1,0.8727920651435852,0.8799999952316284,0.88,5,Drop,4879,attack,shared_bottleneck,7.532413000035376,,100.0,0.0,,100.0,0.0,0,mixed,two_switch
12,DQN-TFC (seed=2024),DQN-TFC,2024.0,1,0.8727920651435852,0.8799999952316284,0.88,0,Forward,4880,attack,shared_bottleneck,0.0012749999314110028,11.257,0.0,59.683460235901656,11.189,0.0,30.83313571598452,0,mixed,two_switch
13,DQN-TFC (seed=2024),DQN-TFC,2024.0,1,0.8686891794204712,0.8700000047683716,0.87,5,Drop,4996,attack,shared_bottleneck,7.476729000018167,,100.0,0.0,,100.0,0.0,0,mixed,two_switch
14,DQN-TFC (seed=2024),DQN-TFC,2024.0,1,0.8686892986297607,0.8700000047683716,0.87,5,Drop,5001,attack,shared_bottleneck,7.363972999883117,,100.0,0.0,,100.0,0.0,0,mixed,two_switch
15,DQN-TFC (seed=2024),DQN-TFC,2024.0,1,0.8786917328834534,0.8799999952316284,0.88,5,Drop,5006,attack,shared_bottleneck,7.3639040001580724,,100.0,0.0,,100.0,0.0,0,mixed,two_switch
16,DQN-TFC (seed=2024),DQN-TFC,2024.0,0,0.8206165432929993,0.8100000023841858,0.82,0,Forward,5672,benign,shared_bottleneck,0.0017029999526130268,11.42,0.0,59.892960159931455,11.45,0.0,30.355595100747998,0,mixed,two_switch
17,DQN-TFC (seed=2024),DQN-TFC,2024.0,1,0.8545636534690857,0.8500000238418579,0.85,0,Forward,6640,attack,shared_bottleneck,0.0014400000054592965,11.211,0.0,30.461363634421772,11.179,0.0,59.892441832791725,0,mixed,two_switch
18,DQN-TFC (seed=2024),DQN-TFC,2024.0,0,0.789990246295929,0.7900000214576721,0.79,0,Forward,7247,benign,shared_bottleneck,0.0015559999155811965,11.295,0.0,68.05302987197724,11.191,0.0,22.291097228164254,0,mixed,two_switch
19,DQN-TFC (seed=2024),DQN-TFC,2024.0,0,0.8111498951911926,0.8100000023841858,0.81,0,Forward,7257,benign,shared_bottleneck,0.0013940000371803762,11.287,0.0,44.74389603185397,11.263,0.0,45.2865049194488,0,mixed,two_switch
20,DQN-TFC (seed=2024),DQN-TFC,2024.0,0,0.8311519026756287,0.8299999833106995,0.83,0,Forward,7262,benign,shared_bottleneck,0.0013679998573934427,11.342,0.0,67.9959031574646,11.223,0.0,22.764981680782753,0,mixed,two_switch
21,DQN-TFC (seed=2024),DQN-TFC,2024.0,0,0.7872647643089294,0.7799999713897705,0.78,0,Forward,7509,benign,shared_bottleneck,0.0015730001905467361,11.548,0.0,57.27515578238305,11.701,0.0,33.42791107080932,0,mixed,two_switch
22,DQN-TFC (seed=2024),DQN-TFC,2024.0,1,0.8778383731842041,0.8799999952316284,0.88,5,Drop,7713,attack,shared_bottleneck,8.517117000110375,,100.0,0.0,,100.0,0.0,140,mixed,two_switch
23,DQN-TFC (seed=2024),DQN-TFC,2024.0,1,0.8668792843818665,0.8700000047683716,0.87,0,Forward,8112,attack,shared_bottleneck,0.0015339999208663357,11.34,0.0,24.061906506217422,11.543,0.0,66.0348728283202,0,mixed,two_switch
24,DQN-TFC (seed=2024),DQN-TFC,2024.0,1,0.8844065070152283,0.8899999856948853,0.89,5,Drop,8140,attack,shared_bottleneck,8.9298619998317,,100.0,0.0,,100.0,0.0,70,mixed,two_switch
25,DQN-TFC (seed=2024),DQN-TFC,2024.0,1,0.8844060301780701,0.8899999856948853,0.89,5,Drop,8142,attack,shared_bottleneck,8.527811000021757,,100.0,0.0,,100.0,0.0,140,mixed,two_switch
26,DQN-TFC (seed=2024),DQN-TFC,2024.0,0,0.8399470448493958,0.8399999737739563,0.84,0,Forward,8745,benign,shared_bottleneck,0.0013349999790079892,11.355,0.0,65.9895060061202,11.416,0.0,24.05037815043957,0,mixed,two_switch
27,DQN-TFC (seed=2024),DQN-TFC,2024.0,0,0.8219642043113708,0.8199999928474426,0.82,0,Forward,8836,benign,shared_bottleneck,0.001505999989603879,11.194,0.0,44.9382611581823,11.219,0.0,45.411862998347985,0,mixed,two_switch
28,DQN-TFC (seed=2024),DQN-TFC,2024.0,0,0.8388247489929199,0.8299999833106995,0.84,0,Forward,9547,benign,shared_bottleneck,0.0014260001535149058,11.236,0.0,30.39438824313748,11.241,0.0,59.743948645389196,0,mixed,two_switch
29,DQN-TFC (seed=2024),DQN-TFC,2024.0,1,0.8561859130859375,0.8600000143051147,0.86,5,Drop,10043,attack,shared_bottleneck,7.600965999927212,,100.0,0.0,,100.0,0.0,0,mixed,two_switch
30,DQN-TFC (seed=2024),DQN-TFC,2024.0,1,0.892324686050415,0.8899999856948853,0.89,6,Isolate,10279,attack,shared_bottleneck,14.635005999934947,,100.0,0.0,,100.0,0.0,0,mixed,two_switch
31,DQN-TFC (seed=2024),DQN-TFC,2024.0,1,0.8923255801200867,0.8899999856948853,0.89,6,Isolate,10280,attack,shared_bottleneck,15.769097999964288,,100.0,0.0,,100.0,0.0,0,mixed,two_switch
32,DQN-TFC (seed=2024),DQN-TFC,2024.0,0,0.8032602667808533,0.800000011920929,0.8,0,Forward,10658,benign,shared_bottleneck,0.001503000021330081,11.583,0.0,29.13844272772745,11.471,0.0,60.4848993815206,0,mixed,two_switch
33,DQN-TFC (seed=2024),DQN-TFC,2024.0,1,0.8678531646728516,0.8600000143051147,0.87,5,Drop,10853,attack,shared_bottleneck,7.590531000005285,,100.0,0.0,,100.0,0.0,0,mixed,two_switch
34,DQN-TFC (seed=2024),DQN-TFC,2024.0,0,0.8378587365150452,0.8299999833106995,0.84,0,Forward,11791,benign,shared_bottleneck,0.0015919999896141235,11.45,0.0,57.438350597074525,11.34,0.0,31.803085550216014,0,mixed,two_switch
35,DQN-TFC (seed=2024),DQN-TFC,2024.0,1,0.8499701023101807,0.8500000238418579,0.85,6,Isolate,11906,attack,shared_bottleneck,15.213750999919284,,100.0,0.0,,100.0,0.0,0,mixed,two_switch
36,DQN-TFC (seed=2024),DQN-TFC,2024.0,0,0.8349297046661377,0.8399999737739563,0.84,0,Forward,11955,benign,shared_bottleneck,0.0012479999895731453,11.347,0.0,29.136772784030814,11.373,0.0,60.44464940270116,0,mixed,two_switch
37,DQN-TFC (seed=2024),DQN-TFC,2024.0,1,0.8590880036354065,0.8600000143051147,0.86,6,Isolate,12438,attack,shared_bottleneck,15.11966099997153,,100.0,0.0,,100.0,0.0,0,mixed,two_switch
38,DQN-TFC (seed=2024),DQN-TFC,2024.0,1,0.8899794220924377,0.8899999856948853,0.89,6,Isolate,12666,attack,shared_bottleneck,14.858015999834606,,100.0,0.0,,100.0,0.0,0,mixed,two_switch
39,DQN-TFC (seed=2024),DQN-TFC,2024.0,1,0.8740659952163696,0.8700000047683716,0.87,6,Isolate,12681,attack,shared_bottleneck,15.06611900003918,,100.0,0.0,,100.0,0.0,0,mixed,two_switch
40,DQN-TFC (seed=2024),DQN-TFC,2024.0,1,0.8425387740135193,0.8500000238418579,0.85,0,Forward,12878,attack,shared_bottleneck,0.0012570001217682147,11.202,0.0,31.76307904349121,11.25,0.0,57.64538161904685,0,mixed,two_switch
41,DQN-TFC (seed=2024),DQN-TFC,2024.0,1,0.90160071849823,0.8999999761581421,0.9,6,Isolate,13299,attack,shared_bottleneck,15.793609999946057,,100.0,0.0,,100.0,0.0,0,mixed,two_switch
42,DQN-TFC (seed=2024),DQN-TFC,2024.0,1,0.9016007781028748,0.8999999761581421,0.9,6,Isolate,13300,attack,shared_bottleneck,15.052752000201508,,100.0,0.0,,100.0,0.0,0,mixed,two_switch
43,DQN-TFC (seed=2024),DQN-TFC,2024.0,0,0.8007186651229858,0.800000011920929,0.8,0,Forward,13348,benign,shared_bottleneck,0.0012299999525566818,11.158,0.0,29.170131991539602,11.167,0.0,60.48736226587638,0,mixed,two_switch
44,DQN-TFC (seed=2024),DQN-TFC,2024.0,0,0.7630465626716614,0.7599999904632568,0.76,0,Forward,13382,benign,shared_bottleneck,0.0014360000477608992,11.275,0.0,59.92075562855478,11.201,0.0,30.37372418987122,0,mixed,two_switch
45,DQN-TFC (seed=2024),DQN-TFC,2024.0,1,0.8798288702964783,0.8799999952316284,0.87,6,Isolate,13628,attack,shared_bottleneck,15.166532999955962,,100.0,0.0,,100.0,0.0,0,mixed,two_switch
46,DQN-TFC (seed=2024),DQN-TFC,2024.0,0,0.8233427405357361,0.8199999928474426,0.82,0,Forward,13761,benign,shared_bottleneck,0.001261999841517536,11.354,0.0,67.1749420580727,11.627,0.0,23.039590507278092,0,mixed,two_switch
47,DQN-TFC (seed=2024),DQN-TFC,2024.0,1,0.8986366391181946,0.8999999761581421,0.9,6,Isolate,13957,attack,shared_bottleneck,15.54677899980561,,100.0,0.0,,100.0,0.0,0,mixed,two_switch
48,DQN-TFC (seed=2024),DQN-TFC,2024.0,0,0.7998307943344116,0.800000011920929,0.79,0,Forward,14449,benign,shared_bottleneck,0.0016669998785801,11.184,0.0,30.354948956568382,11.559,0.0,60.718402566513625,0,mixed,two_switch
49,DQN-TFC (seed=2024),DQN-TFC,2024.0,0,0.8410383462905884,0.8399999737739563,0.84,0,Forward,14557,benign,shared_bottleneck,0.001494000116508687,11.362,0.0,59.8566989132456,11.364,0.0,30.439464869807694,0,mixed,two_switch
50,DQN-TFC (seed=2024),DQN-TFC,2024.0,0,0.8410382866859436,0.8399999737739563,0.84,0,Forward,14558,benign,shared_bottleneck,0.0012370001059025526,11.417,0.0,68.01052329491793,11.118,0.0,22.32808514081538,0,mixed,two_switch
51,DQN-TFC (seed=2024),DQN-TFC,2024.0,1,0.9198984503746032,0.9200000166893004,0.92,6,Isolate,14853,attack,shared_bottleneck,15.799631000163572,,100.0,0.0,,100.0,0.0,70,mixed,two_switch
52,DQN-TFC (seed=2024),DQN-TFC,2024.0,1,0.8886391520500183,0.8899999856948853,0.89,6,Isolate,14870,attack,shared_bottleneck,17.068040999902223,,100.0,0.0,,100.0,0.0,70,mixed,two_switch
53,DQN-TFC (seed=2024),DQN-TFC,2024.0,1,0.8786901831626892,0.8799999952316284,0.88,6,Isolate,14880,attack,shared_bottleneck,16.01099999993494,,100.0,0.0,,100.0,0.0,0,mixed,two_switch
54,DQN-TFC (seed=2024),DQN-TFC,2024.0,0,0.7828757762908936,0.7799999713897705,0.78,0,Forward,15438,benign,shared_bottleneck,0.0014549998468282865,11.45,0.0,56.98094433039488,11.695,0.0,33.241416822810386,0,mixed,two_switch
55,DQN-TFC (seed=2024),DQN-TFC,2024.0,1,0.8823724389076233,0.8799999952316284,0.89,6,Isolate,16062,attack,shared_bottleneck,14.487081999959628,,100.0,0.0,,100.0,0.0,0,mixed,two_switch
56,DQN-TFC (seed=2024),DQN-TFC,2024.0,1,0.8523920178413391,0.8500000238418579,0.85,6,Isolate,16156,attack,shared_bottleneck,15.929617999972834,,100.0,0.0,,100.0,0.0,0,mixed,two_switch
57,DQN-TFC (seed=2024),DQN-TFC,2024.0,1,0.8999413847923279,0.8999999761581421,0.9,5,Drop,16958,attack,shared_bottleneck,8.738466999830052,,100.0,0.0,,100.0,0.0,0,mixed,two_switch
58,DQN-TFC (seed=2024),DQN-TFC,2024.0,0,0.8077142834663391,0.800000011920929,0.81,0,Forward,17203,benign,shared_bottleneck,0.0012980001429241383,11.534,0.0,32.55338021472719,11.643,0.0,57.410757367564,0,mixed,two_switch
59,DQN-TFC (seed=2024),DQN-TFC,2024.0,0,0.8294690847396851,0.8299999833106995,0.83,0,Forward,17359,benign,shared_bottleneck,0.0014370000371854985,11.261,0.0,67.6518582021618,11.375,0.0,22.628544989667372,0,mixed,two_switch
60,DQN-TFC (seed=2024),DQN-TFC,2024.0,0,0.8367106914520264,0.8299999833106995,0.83,6,Isolate,17639,benign,shared_bottleneck,14.863536000120803,,100.0,0.0,,100.0,0.0,0,mixed,two_switch
61,DQN-TFC (seed=2024),DQN-TFC,2024.0,0,0.8378546833992004,0.8399999737739563,0.84,6,Isolate,17792,benign,shared_bottleneck,15.949399000191988,,100.0,0.0,,100.0,0.0,0,mixed,two_switch
62,DQN-TFC (seed=2024),DQN-TFC,2024.0,1,0.8575001358985901,0.8600000143051147,0.86,0,Forward,17886,attack,shared_bottleneck,0.0016500000583619112,11.151,0.0,32.642356074075586,11.23,0.0,57.324244227827236,0,mixed,two_switch
63,DQN-TFC (seed=2024),DQN-TFC,2024.0,0,0.7899861931800842,0.7900000214576721,0.78,0,Forward,18045,benign,shared_bottleneck,0.0011170000107085798,11.181,0.0,30.46672608767362,11.238,0.0,59.9079436914282,0,mixed,two_switch
64,DQN-TFC (seed=2024),DQN-TFC,2024.0,0,0.8586136102676392,0.8500000238418579,0.84,6,Isolate,18103,benign,shared_bottleneck,15.05481599997438,,100.0,0.0,,100.0,0.0,0,mixed,two_switch
65,DQN-TFC (seed=2024),DQN-TFC,2024.0,0,0.8233593702316284,0.8199999928474426,0.82,0,Forward,18713,benign,shared_bottleneck,0.0014080001164984424,11.267,0.0,30.353579221876085,11.143,0.0,59.877414247336255,0,mixed,two_switch
66,DQN-TFC (seed=2024),DQN-TFC,2024.0,0,0.8056234121322632,0.800000011920929,0.8,0,Forward,18882,benign,shared_bottleneck,0.0013169999419915257,11.151,0.0,29.69358880185629,11.226,0.0,60.73682745384519,0,mixed,two_switch
67,DQN-TFC (seed=2024),DQN-TFC,2024.0,0,0.8265945315361023,0.8299999833106995,0.82,0,Forward,19001,benign,shared_bottleneck,0.0014510001165035646,11.167,0.0,43.78327917030172,11.317,0.0,45.71169498101478,0,mixed,two_switch
68,DQN-TFC (seed=2024),DQN-TFC,2024.0,1,0.8694993853569031,0.8700000047683716,0.88,6,Isolate,19305,attack,shared_bottleneck,17.514863000087644,,100.0,0.0,,100.0,0.0,0,mixed,two_switch
69,DQN-TFC (seed=2024),DQN-TFC,2024.0,1,0.8604289293289185,0.8600000143051147,0.87,6,Isolate,19337,attack,shared_bottleneck,16.370314999903712,,100.0,0.0,,100.0,0.0,0,mixed,two_switch
70,DQN-TFC (seed=2024),DQN-TFC,2024.0,0,0.8287397623062134,0.8299999833106995,0.83,0,Forward,19448,benign,shared_bottleneck,0.0013500000477506546,11.522,0.0,57.25430950270408,11.406,0.0,33.473285518436164,0,mixed,two_switch
71,DQN-TFC (seed=2024),DQN-TFC,2024.0,0,0.7975900769233704,0.800000011920929,0.8,0,Forward,19709,benign,shared_bottleneck,0.0017269999261770863,11.294,0.0,57.35883841926345,11.438,0.0,31.774120942666624,0,mixed,two_switch
72,DQN-TFC (seed=2024),DQN-TFC,2024.0,0,0.6926899552345276,0.6899999976158142,0.69,0,Forward,19803,benign,shared_bottleneck,0.0017239999579032883,11.46,0.0,31.802790819932888,11.487,0.0,57.44494849441825,0,mixed,two_switch
73,DQN-TFC (seed=2024),DQN-TFC,2024.0,0,0.7526609301567078,0.75,0.75,0,Forward,19816,benign,shared_bottleneck,0.0014340000689117005,11.219,0.0,40.77354597206525,11.185,0.0,49.08526025345256,0,mixed,two_switch
74,DQN-TFC (seed=2024),DQN-TFC,2024.0,0,0.7800804376602173,0.7799999713897705,0.78,0,Forward,19847,benign,shared_bottleneck,0.0011619999895629007,11.373,0.0,31.759284327887944,11.158,0.0,57.64267271953469,0,mixed,two_switch
75,DQN-TFC (seed=2024),DQN-TFC,2024.0,1,0.910107433795929,0.9100000262260436,0.91,6,Isolate,20083,attack,shared_bottleneck,15.876952999860805,,100.0,0.0,,100.0,0.0,0,mixed,two_switch
76,DQN-TFC (seed=2024),DQN-TFC,2024.0,1,0.9488750696182252,0.949999988079071,0.95,5,Drop,20134,attack,shared_bottleneck,7.482942000024195,,100.0,0.0,,100.0,0.0,0,mixed,two_switch
77,DQN-TFC (seed=2024),DQN-TFC,2024.0,1,0.8454464077949524,0.8500000238418579,0.85,6,Isolate,20212,attack,shared_bottleneck,16.275972000130423,,100.0,0.0,,100.0,0.0,0,mixed,two_switch
78,DQN-TFC (seed=2024),DQN-TFC,2024.0,1,0.8581823706626892,0.8600000143051147,0.86,0,Forward,20257,attack,shared_bottleneck,0.0014009999631525716,11.863,0.0,45.4171081447633,11.322,0.0,44.951049461314234,0,mixed,two_switch
79,DQN-TFC (seed=2024),DQN-TFC,2024.0,0,0.8401124477386475,0.8399999737739563,0.84,6,Isolate,20753,benign,shared_bottleneck,16.203139000026567,,100.0,0.0,,100.0,0.0,0,mixed,two_switch
80,DQN-TFC (seed=2024),DQN-TFC,2024.0,0,0.8276398181915283,0.8299999833106995,0.83,0,Forward,21426,benign,shared_bottleneck,0.0013110000054439297,11.105,0.0,29.748192266658183,11.219,0.0,60.77523542917055,0,mixed,two_switch
81,DQN-TFC (seed=2024),DQN-TFC,2024.0,0,0.8077338337898254,0.8100000023841858,0.81,0,Forward,21444,benign,shared_bottleneck,0.00115499983621703,11.195,0.0,60.49018456745925,11.361,0.0,29.17588955145495,0,mixed,two_switch
82,DQN-TFC (seed=2024),DQN-TFC,2024.0,1,0.8508247137069702,0.8500000238418579,0.85,6,Isolate,21705,attack,shared_bottleneck,14.786617000027036,,100.0,0.0,,100.0,0.0,0,mixed,two_switch
83,DQN-TFC (seed=2024),DQN-TFC,2024.0,1,0.886523425579071,0.8799999952316284,0.88,6,Isolate,22059,attack,shared_bottleneck,23.935576999974728,,100.0,0.0,,100.0,0.0,0,mixed,two_switch
84,DQN-TFC (seed=2024),DQN-TFC,2024.0,0,0.8100687265396118,0.8100000023841858,0.81,0,Forward,22266,benign,shared_bottleneck,0.0015869998151174514,11.253,0.0,57.50455044407629,11.309,0.0,31.78412677028779,0,mixed,two_switch
85,DQN-TFC (seed=2024),DQN-TFC,2024.0,1,0.847369909286499,0.8500000238418579,0.85,0,Forward,22361,attack,shared_bottleneck,0.0015430000530614052,11.239,0.0,66.00092841500675,11.236,0.0,24.054669332275246,0,mixed,two_switch
86,DQN-TFC (seed=2024),DQN-TFC,2024.0,1,0.8598287105560303,0.8600000143051147,0.86,6,Isolate,22536,attack,shared_bottleneck,14.795241000001624,,100.0,0.0,,100.0,0.0,0,mixed,two_switch
87,DQN-TFC (seed=2024),DQN-TFC,2024.0,1,0.8598287105560303,0.8600000143051147,0.86,6,Isolate,22548,attack,shared_bottleneck,17.390927999940686,,100.0,0.0,,100.0,0.0,0,mixed,two_switch
88,DQN-TFC (seed=2024),DQN-TFC,2024.0,1,0.880372166633606,0.8799999952316284,0.89,6,Isolate,22613,attack,shared_bottleneck,16.198979999899166,,100.0,0.0,,100.0,0.0,0,mixed,two_switch
89,DQN-TFC (seed=2024),DQN-TFC,2024.0,1,0.8707939386367798,0.8700000047683716,0.87,6,Isolate,22848,attack,shared_bottleneck,16.975897999827794,,100.0,0.0,,100.0,0.0,0,mixed,two_switch
90,DQN-TFC (seed=2024),DQN-TFC,2024.0,1,0.8508075475692749,0.8500000238418579,0.85,6,Isolate,22856,attack,shared_bottleneck,23.760518000017328,,100.0,0.0,,100.0,0.0,0,mixed,two_switch
91,DQN-TFC (seed=2024),DQN-TFC,2024.0,0,0.830065131187439,0.8299999833106995,0.82,0,Forward,23186,benign,shared_bottleneck,0.0019690000954142306,11.46,0.0,24.71335079084903,11.41,0.0,65.86078744223903,0,mixed,two_switch
92,DQN-TFC (seed=2024),DQN-TFC,2024.0,0,0.7924128174781799,0.7900000214576721,0.78,0,Forward,23283,benign,shared_bottleneck,0.0022030001218809048,11.841,0.0,29.54494029120984,11.73,0.0,60.69222801508352,0,mixed,two_switch
93,DQN-TFC (seed=2024),DQN-TFC,2024.0,0,0.7760483622550964,0.7799999713897705,0.78,0,Forward,23456,benign,shared_bottleneck,0.052983999921707436,11.639,0.0,67.7361489900554,11.559,0.0,22.659880504536403,0,mixed,two_switch
94,DQN-TFC (seed=2024),DQN-TFC,2024.0,0,0.7760480642318726,0.7799999713897705,0.78,0,Forward,23465,benign,shared_bottleneck,0.001261999841517536,11.541,0.0,45.44564984790246,11.364,0.0,44.696532646582156,0,mixed,two_switch
95,DQN-TFC (seed=2024),DQN-TFC,2024.0,1,0.8600333333015442,0.8600000143051147,0.86,6,Isolate,23536,attack,shared_bottleneck,22.599298999921302,,100.0,0.0,,100.0,0.0,0,mixed,two_switch
96,DQN-TFC (seed=2024),DQN-TFC,2024.0,1,0.8492719531059265,0.8500000238418579,0.85,5,Drop,23727,attack,shared_bottleneck,8.543820000113556,,100.0,0.0,,100.0,0.0,0,mixed,two_switch
97,DQN-TFC (seed=2024),DQN-TFC,2024.0,0,0.8246086239814758,0.8199999928474426,0.82,0,Forward,23846,benign,shared_bottleneck,0.0014499998997052899,11.686,0.0,30.39869031377899,11.415,0.0,60.31519444730113,0,mixed,two_switch
98,DQN-TFC (seed=2024),DQN-TFC,2024.0,0,0.8473970890045166,0.8399999737739563,0.84,6,Isolate,23889,benign,shared_bottleneck,19.434173000036026,,100.0,0.0,,100.0,0.0,0,mixed,two_switch
99,DQN-TFC (seed=2024),DQN-TFC,2024.0,1,0.8532842397689819,0.8500000238418579,0.85,6,Isolate,24271,attack,shared_bottleneck,15.703136999945855,,100.0,0.0,,100.0,0.0,0,mixed,two_switch
100,DQN-TFC (seed=2024),DQN-TFC,2024.0,0,0.8334739208221436,0.8299999833106995,0.83,6,Isolate,24798,benign,shared_bottleneck,18.65207100013322,,100.0,0.0,,100.0,0.0,0,mixed,two_switch
101,DQN-TFC (seed=2024),DQN-TFC,2024.0,0,0.8424508571624756,0.8399999737739563,0.84,0,Forward,25175,benign,shared_bottleneck,0.001216999862663215,12.055,0.0,22.629775648025774,11.567,0.0,67.63028049240567,0,mixed,two_switch
102,DQN-TFC (seed=2024),DQN-TFC,2024.0,0,0.8324522972106934,0.8299999833106995,0.83,0,Forward,25181,benign,shared_bottleneck,0.001261000079466612,11.264,0.0,45.26467501423187,11.328,0.0,44.9523204915259,0,mixed,two_switch
103,DQN-TFC (seed=2024),DQN-TFC,2024.0,0,0.8324527740478516,0.8299999833106995,0.83,0,Forward,25182,benign,shared_bottleneck,0.0015890000213403255,11.236,0.0,60.69028811532907,11.334,0.0,30.448927929351374,210,mixed,two_switch
104,DQN-TFC (seed=2024),DQN-TFC,2024.0,1,0.848400354385376,0.8500000238418579,0.85,6,Isolate,25757,attack,shared_bottleneck,16.790330000048925,,100.0,0.0,,100.0,0.0,0,mixed,two_switch
105,DQN-TFC (seed=2024),DQN-TFC,2024.0,1,0.8757197856903076,0.8799999952316284,0.87,0,Forward,25947,attack,shared_bottleneck,0.0027279997993900906,11.536,0.0,60.872865906491526,11.476,0.0,29.7777858096229,0,mixed,two_switch
106,DQN-TFC (seed=2024),DQN-TFC,2024.0,1,0.9076886177062988,0.9100000262260436,0.91,6,Isolate,26007,attack,shared_bottleneck,17.4163149999913,,100.0,0.0,,100.0,0.0,0,mixed,two_switch
107,DQN-TFC (seed=2024),DQN-TFC,2024.0,0,0.8287405371665955,0.8299999833106995,0.83,5,Drop,26111,benign,shared_bottleneck,9.532602000035695,,100.0,0.0,,100.0,0.0,0,mixed,two_switch
108,DQN-TFC (seed=2024),DQN-TFC,2024.0,0,0.8200234174728394,0.8199999928474426,0.82,0,Forward,26168,benign,shared_bottleneck,0.001326999836237519,11.419,0.0,57.61457652052925,11.378,0.0,31.754208309534402,0,mixed,two_switch
109,DQN-TFC (seed=2024),DQN-TFC,2024.0,0,0.8145485520362854,0.8100000023841858,0.82,0,Forward,26613,benign,shared_bottleneck,0.0015850000636419281,11.266,0.0,24.698008437327815,11.234,0.0,65.82788266026792,0,mixed,two_switch
110,DQN-TFC (seed=2024),DQN-TFC,2024.0,0,0.8191828727722168,0.8100000023841858,0.82,0,Forward,27025,benign,shared_bottleneck,0.0013140002010914031,11.465,0.0,31.76957492147813,11.312,0.0,57.37716394291912,0,mixed,two_switch
111,DQN-TFC (seed=2024),DQN-TFC,2024.0,0,0.8191828727722168,0.8100000023841858,0.82,0,Forward,27026,benign,shared_bottleneck,0.0014000002011016477,11.378,0.0,57.651311419731464,11.287,0.0,31.77481633120316,0,mixed,two_switch
112,DQN-TFC (seed=2024),DQN-TFC,2024.0,1,0.8483954071998596,0.8500000238418579,0.85,6,Isolate,28043,attack,shared_bottleneck,17.059752000022854,,100.0,0.0,,100.0,0.0,0,mixed,two_switch
113,DQN-TFC (seed=2024),DQN-TFC,2024.0,1,0.8561848402023315,0.8600000143051147,0.86,6,Isolate,28140,attack,shared_bottleneck,20.915043000059086,,100.0,0.0,,100.0,0.0,0,mixed,two_switch
114,DQN-TFC (seed=2024),DQN-TFC,2024.0,0,0.8438663482666016,0.8500000238418579,0.84,6,Isolate,28155,benign,shared_bottleneck,18.27386799982378,,100.0,0.0,,100.0,0.0,0,mixed,two_switch
115,DQN-TFC (seed=2024),DQN-TFC,2024.0,1,0.8501219153404236,0.8500000238418579,0.85,0,Forward,29007,attack,shared_bottleneck,0.00135699997372285,11.703,0.0,50.7521919406854,11.796,0.0,38.7049978797082,0,mixed,two_switch
116,DQN-TFC (seed=2024),DQN-TFC,2024.0,0,0.8129814267158508,0.8199999928474426,0.82,0,Forward,29435,benign,shared_bottleneck,0.001407000127073843,11.181,0.0,65.9440862769692,11.346,0.0,24.034146821825985,0,mixed,two_switch
117,DQN-TFC (seed=2024),DQN-TFC,2024.0,0,0.8129838705062866,0.8199999928474426,0.82,0,Forward,29438,benign,shared_bottleneck,0.0021070000002509914,11.554,0.0,30.45850096155736,11.399,0.0,59.894515195181164,0,mixed,two_switch
118,DQN-TFC (seed=2024),DQN-TFC,2024.0,0,0.8164951801300049,0.8199999928474426,0.82,0,Forward,29552,benign,shared_bottleneck,0.0019119997887173668,11.372,0.0,60.85662509918332,11.449,0.0,29.76382650401777,0,mixed,two_switch
0,DQN-TFC (seed=2025),DQN-TFC,2025.0,1,0.8656986355781555,0.8600000143051147,0.85,6,Isolate,271,attack,shared_bottleneck,18.01944499993624,,100.0,0.0,,100.0,0.0,750,mixed,two_switch
1,DQN-TFC (seed=2025),DQN-TFC,2025.0,0,0.8092101216316223,0.8100000023841858,0.8,0,Forward,323,benign,shared_bottleneck,0.0016920000689424342,12.054,0.0,47.29548946043298,12.104,0.0,43.0765526609326,350,mixed,two_switch
2,DQN-TFC (seed=2025),DQN-TFC,2025.0,1,0.8699979186058044,0.8700000047683716,0.86,4,Reroute,596,attack,shared_bottleneck,0.0014629999895987567,11.281,0.0,65.95774020341874,11.206,0.0,24.038799603309382,0,mixed,two_switch
3,DQN-TFC (seed=2025),DQN-TFC,2025.0,1,0.8955565094947815,0.8899999856948853,0.9,6,Isolate,662,attack,shared_bottleneck,16.913273999989542,,100.0,0.0,,100.0,0.0,0,mixed,two_switch
4,DQN-TFC (seed=2025),DQN-TFC,2025.0,0,0.7705909609794617,0.7699999809265137,0.77,0,Forward,1203,benign,shared_bottleneck,0.0012850000530306716,11.303,0.0,57.3778729000172,11.23,0.0,32.54827011576314,140,mixed,two_switch
5,DQN-TFC (seed=2025),DQN-TFC,2025.0,1,0.8352600336074829,0.8299999833106995,0.85,0,Forward,2496,attack,shared_bottleneck,0.0014330000794871012,11.255,0.0,44.97459568278095,11.169,0.0,45.45837393865443,210,mixed,two_switch
6,DQN-TFC (seed=2025),DQN-TFC,2025.0,1,0.8638322949409485,0.8600000143051147,0.86,6,Isolate,3048,attack,shared_bottleneck,17.246849999992264,,100.0,0.0,,100.0,0.0,0,mixed,two_switch
7,DQN-TFC (seed=2025),DQN-TFC,2025.0,1,0.86383455991745,0.8600000143051147,0.86,6,Isolate,3050,attack,shared_bottleneck,18.836130999943634,,100.0,0.0,,100.0,0.0,0,mixed,two_switch
8,DQN-TFC (seed=2025),DQN-TFC,2025.0,0,0.7998348474502563,0.800000011920929,0.8,0,Forward,3598,benign,shared_bottleneck,0.0014649999684479553,11.325,0.0,57.39438642770184,11.319,0.0,31.793201669978043,0,mixed,two_switch
9,DQN-TFC (seed=2025),DQN-TFC,2025.0,1,0.8622992634773254,0.8600000143051147,0.87,6,Isolate,3871,attack,shared_bottleneck,19.448876000069504,,100.0,0.0,,100.0,0.0,70,mixed,two_switch
10,DQN-TFC (seed=2025),DQN-TFC,2025.0,0,0.8182438611984253,0.8199999928474426,0.82,0,Forward,4169,benign,shared_bottleneck,0.001396000016029575,11.273,0.0,65.8385027735943,11.341,0.0,24.7013330753278,0,mixed,two_switch
11,DQN-TFC (seed=2025),DQN-TFC,2025.0,1,0.8727920651435852,0.8799999952316284,0.88,0,Forward,4879,attack,shared_bottleneck,0.0022960000478633447,11.287,0.0,59.75008676823299,11.386,0.0,30.40229358697868,140,mixed,two_switch
12,DQN-TFC (seed=2025),DQN-TFC,2025.0,1,0.8727920651435852,0.8799999952316284,0.88,0,Forward,4880,attack,shared_bottleneck,0.0016160001905518584,11.318,0.0,60.72737739706194,11.23,0.0,30.460712979702876,0,mixed,two_switch
13,DQN-TFC (seed=2025),DQN-TFC,2025.0,1,0.8686891794204712,0.8700000047683716,0.87,6,Isolate,4996,attack,shared_bottleneck,16.50680500006274,,100.0,0.0,,100.0,0.0,0,mixed,two_switch
14,DQN-TFC (seed=2025),DQN-TFC,2025.0,1,0.8686892986297607,0.8700000047683716,0.87,6,Isolate,5001,attack,shared_bottleneck,20.4488350000247,,100.0,0.0,,100.0,0.0,0,mixed,two_switch
15,DQN-TFC (seed=2025),DQN-TFC,2025.0,1,0.8786917328834534,0.8799999952316284,0.88,6,Isolate,5006,attack,shared_bottleneck,17.59567900012371,,100.0,0.0,,100.0,0.0,0,mixed,two_switch
16,DQN-TFC (seed=2025),DQN-TFC,2025.0,0,0.8206165432929993,0.8100000023841858,0.82,0,Forward,5672,benign,shared_bottleneck,0.002733999963311362,11.911,0.0,57.44474545959004,11.577,0.0,32.588385621036906,0,mixed,two_switch
17,DQN-TFC (seed=2025),DQN-TFC,2025.0,1,0.8545636534690857,0.8500000238418579,0.85,0,Forward,6640,attack,shared_bottleneck,0.0013169999419915257,11.253,0.0,33.23057728762135,11.248,0.0,56.987531120439336,0,mixed,two_switch
18,DQN-TFC (seed=2025),DQN-TFC,2025.0,0,0.789990246295929,0.7900000214576721,0.79,0,Forward,7247,benign,shared_bottleneck,0.0015929999790387228,11.379,0.0,58.38866031046793,11.437,0.0,32.334971220238955,0,mixed,two_switch
19,DQN-TFC (seed=2025),DQN-TFC,2025.0,0,0.8111498951911926,0.8100000023841858,0.81,0,Forward,7257,benign,shared_bottleneck,0.001247000000148546,11.926,0.0,67.9395355731313,11.795,0.0,22.707420554692224,0,mixed,two_switch
20,DQN-TFC (seed=2025),DQN-TFC,2025.0,0,0.8311519026756287,0.8299999833106995,0.83,6,Isolate,7262,benign,shared_bottleneck,17.61307299989312,,100.0,0.0,,100.0,0.0,0,mixed,two_switch
21,DQN-TFC (seed=2025),DQN-TFC,2025.0,0,0.7872647643089294,0.7799999713897705,0.78,0,Forward,7509,benign,shared_bottleneck,0.0017219999790540896,11.287,0.0,30.359601808721717,11.399,0.0,59.89332299426735,0,mixed,two_switch
22,DQN-TFC (seed=2025),DQN-TFC,2025.0,1,0.8778383731842041,0.8799999952316284,0.88,6,Isolate,7713,attack,shared_bottleneck,16.756235999991986,,100.0,0.0,,100.0,0.0,70,mixed,two_switch
23,DQN-TFC (seed=2025),DQN-TFC,2025.0,1,0.8668792843818665,0.8700000047683716,0.87,6,Isolate,8112,attack,shared_bottleneck,16.851978999966377,,100.0,0.0,,100.0,0.0,70,mixed,two_switch
24,DQN-TFC (seed=2025),DQN-TFC,2025.0,1,0.8844065070152283,0.8899999856948853,0.89,6,Isolate,8140,attack,shared_bottleneck,16.08011799999076,,100.0,0.0,,100.0,0.0,70,mixed,two_switch
25,DQN-TFC (seed=2025),DQN-TFC,2025.0,1,0.8844060301780701,0.8899999856948853,0.89,6,Isolate,8142,attack,shared_bottleneck,16.63369699986106,,100.0,0.0,,100.0,0.0,0,mixed,two_switch
26,DQN-TFC (seed=2025),DQN-TFC,2025.0,0,0.8399470448493958,0.8399999737739563,0.84,0,Forward,8745,benign,shared_bottleneck,0.0014020001799508464,11.512,0.0,24.040473412575086,11.279,0.0,65.9704197956334,0,mixed,two_switch
27,DQN-TFC (seed=2025),DQN-TFC,2025.0,0,0.8219642043113708,0.8199999928474426,0.82,6,Isolate,8836,benign,shared_bottleneck,16.18241999995007,,100.0,0.0,,100.0,0.0,0,mixed,two_switch
28,DQN-TFC (seed=2025),DQN-TFC,2025.0,0,0.8388247489929199,0.8299999833106995,0.84,6,Isolate,9547,benign,shared_bottleneck,16.939480000019103,,100.0,0.0,,100.0,0.0,0,mixed,two_switch
29,DQN-TFC (seed=2025),DQN-TFC,2025.0,1,0.8561859130859375,0.8600000143051147,0.86,6,Isolate,10043,attack,shared_bottleneck,18.46198499993079,,100.0,0.0,,100.0,0.0,0,mixed,two_switch
30,DQN-TFC (seed=2025),DQN-TFC,2025.0,1,0.892324686050415,0.8899999856948853,0.89,6,Isolate,10279,attack,shared_bottleneck,17.053070999963893,,100.0,0.0,,100.0,0.0,0,mixed,two_switch
31,DQN-TFC (seed=2025),DQN-TFC,2025.0,1,0.8923255801200867,0.8899999856948853,0.89,6,Isolate,10280,attack,shared_bottleneck,19.800375999921016,,100.0,0.0,,100.0,0.0,0,mixed,two_switch
32,DQN-TFC (seed=2025),DQN-TFC,2025.0,0,0.8032602667808533,0.800000011920929,0.8,6,Isolate,10658,benign,shared_bottleneck,16.428911000048174,,100.0,0.0,,100.0,0.0,0,mixed,two_switch
33,DQN-TFC (seed=2025),DQN-TFC,2025.0,1,0.8678531646728516,0.8600000143051147,0.87,6,Isolate,10853,attack,shared_bottleneck,18.375816999878225,,100.0,0.0,,100.0,0.0,0,mixed,two_switch
34,DQN-TFC (seed=2025),DQN-TFC,2025.0,0,0.8378587365150452,0.8299999833106995,0.84,6,Isolate,11791,benign,shared_bottleneck,16.992034999930183,,100.0,0.0,,100.0,0.0,0,mixed,two_switch
35,DQN-TFC (seed=2025),DQN-TFC,2025.0,1,0.8499701023101807,0.8500000238418579,0.85,6,Isolate,11906,attack,shared_bottleneck,15.986967000117147,,100.0,0.0,,100.0,0.0,0,mixed,two_switch
36,DQN-TFC (seed=2025),DQN-TFC,2025.0,0,0.8349297046661377,0.8399999737739563,0.84,0,Forward,11955,benign,shared_bottleneck,0.0013970000054541742,11.937,0.0,25.34812773466773,12.283,0.0,64.119026757784,0,mixed,two_switch
37,DQN-TFC (seed=2025),DQN-TFC,2025.0,1,0.8590880036354065,0.8600000143051147,0.86,6,Isolate,12438,attack,shared_bottleneck,15.290569999933723,,100.0,0.0,,100.0,0.0,0,mixed,two_switch
38,DQN-TFC (seed=2025),DQN-TFC,2025.0,1,0.8899794220924377,0.8899999856948853,0.89,6,Isolate,12666,attack,shared_bottleneck,16.53665000003457,,100.0,0.0,,100.0,0.0,0,mixed,two_switch
39,DQN-TFC (seed=2025),DQN-TFC,2025.0,1,0.8740659952163696,0.8700000047683716,0.87,6,Isolate,12681,attack,shared_bottleneck,15.76845699992191,,100.0,0.0,,100.0,0.0,70,mixed,two_switch
40,DQN-TFC (seed=2025),DQN-TFC,2025.0,1,0.8425387740135193,0.8500000238418579,0.85,0,Forward,12878,attack,shared_bottleneck,0.0012859998150815954,11.906,0.0,32.72983467492371,11.352,0.0,57.40888158504742,0,mixed,two_switch
41,DQN-TFC (seed=2025),DQN-TFC,2025.0,1,0.90160071849823,0.8999999761581421,0.9,6,Isolate,13299,attack,shared_bottleneck,16.902229000152147,,100.0,0.0,,100.0,0.0,0,mixed,two_switch
42,DQN-TFC (seed=2025),DQN-TFC,2025.0,1,0.9016007781028748,0.8999999761581421,0.9,6,Isolate,13300,attack,shared_bottleneck,15.969842000004064,,100.0,0.0,,100.0,0.0,70,mixed,two_switch
43,DQN-TFC (seed=2025),DQN-TFC,2025.0,0,0.8007186651229858,0.800000011920929,0.8,0,Forward,13348,benign,shared_bottleneck,0.0012840000636060722,11.343,0.0,44.933836133013365,11.263,0.0,45.43810085248945,0,mixed,two_switch
44,DQN-TFC (seed=2025),DQN-TFC,2025.0,0,0.7630465626716614,0.7599999904632568,0.76,0,Forward,13382,benign,shared_bottleneck,0.0025409999580006115,11.451,0.0,23.898476747988,11.175,0.0,67.10218360483223,0,mixed,two_switch
45,DQN-TFC (seed=2025),DQN-TFC,2025.0,1,0.8798288702964783,0.8799999952316284,0.87,6,Isolate,13628,attack,shared_bottleneck,18.640021000010165,,100.0,0.0,,100.0,0.0,0,mixed,two_switch
46,DQN-TFC (seed=2025),DQN-TFC,2025.0,0,0.8233427405357361,0.8199999928474426,0.82,0,Forward,13761,benign,shared_bottleneck,0.0019389999579288997,11.431,0.0,40.845675091481034,11.274,0.0,47.21200686077203,0,mixed,two_switch
47,DQN-TFC (seed=2025),DQN-TFC,2025.0,1,0.8986366391181946,0.8999999761581421,0.9,6,Isolate,13957,attack,shared_bottleneck,14.846753000028912,,100.0,0.0,,100.0,0.0,0,mixed,two_switch
48,DQN-TFC (seed=2025),DQN-TFC,2025.0,0,0.7998307943344116,0.800000011920929,0.79,0,Forward,14449,benign,shared_bottleneck,0.001638999947317643,11.211,0.0,57.62494338261299,11.13,0.0,31.750949826772793,0,mixed,two_switch
49,DQN-TFC (seed=2025),DQN-TFC,2025.0,0,0.8410383462905884,0.8399999737739563,0.84,0,Forward,14557,benign,shared_bottleneck,0.001297999915550463,11.277,0.0,43.42453738744732,11.18,0.0,46.0518575825245,0,mixed,two_switch
50,DQN-TFC (seed=2025),DQN-TFC,2025.0,0,0.8410382866859436,0.8399999737739563,0.84,0,Forward,14558,benign,shared_bottleneck,0.0018420000742480624,11.297,0.0,50.253902471754245,11.367,0.0,39.996553197871236,0,mixed,two_switch
51,DQN-TFC (seed=2025),DQN-TFC,2025.0,1,0.9198984503746032,0.9200000166893004,0.92,6,Isolate,14853,attack,shared_bottleneck,15.736511999875802,,100.0,0.0,,100.0,0.0,0,mixed,two_switch
52,DQN-TFC (seed=2025),DQN-TFC,2025.0,1,0.8886391520500183,0.8899999856948853,0.89,6,Isolate,14870,attack,shared_bottleneck,16.455545999860988,,100.0,0.0,,100.0,0.0,0,mixed,two_switch
53,DQN-TFC (seed=2025),DQN-TFC,2025.0,1,0.8786901831626892,0.8799999952316284,0.88,6,Isolate,14880,attack,shared_bottleneck,15.794464000009611,,100.0,0.0,,100.0,0.0,0,mixed,two_switch
54,DQN-TFC (seed=2025),DQN-TFC,2025.0,0,0.7828757762908936,0.7799999713897705,0.78,0,Forward,15438,benign,shared_bottleneck,0.0023889999738457846,11.513,0.0,57.5201700166867,11.515,0.0,31.804961234562494,0,mixed,two_switch
55,DQN-TFC (seed=2025),DQN-TFC,2025.0,1,0.8823724389076233,0.8799999952316284,0.89,6,Isolate,16062,attack,shared_bottleneck,18.083951000107845,,100.0,0.0,,100.0,0.0,0,mixed,two_switch
56,DQN-TFC (seed=2025),DQN-TFC,2025.0,1,0.8523920178413391,0.8500000238418579,0.85,5,Drop,16156,attack,shared_bottleneck,8.749723000164522,,100.0,0.0,,100.0,0.0,0,mixed,two_switch
57,DQN-TFC (seed=2025),DQN-TFC,2025.0,1,0.8999413847923279,0.8999999761581421,0.9,6,Isolate,16958,attack,shared_bottleneck,16.8526859999929,,100.0,0.0,,100.0,0.0,0,mixed,two_switch
58,DQN-TFC (seed=2025),DQN-TFC,2025.0,0,0.8077142834663391,0.800000011920929,0.81,5,Drop,17203,benign,shared_bottleneck,9.395804999940083,,100.0,0.0,,100.0,0.0,0,mixed,two_switch
59,DQN-TFC (seed=2025),DQN-TFC,2025.0,0,0.8294690847396851,0.8299999833106995,0.83,6,Isolate,17359,benign,shared_bottleneck,16.809545000114667,,100.0,0.0,,100.0,0.0,0,mixed,two_switch
60,DQN-TFC (seed=2025),DQN-TFC,2025.0,0,0.8367106914520264,0.8299999833106995,0.83,6,Isolate,17639,benign,shared_bottleneck,17.16610300013599,,100.0,0.0,,100.0,0.0,0,mixed,two_switch
61,DQN-TFC (seed=2025),DQN-TFC,2025.0,0,0.8378546833992004,0.8399999737739563,0.84,6,Isolate,17792,benign,shared_bottleneck,15.656433000003744,,100.0,0.0,,100.0,0.0,0,mixed,two_switch
62,DQN-TFC (seed=2025),DQN-TFC,2025.0,1,0.8575001358985901,0.8600000143051147,0.86,0,Forward,17886,attack,shared_bottleneck,0.00217899992094317,11.532,0.0,30.36368715464437,11.645,0.0,59.90306933264087,0,mixed,two_switch
63,DQN-TFC (seed=2025),DQN-TFC,2025.0,0,0.7899861931800842,0.7900000214576721,0.78,0,Forward,18045,benign,shared_bottleneck,0.0015350001376646105,11.199,0.0,56.89658148293928,11.199,0.0,33.23759029712551,0,mixed,two_switch
64,DQN-TFC (seed=2025),DQN-TFC,2025.0,0,0.8586136102676392,0.8500000238418579,0.84,6,Isolate,18103,benign,shared_bottleneck,15.177966999999626,,100.0,0.0,,100.0,0.0,0,mixed,two_switch
65,DQN-TFC (seed=2025),DQN-TFC,2025.0,0,0.8233593702316284,0.8199999928474426,0.82,5,Drop,18713,benign,shared_bottleneck,7.49410599996736,,100.0,0.0,,100.0,0.0,0,mixed,two_switch
66,DQN-TFC (seed=2025),DQN-TFC,2025.0,0,0.8056234121322632,0.800000011920929,0.8,0,Forward,18882,benign,shared_bottleneck,0.0013609999314212473,11.447,0.0,38.84731589504566,11.418,0.0,50.83146654893763,0,mixed,two_switch
67,DQN-TFC (seed=2025),DQN-TFC,2025.0,0,0.8265945315361023,0.8299999833106995,0.82,0,Forward,19001,benign,shared_bottleneck,0.0020709999262180645,11.258,0.0,59.85845915923474,11.176,0.0,30.335035366612185,0,mixed,two_switch
68,DQN-TFC (seed=2025),DQN-TFC,2025.0,1,0.8694993853569031,0.8700000047683716,0.88,5,Drop,19305,attack,shared_bottleneck,7.836537000002863,,100.0,0.0,,100.0,0.0,0,mixed,two_switch
69,DQN-TFC (seed=2025),DQN-TFC,2025.0,1,0.8604289293289185,0.8600000143051147,0.87,6,Isolate,19337,attack,shared_bottleneck,21.313157999884424,,100.0,0.0,,100.0,0.0,0,mixed,two_switch
70,DQN-TFC (seed=2025),DQN-TFC,2025.0,0,0.8287397623062134,0.8299999833106995,0.83,5,Drop,19448,benign,shared_bottleneck,7.545498000126827,,100.0,0.0,,100.0,0.0,0,mixed,two_switch
71,DQN-TFC (seed=2025),DQN-TFC,2025.0,0,0.7975900769233704,0.800000011920929,0.8,0,Forward,19709,benign,shared_bottleneck,0.0011790000371547649,11.881,0.0,60.76598365264023,11.737,0.0,30.474955657276702,0,mixed,two_switch
72,DQN-TFC (seed=2025),DQN-TFC,2025.0,0,0.6926899552345276,0.6899999976158142,0.69,0,Forward,19803,benign,shared_bottleneck,0.0014889999420120148,11.701,0.0,67.76001359696335,11.346,0.0,22.5283813397883,0,mixed,two_switch
73,DQN-TFC (seed=2025),DQN-TFC,2025.0,0,0.7526609301567078,0.75,0.75,0,Forward,19816,benign,shared_bottleneck,0.0021099999685247894,11.626,0.0,59.7041588268635,11.497,0.0,30.370929709542438,0,mixed,two_switch
74,DQN-TFC (seed=2025),DQN-TFC,2025.0,0,0.7800804376602173,0.7799999713897705,0.78,0,Forward,19847,benign,shared_bottleneck,0.0011580000318645034,11.32,0.0,65.93464129917426,11.38,0.0,24.031841505494086,0,mixed,two_switch
75,DQN-TFC (seed=2025),DQN-TFC,2025.0,1,0.910107433795929,0.9100000262260436,0.91,6,Isolate,20083,attack,shared_bottleneck,18.65535000001728,,100.0,0.0,,100.0,0.0,0,mixed,two_switch
76,DQN-TFC (seed=2025),DQN-TFC,2025.0,1,0.9488750696182252,0.949999988079071,0.95,5,Drop,20134,attack,shared_bottleneck,7.543908999878113,,100.0,0.0,,100.0,0.0,0,mixed,two_switch
77,DQN-TFC (seed=2025),DQN-TFC,2025.0,1,0.8454464077949524,0.8500000238418579,0.85,5,Drop,20212,attack,shared_bottleneck,8.05281299994931,,100.0,0.0,,100.0,0.0,0,mixed,two_switch
78,DQN-TFC (seed=2025),DQN-TFC,2025.0,1,0.8581823706626892,0.8600000143051147,0.86,5,Drop,20257,attack,shared_bottleneck,8.215972000016336,,100.0,0.0,,100.0,0.0,0,mixed,two_switch
79,DQN-TFC (seed=2025),DQN-TFC,2025.0,0,0.8401124477386475,0.8399999737739563,0.84,5,Drop,20753,benign,shared_bottleneck,7.606458000054772,,100.0,0.0,,100.0,0.0,70,mixed,two_switch
80,DQN-TFC (seed=2025),DQN-TFC,2025.0,0,0.8276398181915283,0.8299999833106995,0.83,0,Forward,21426,benign,shared_bottleneck,0.002015000063693151,11.972,0.0,49.0774578234945,11.664,0.0,40.769811659843754,70,mixed,two_switch
81,DQN-TFC (seed=2025),DQN-TFC,2025.0,0,0.8077338337898254,0.8100000023841858,0.81,0,Forward,21444,benign,shared_bottleneck,0.0015489999896090012,11.364,0.0,49.03316107982393,11.225,0.0,41.21044647200565,0,mixed,two_switch
82,DQN-TFC (seed=2025),DQN-TFC,2025.0,1,0.8508247137069702,0.8500000238418579,0.85,5,Drop,21705,attack,shared_bottleneck,7.860809000021618,,100.0,0.0,,100.0,0.0,0,mixed,two_switch
83,DQN-TFC (seed=2025),DQN-TFC,2025.0,1,0.886523425579071,0.8799999952316284,0.88,5,Drop,22059,attack,shared_bottleneck,7.646560000011959,,100.0,0.0,,100.0,0.0,0,mixed,two_switch
84,DQN-TFC (seed=2025),DQN-TFC,2025.0,0,0.8100687265396118,0.8100000023841858,0.81,0,Forward,22266,benign,shared_bottleneck,0.0016120000054797856,11.615,0.0,60.74433709563343,11.253,0.0,29.695066756602287,70,mixed,two_switch
85,DQN-TFC (seed=2025),DQN-TFC,2025.0,1,0.847369909286499,0.8500000238418579,0.85,5,Drop,22361,attack,shared_bottleneck,7.688122999979896,,100.0,0.0,,100.0,0.0,0,mixed,two_switch
86,DQN-TFC (seed=2025),DQN-TFC,2025.0,1,0.8598287105560303,0.8600000143051147,0.86,5,Drop,22536,attack,shared_bottleneck,7.893928999919808,,100.0,0.0,,100.0,0.0,70,mixed,two_switch
87,DQN-TFC (seed=2025),DQN-TFC,2025.0,1,0.8598287105560303,0.8600000143051147,0.86,5,Drop,22548,attack,shared_bottleneck,7.990310999957728,,100.0,0.0,,100.0,0.0,0,mixed,two_switch
88,DQN-TFC (seed=2025),DQN-TFC,2025.0,1,0.880372166633606,0.8799999952316284,0.89,5,Drop,22613,attack,shared_bottleneck,7.7260309999473975,,100.0,0.0,,100.0,0.0,0,mixed,two_switch
89,DQN-TFC (seed=2025),DQN-TFC,2025.0,1,0.8707939386367798,0.8700000047683716,0.87,5,Drop,22848,attack,shared_bottleneck,8.331921999797487,,100.0,0.0,,100.0,0.0,0,mixed,two_switch
90,DQN-TFC (seed=2025),DQN-TFC,2025.0,1,0.8508075475692749,0.8500000238418579,0.85,5,Drop,22856,attack,shared_bottleneck,7.497915999920224,,100.0,0.0,,100.0,0.0,0,mixed,two_switch
91,DQN-TFC (seed=2025),DQN-TFC,2025.0,0,0.830065131187439,0.8299999833106995,0.82,0,Forward,23186,benign,shared_bottleneck,0.001128000121752848,11.671,0.0,44.9654860312768,11.568,0.0,45.44503434676143,0,mixed,two_switch
92,DQN-TFC (seed=2025),DQN-TFC,2025.0,0,0.7924128174781799,0.7900000214576721,0.78,0,Forward,23283,benign,shared_bottleneck,0.0015120001535251504,11.185,0.0,57.63771558163267,11.206,0.0,32.690797179874316,0,mixed,two_switch
93,DQN-TFC (seed=2025),DQN-TFC,2025.0,0,0.7760483622550964,0.7799999713897705,0.78,0,Forward,23456,benign,shared_bottleneck,0.0015639998309779912,11.506,0.0,30.381644677525745,11.362,0.0,59.9278123140949,70,mixed,two_switch
94,DQN-TFC (seed=2025),DQN-TFC,2025.0,0,0.7760480642318726,0.7799999713897705,0.78,0,Forward,23465,benign,shared_bottleneck,0.001247000000148546,11.578,0.0,67.89572523119445,11.355,0.0,22.732172201338035,0,mixed,two_switch
95,DQN-TFC (seed=2025),DQN-TFC,2025.0,1,0.8600333333015442,0.8600000143051147,0.86,5,Drop,23536,attack,shared_bottleneck,7.872229999975389,,100.0,0.0,,100.0,0.0,0,mixed,two_switch
96,DQN-TFC (seed=2025),DQN-TFC,2025.0,1,0.8492719531059265,0.8500000238418579,0.85,5,Drop,23727,attack,shared_bottleneck,10.2020580000044,,100.0,0.0,,100.0,0.0,0,mixed,two_switch
97,DQN-TFC (seed=2025),DQN-TFC,2025.0,0,0.8246086239814758,0.8199999928474426,0.82,0,Forward,23846,benign,shared_bottleneck,0.0023400000372930663,11.601,0.0,59.915982930623834,11.336,0.0,30.470579889627043,0,mixed,two_switch
98,DQN-TFC (seed=2025),DQN-TFC,2025.0,0,0.8473970890045166,0.8399999737739563,0.84,5,Drop,23889,benign,shared_bottleneck,8.17561899998509,,100.0,0.0,,100.0,0.0,0,mixed,two_switch
99,DQN-TFC (seed=2025),DQN-TFC,2025.0,1,0.8532842397689819,0.8500000238418579,0.85,5,Drop,24271,attack,shared_bottleneck,7.943067999804043,,100.0,0.0,,100.0,0.0,0,mixed,two_switch
100,DQN-TFC (seed=2025),DQN-TFC,2025.0,0,0.8334739208221436,0.8299999833106995,0.83,0,Forward,24798,benign,shared_bottleneck,0.001362999910270446,11.555,0.0,64.0893544902954,11.308,0.0,25.3288298681362,0,mixed,two_switch
101,DQN-TFC (seed=2025),DQN-TFC,2025.0,0,0.8424508571624756,0.8399999737739563,0.84,5,Drop,25175,benign,shared_bottleneck,8.967853000058312,,100.0,0.0,,100.0,0.0,0,mixed,two_switch
102,DQN-TFC (seed=2025),DQN-TFC,2025.0,0,0.8324522972106934,0.8299999833106995,0.83,0,Forward,25181,benign,shared_bottleneck,0.0019890001112798927,11.508,0.0,65.7400681281478,11.252,0.0,24.61375849447618,0,mixed,two_switch
103,DQN-TFC (seed=2025),DQN-TFC,2025.0,0,0.8324527740478516,0.8299999833106995,0.83,0,Forward,25182,benign,shared_bottleneck,0.010083000006488874,11.319,0.0,36.15821965231895,11.309,0.0,54.336915743814025,0,mixed,two_switch
104,DQN-TFC (seed=2025),DQN-TFC,2025.0,1,0.848400354385376,0.8500000238418579,0.85,5,Drop,25757,attack,shared_bottleneck,8.16954199990505,,100.0,0.0,,100.0,0.0,0,mixed,two_switch
105,DQN-TFC (seed=2025),DQN-TFC,2025.0,1,0.8757197856903076,0.8799999952316284,0.87,5,Drop,25947,attack,shared_bottleneck,8.634997000172007,,100.0,0.0,,100.0,0.0,0,mixed,two_switch
106,DQN-TFC (seed=2025),DQN-TFC,2025.0,1,0.9076886177062988,0.9100000262260436,0.91,5,Drop,26007,attack,shared_bottleneck,7.611889999679988,,100.0,0.0,,100.0,0.0,0,mixed,two_switch
107,DQN-TFC (seed=2025),DQN-TFC,2025.0,0,0.8287405371665955,0.8299999833106995,0.83,0,Forward,26111,benign,shared_bottleneck,0.0017190000107802916,11.529,0.0,57.410402480389045,11.617,0.0,32.69187463477901,0,mixed,two_switch
108,DQN-TFC (seed=2025),DQN-TFC,2025.0,0,0.8200234174728394,0.8199999928474426,0.82,0,Forward,26168,benign,shared_bottleneck,0.0012159998732386157,11.284,0.0,36.16056749181619,11.275,0.0,54.04071949375216,0,mixed,two_switch
109,DQN-TFC (seed=2025),DQN-TFC,2025.0,0,0.8145485520362854,0.8100000023841858,0.82,0,Forward,26613,benign,shared_bottleneck,0.0017669999579084106,11.313,0.0,30.847675495141598,11.263,0.0,59.74374234384023,0,mixed,two_switch
110,DQN-TFC (seed=2025),DQN-TFC,2025.0,0,0.8191828727722168,0.8100000023841858,0.82,0,Forward,27025,benign,shared_bottleneck,0.0014199999895936344,11.351,0.0,35.125263356470505,11.343,0.0,55.11008955725919,0,mixed,two_switch
111,DQN-TFC (seed=2025),DQN-TFC,2025.0,0,0.8191828727722168,0.8100000023841858,0.82,0,Forward,27026,benign,shared_bottleneck,0.0015620003068761434,11.267,0.0,45.51252208959851,11.246,0.0,45.19159640509367,0,mixed,two_switch
112,DQN-TFC (seed=2025),DQN-TFC,2025.0,1,0.8483954071998596,0.8500000238418579,0.85,5,Drop,28043,attack,shared_bottleneck,8.253033000073629,,100.0,0.0,,100.0,0.0,0,mixed,two_switch
113,DQN-TFC (seed=2025),DQN-TFC,2025.0,1,0.8561848402023315,0.8600000143051147,0.86,5,Drop,28140,attack,shared_bottleneck,8.231720999901881,,100.0,0.0,,100.0,0.0,0,mixed,two_switch
114,DQN-TFC (seed=2025),DQN-TFC,2025.0,0,0.8438663482666016,0.8500000238418579,0.84,5,Drop,28155,benign,shared_bottleneck,8.877454999947076,,100.0,0.0,,100.0,0.0,0,mixed,two_switch
115,DQN-TFC (seed=2025),DQN-TFC,2025.0,1,0.8501219153404236,0.8500000238418579,0.85,0,Forward,29007,attack,shared_bottleneck,0.0015050000001792796,12.088,0.0,32.42467003035566,11.828,0.0,57.03620319444148,0,mixed,two_switch
116,DQN-TFC (seed=2025),DQN-TFC,2025.0,0,0.8129814267158508,0.8199999928474426,0.82,0,Forward,29435,benign,shared_bottleneck,0.0015319997146434616,11.186,0.0,34.533680236910335,11.234,0.0,56.118203919483626,0,mixed,two_switch
117,DQN-TFC (seed=2025),DQN-TFC,2025.0,0,0.8129838705062866,0.8199999928474426,0.82,0,Forward,29438,benign,shared_bottleneck,0.0013199996828916483,11.26,0.0,59.899595539772214,11.175,0.0,30.35887793803828,0,mixed,two_switch
118,DQN-TFC (seed=2025),DQN-TFC,2025.0,0,0.8164951801300049,0.8199999928474426,0.82,0,Forward,29552,benign,shared_bottleneck,0.0019029998838959727,11.406,0.0,57.5153865753192,11.33,0.0,31.80252288805221,0,mixed,two_switch
