replay_step,controller,controller_family,seed,true_label,detector_confidence,detector_estimated_ratio,attack_ratio,action_id,action_name,orig_index,label_bucket
0,NoControl,NoControl,,1,0.879833996295929,0.8799999952316284,0.88,0,Forward,34,attack
1,NoControl,NoControl,,0,0.8099673390388489,0.8100000023841858,0.81,0,Forward,163,benign
2,NoControl,NoControl,,0,0.8290244936943054,0.8299999833106995,0.82,0,Forward,359,benign
3,NoControl,NoControl,,1,0.8779748678207397,0.8799999952316284,0.87,0,Forward,543,attack
4,NoControl,NoControl,,1,0.8908616900444031,0.8899999856948853,0.89,0,Forward,788,attack
5,NoControl,NoControl,,0,0.8184310793876648,0.8199999928474426,0.83,0,Forward,1007,benign
6,NoControl,NoControl,,1,0.8630930185317993,0.8700000047683716,0.86,0,Forward,1077,attack
7,NoControl,NoControl,,0,0.7812010049819946,0.7799999713897705,0.78,0,Forward,1173,benign
8,NoControl,NoControl,,0,0.7988349199295044,0.800000011920929,0.8,0,Forward,1338,benign
9,NoControl,NoControl,,1,0.8783858418464661,0.8799999952316284,0.88,0,Forward,1589,attack
10,NoControl,NoControl,,1,0.9270837903022766,0.9300000071525574,0.93,0,Forward,1711,attack
11,NoControl,NoControl,,1,0.9204261302947998,0.9200000166893005,0.92,0,Forward,1755,attack
12,NoControl,NoControl,,1,0.8790686726570129,0.8799999952316284,0.88,0,Forward,1826,attack
13,NoControl,NoControl,,1,0.8598487377166748,0.8600000143051147,0.86,0,Forward,2303,attack
14,NoControl,NoControl,,1,0.8559197187423706,0.8500000238418579,0.87,0,Forward,2509,attack
15,NoControl,NoControl,,1,0.8448888659477234,0.8399999737739563,0.85,0,Forward,2579,attack
16,NoControl,NoControl,,1,0.8343343138694763,0.8299999833106995,0.85,0,Forward,2704,attack
17,NoControl,NoControl,,1,0.909209668636322,0.9100000262260437,0.91,0,Forward,2984,attack
18,NoControl,NoControl,,1,0.892710268497467,0.8899999856948853,0.89,0,Forward,3042,attack
19,NoControl,NoControl,,0,0.779188334941864,0.7799999713897705,0.78,0,Forward,3187,benign
20,NoControl,NoControl,,0,0.7874859571456909,0.7900000214576721,0.79,0,Forward,3200,benign
21,NoControl,NoControl,,1,0.8884751200675964,0.8899999856948853,0.88,0,Forward,3480,attack
22,NoControl,NoControl,,0,0.8297797441482544,0.8299999833106995,0.83,0,Forward,3603,benign
23,NoControl,NoControl,,1,0.8987791538238525,0.8999999761581421,0.9,0,Forward,4036,attack
24,NoControl,NoControl,,1,0.9100563526153564,0.9100000262260437,0.91,0,Forward,4096,attack
25,NoControl,NoControl,,0,0.7760412693023682,0.7799999713897705,0.78,0,Forward,4223,benign
26,NoControl,NoControl,,0,0.7967140674591064,0.7900000214576721,0.8,0,Forward,4492,benign
27,NoControl,NoControl,,0,0.773356556892395,0.7699999809265137,0.78,0,Forward,4724,benign
28,NoControl,NoControl,,1,0.9137651920318604,0.9100000262260437,0.92,0,Forward,4794,attack
29,NoControl,NoControl,,1,0.8725376129150391,0.8700000047683716,0.88,0,Forward,4856,attack
30,NoControl,NoControl,,1,0.8711929321289062,0.8700000047683716,0.88,0,Forward,4879,attack
31,NoControl,NoControl,,1,0.8682050108909607,0.8700000047683716,0.87,0,Forward,5004,attack
32,NoControl,NoControl,,1,0.8684120178222656,0.8700000047683716,0.87,0,Forward,5015,attack
33,NoControl,NoControl,,1,0.9081689715385437,0.9100000262260437,0.91,0,Forward,5100,attack
34,NoControl,NoControl,,1,0.8976726531982422,0.8999999761581421,0.9,0,Forward,5137,attack
35,NoControl,NoControl,,0,0.8373674154281616,0.8399999737739563,0.83,0,Forward,5188,benign
36,NoControl,NoControl,,1,0.862047553062439,0.8600000143051147,0.86,0,Forward,5222,attack
37,NoControl,NoControl,,1,0.8858568668365479,0.8799999952316284,0.89,0,Forward,5375,attack
38,NoControl,NoControl,,1,0.8564433455467224,0.8500000238418579,0.86,0,Forward,5529,attack
39,NoControl,NoControl,,0,0.8269306421279907,0.8199999928474426,0.83,0,Forward,5615,benign
40,NoControl,NoControl,,0,0.813768208026886,0.8100000023841858,0.8,0,Forward,5691,benign
41,NoControl,NoControl,,0,0.8197215795516968,0.8100000023841858,0.81,0,Forward,5747,benign
42,NoControl,NoControl,,0,0.8220182061195374,0.8100000023841858,0.81,0,Forward,5774,benign
43,NoControl,NoControl,,1,0.8663164377212524,0.8600000143051147,0.86,0,Forward,5933,attack
44,NoControl,NoControl,,0,0.849316418170929,0.8399999737739563,0.84,0,Forward,5966,benign
45,NoControl,NoControl,,0,0.8093292713165283,0.800000011920929,0.8,0,Forward,6009,benign
46,NoControl,NoControl,,0,0.8414927124977112,0.8399999737739563,0.83,0,Forward,6047,benign
47,NoControl,NoControl,,0,0.7934058308601379,0.7900000214576721,0.79,0,Forward,6156,benign
48,NoControl,NoControl,,0,0.7934057116508484,0.7900000214576721,0.79,0,Forward,6158,benign
49,NoControl,NoControl,,0,0.8012173175811768,0.800000011920929,0.8,0,Forward,6161,benign
50,NoControl,NoControl,,1,0.8523243069648743,0.8500000238418579,0.85,0,Forward,6544,attack
51,NoControl,NoControl,,1,0.8538548350334167,0.8500000238418579,0.85,0,Forward,6691,attack
52,NoControl,NoControl,,0,0.8254052996635437,0.8299999833106995,0.83,0,Forward,7158,benign
53,NoControl,NoControl,,0,0.7887188196182251,0.7900000214576721,0.79,0,Forward,7298,benign
54,NoControl,NoControl,,1,0.8693459033966064,0.8700000047683716,0.87,0,Forward,7805,attack
55,NoControl,NoControl,,0,0.8328465819358826,0.8299999833106995,0.83,0,Forward,7938,benign
56,NoControl,NoControl,,1,0.8672149181365967,0.8700000047683716,0.87,0,Forward,8112,attack
57,NoControl,NoControl,,1,0.8870208859443665,0.8899999856948853,0.89,0,Forward,8169,attack
58,NoControl,NoControl,,1,0.8547448515892029,0.8600000143051147,0.86,0,Forward,8187,attack
59,NoControl,NoControl,,1,0.8655512928962708,0.8700000047683716,0.87,0,Forward,8323,attack
60,NoControl,NoControl,,0,0.7602249383926392,0.7599999904632568,0.76,0,Forward,8570,benign
61,NoControl,NoControl,,0,0.7500377893447876,0.75,0.75,0,Forward,8585,benign
62,NoControl,NoControl,,0,0.7400667071342468,0.7400000095367432,0.74,0,Forward,8593,benign
63,NoControl,NoControl,,1,0.8890588283538818,0.8899999856948853,0.88,0,Forward,8699,attack
64,NoControl,NoControl,,1,0.8890588879585266,0.8899999856948853,0.88,0,Forward,8700,attack
65,NoControl,NoControl,,0,0.8400719165802002,0.8399999737739563,0.84,0,Forward,8758,benign
66,NoControl,NoControl,,0,0.800307035446167,0.7900000214576721,0.79,0,Forward,8963,benign
67,NoControl,NoControl,,0,0.8101561069488525,0.8100000023841858,0.81,0,Forward,9413,benign
68,NoControl,NoControl,,1,0.8594833612442017,0.8600000143051147,0.86,0,Forward,9754,attack
69,NoControl,NoControl,,0,0.8076704144477844,0.8100000023841858,0.81,0,Forward,9871,benign
70,NoControl,NoControl,,0,0.7902960777282715,0.7900000214576721,0.79,0,Forward,9907,benign
71,NoControl,NoControl,,1,0.9019876718521118,0.8999999761581421,0.9,0,Forward,10288,attack
72,NoControl,NoControl,,1,0.8918544054031372,0.8899999856948853,0.89,0,Forward,10301,attack
73,NoControl,NoControl,,1,0.8455605506896973,0.8500000238418579,0.85,0,Forward,10545,attack
74,NoControl,NoControl,,0,0.8055262565612793,0.800000011920929,0.79,0,Forward,10720,benign
75,NoControl,NoControl,,1,0.8840524554252625,0.8700000047683716,0.88,0,Forward,10844,attack
76,NoControl,NoControl,,1,0.8640789985656738,0.8500000238418579,0.86,0,Forward,10855,attack
77,NoControl,NoControl,,0,0.7940945625305176,0.7799999713897705,0.79,0,Forward,10888,benign
78,NoControl,NoControl,,0,0.7955327033996582,0.7900000214576721,0.8,0,Forward,10926,benign
79,NoControl,NoControl,,0,0.8359295725822449,0.8299999833106995,0.84,0,Forward,11013,benign
80,NoControl,NoControl,,0,0.8027329444885254,0.7900000214576721,0.79,0,Forward,11177,benign
81,NoControl,NoControl,,0,0.8449897170066833,0.8399999737739563,0.84,0,Forward,11275,benign
82,NoControl,NoControl,,0,0.8350366950035095,0.8299999833106995,0.83,0,Forward,11301,benign
83,NoControl,NoControl,,0,0.8350360989570618,0.8299999833106995,0.83,0,Forward,11302,benign
84,NoControl,NoControl,,0,0.81482994556427,0.8100000023841858,0.81,0,Forward,11352,benign
85,NoControl,NoControl,,1,0.8718368411064148,0.8700000047683716,0.87,0,Forward,11464,attack
86,NoControl,NoControl,,1,0.8501495122909546,0.8500000238418579,0.86,0,Forward,11772,attack
87,NoControl,NoControl,,0,0.8084815144538879,0.800000011920929,0.81,0,Forward,11813,benign
88,NoControl,NoControl,,0,0.8098862171173096,0.8100000023841858,0.81,0,Forward,11881,benign
89,NoControl,NoControl,,1,0.8678771257400513,0.8700000047683716,0.86,0,Forward,12061,attack
90,NoControl,NoControl,,0,0.8481305837631226,0.8500000238418579,0.84,0,Forward,12088,benign
91,NoControl,NoControl,,1,0.858406126499176,0.8600000143051147,0.85,0,Forward,12109,attack
92,NoControl,NoControl,,1,0.8504123091697693,0.8500000238418579,0.85,0,Forward,12137,attack
93,NoControl,NoControl,,0,0.8224881887435913,0.8199999928474426,0.82,0,Forward,12176,benign
94,NoControl,NoControl,,0,0.8422060608863831,0.8399999737739563,0.84,0,Forward,12187,benign
95,NoControl,NoControl,,0,0.8399506211280823,0.8399999737739563,0.84,0,Forward,12297,benign
96,NoControl,NoControl,,1,0.8687772154808044,0.8700000047683716,0.87,0,Forward,12464,attack
97,NoControl,NoControl,,1,0.8521358966827393,0.8500000238418579,0.85,0,Forward,12715,attack
98,NoControl,NoControl,,1,0.8409515619277954,0.8399999737739563,0.85,0,Forward,12891,attack
99,NoControl,NoControl,,1,0.8435349464416504,0.8399999737739563,0.85,0,Forward,12963,attack
100,NoControl,NoControl,,0,0.8321276307106018,0.8299999833106995,0.83,0,Forward,13036,benign
101,NoControl,NoControl,,0,0.8130981922149658,0.8100000023841858,0.81,0,Forward,13047,benign
102,NoControl,NoControl,,0,0.8230418562889099,0.8199999928474426,0.82,0,Forward,13058,benign
103,NoControl,NoControl,,1,0.8648033142089844,0.8600000143051147,0.86,0,Forward,13189,attack
104,NoControl,NoControl,,1,0.8940011858940125,0.8899999856948853,0.89,0,Forward,13220,attack
105,NoControl,NoControl,,1,0.8817206621170044,0.8799999952316284,0.89,0,Forward,13229,attack
106,NoControl,NoControl,,0,0.789798378944397,0.7900000214576721,0.79,0,Forward,13418,benign
107,NoControl,NoControl,,0,0.799791693687439,0.800000011920929,0.8,0,Forward,13422,benign
108,NoControl,NoControl,,1,0.8395397067070007,0.8399999737739563,0.85,0,Forward,13790,attack
109,NoControl,NoControl,,0,0.8311482071876526,0.8299999833106995,0.84,0,Forward,13821,benign
110,NoControl,NoControl,,1,0.8897304534912109,0.8899999856948853,0.89,0,Forward,13896,attack
111,NoControl,NoControl,,1,0.8981784582138062,0.8999999761581421,0.9,0,Forward,13941,attack
112,NoControl,NoControl,,0,0.8418792486190796,0.8500000238418579,0.84,0,Forward,14060,benign
113,NoControl,NoControl,,0,0.8191235065460205,0.8100000023841858,0.8,0,Forward,14233,benign
114,NoControl,NoControl,,1,0.8727867007255554,0.8700000047683716,0.88,0,Forward,14309,attack
115,NoControl,NoControl,,1,0.859923243522644,0.8600000143051147,0.86,0,Forward,15051,attack
116,NoControl,NoControl,,1,0.8823280930519104,0.8799999952316284,0.88,0,Forward,15187,attack
117,NoControl,NoControl,,0,0.8324939608573914,0.8299999833106995,0.83,0,Forward,15211,benign
118,NoControl,NoControl,,1,0.8637133836746216,0.8600000143051147,0.86,0,Forward,15308,attack
119,NoControl,NoControl,,0,0.8160220384597778,0.8100000023841858,0.82,0,Forward,15325,benign
120,NoControl,NoControl,,0,0.754787802696228,0.75,0.76,0,Forward,15412,benign
121,NoControl,NoControl,,1,0.851523756980896,0.8500000238418579,0.85,0,Forward,15587,attack
122,NoControl,NoControl,,1,0.8701123595237732,0.8700000047683716,0.87,0,Forward,15646,attack
123,NoControl,NoControl,,1,0.8801069855690002,0.8799999952316284,0.88,0,Forward,15647,attack
124,NoControl,NoControl,,1,0.9189636707305908,0.9200000166893005,0.91,0,Forward,15731,attack
125,NoControl,NoControl,,0,0.8464939594268799,0.8500000238418579,0.84,0,Forward,16024,benign
126,NoControl,NoControl,,1,0.8612254858016968,0.8600000143051147,0.87,0,Forward,16469,attack
127,NoControl,NoControl,,1,0.8597354292869568,0.8600000143051147,0.87,0,Forward,16492,attack
128,NoControl,NoControl,,1,0.8625316619873047,0.8600000143051147,0.86,0,Forward,16621,attack
129,NoControl,NoControl,,1,0.8625324964523315,0.8600000143051147,0.86,0,Forward,16622,attack
130,NoControl,NoControl,,0,0.8334140777587891,0.8299999833106995,0.84,0,Forward,16712,benign
131,NoControl,NoControl,,1,0.8998856544494629,0.8999999761581421,0.9,0,Forward,16856,attack
132,NoControl,NoControl,,1,0.8994457721710205,0.8999999761581421,0.9,0,Forward,16929,attack
133,NoControl,NoControl,,1,0.8741875290870667,0.8700000047683716,0.88,0,Forward,17031,attack
134,NoControl,NoControl,,0,0.8287768363952637,0.8199999928474426,0.84,0,Forward,17229,benign
135,NoControl,NoControl,,0,0.8439942002296448,0.8399999737739563,0.84,0,Forward,17474,benign
136,NoControl,NoControl,,0,0.8278783559799194,0.8199999928474426,0.82,0,Forward,17678,benign
137,NoControl,NoControl,,0,0.8066718578338623,0.800000011920929,0.8,0,Forward,17719,benign
138,NoControl,NoControl,,0,0.8577614426612854,0.8500000238418579,0.84,0,Forward,18102,benign
139,NoControl,NoControl,,1,0.8832355737686157,0.8799999952316284,0.87,0,Forward,18120,attack
140,NoControl,NoControl,,1,0.8787582516670227,0.8799999952316284,0.88,0,Forward,18188,attack
141,NoControl,NoControl,,1,0.9003291130065918,0.8999999761581421,0.9,0,Forward,18373,attack
142,NoControl,NoControl,,0,0.8293827176094055,0.8299999833106995,0.83,0,Forward,18429,benign
143,NoControl,NoControl,,0,0.8019344806671143,0.800000011920929,0.8,0,Forward,18605,benign
144,NoControl,NoControl,,0,0.7719220519065857,0.7699999809265137,0.77,0,Forward,18629,benign
145,NoControl,NoControl,,1,0.8580705523490906,0.8600000143051147,0.86,0,Forward,19034,attack
146,NoControl,NoControl,,1,0.8591589331626892,0.8600000143051147,0.86,0,Forward,19261,attack
147,NoControl,NoControl,,0,0.8198917508125305,0.8199999928474426,0.82,0,Forward,19568,benign
148,NoControl,NoControl,,0,0.8346434831619263,0.8299999833106995,0.84,0,Forward,19606,benign
149,NoControl,NoControl,,0,0.6925909519195557,0.6899999976158142,0.69,0,Forward,19803,benign
150,NoControl,NoControl,,1,0.8533068895339966,0.8500000238418579,0.85,0,Forward,19973,attack
151,NoControl,NoControl,,1,0.9491422176361084,0.949999988079071,0.95,0,Forward,20134,attack
152,NoControl,NoControl,,1,0.8576992154121399,0.8600000143051147,0.86,0,Forward,20261,attack
153,NoControl,NoControl,,0,0.837689220905304,0.8399999737739563,0.84,0,Forward,20271,benign
154,NoControl,NoControl,,1,0.8698458075523376,0.8700000047683716,0.87,0,Forward,20328,attack
155,NoControl,NoControl,,1,0.8497189879417419,0.8500000238418579,0.85,0,Forward,20578,attack
156,NoControl,NoControl,,1,0.8485469818115234,0.8500000238418579,0.85,0,Forward,20712,attack
157,NoControl,NoControl,,1,0.8510622978210449,0.8500000238418579,0.86,0,Forward,20838,attack
158,NoControl,NoControl,,0,0.8205698132514954,0.8199999928474426,0.82,0,Forward,20916,benign
159,NoControl,NoControl,,0,0.7999889254570007,0.800000011920929,0.8,0,Forward,21203,benign
160,NoControl,NoControl,,0,0.7922539710998535,0.7900000214576721,0.8,0,Forward,21295,benign
161,NoControl,NoControl,,0,0.7913861870765686,0.7900000214576721,0.8,0,Forward,21299,benign
162,NoControl,NoControl,,0,0.830646812915802,0.8299999833106995,0.84,0,Forward,21508,benign
163,NoControl,NoControl,,1,0.8479499816894531,0.8500000238418579,0.85,0,Forward,21600,attack
164,NoControl,NoControl,,0,0.8187517523765564,0.8199999928474426,0.81,0,Forward,21733,benign
165,NoControl,NoControl,,0,0.7671636343002319,0.7599999904632568,0.76,0,Forward,21806,benign
166,NoControl,NoControl,,1,0.8541373610496521,0.8399999737739563,0.86,0,Forward,21948,attack
167,NoControl,NoControl,,1,0.876903235912323,0.8700000047683716,0.87,0,Forward,22082,attack
168,NoControl,NoControl,,1,0.9052704572677612,0.8999999761581421,0.9,0,Forward,22110,attack
169,NoControl,NoControl,,0,0.8391054272651672,0.8399999737739563,0.83,0,Forward,22171,benign
170,NoControl,NoControl,,1,0.8498303294181824,0.8500000238418579,0.85,0,Forward,22284,attack
171,NoControl,NoControl,,1,0.8491634130477905,0.8500000238418579,0.85,0,Forward,22317,attack
172,NoControl,NoControl,,1,0.8691211938858032,0.8700000047683716,0.87,0,Forward,22329,attack
173,NoControl,NoControl,,1,0.8876321911811829,0.8899999856948853,0.89,0,Forward,22468,attack
174,NoControl,NoControl,,1,0.8775237202644348,0.8799999952316284,0.88,0,Forward,22501,attack
175,NoControl,NoControl,,0,0.8302080035209656,0.8299999833106995,0.83,0,Forward,22708,benign
176,NoControl,NoControl,,1,0.8703062534332275,0.8700000047683716,0.87,0,Forward,22853,attack
177,NoControl,NoControl,,0,0.8237143158912659,0.8199999928474426,0.82,0,Forward,22944,benign
178,NoControl,NoControl,,1,0.8696657419204712,0.8600000143051147,0.86,0,Forward,23025,attack
179,NoControl,NoControl,,1,0.8847257494926453,0.8799999952316284,0.88,0,Forward,23094,attack
180,NoControl,NoControl,,1,0.8747749924659729,0.8700000047683716,0.87,0,Forward,23112,attack
181,NoControl,NoControl,,0,0.8125288486480713,0.8100000023841858,0.81,0,Forward,23209,benign
182,NoControl,NoControl,,0,0.8284656405448914,0.8299999833106995,0.83,0,Forward,23431,benign
183,NoControl,NoControl,,1,0.8589532971382141,0.8600000143051147,0.86,0,Forward,23733,attack
184,NoControl,NoControl,,1,0.8488499522209167,0.8500000238418579,0.85,0,Forward,23759,attack
185,NoControl,NoControl,,0,0.8388105034828186,0.8399999737739563,0.84,0,Forward,23778,benign
186,NoControl,NoControl,,0,0.8340607285499573,0.8299999833106995,0.83,0,Forward,23811,benign
187,NoControl,NoControl,,0,0.8036412000656128,0.800000011920929,0.8,0,Forward,24133,benign
188,NoControl,NoControl,,0,0.7837530374526978,0.7799999713897705,0.78,0,Forward,24191,benign
189,NoControl,NoControl,,0,0.7800889611244202,0.7799999713897705,0.78,0,Forward,24211,benign
190,NoControl,NoControl,,1,0.8676241040229797,0.8600000143051147,0.87,0,Forward,24373,attack
191,NoControl,NoControl,,0,0.8401661515235901,0.8399999737739563,0.84,0,Forward,24560,benign
192,NoControl,NoControl,,1,0.8799384832382202,0.8799999952316284,0.88,0,Forward,24613,attack
193,NoControl,NoControl,,1,0.889945924282074,0.8899999856948853,0.89,0,Forward,24618,attack
194,NoControl,NoControl,,1,0.8958290219306946,0.8899999856948853,0.91,0,Forward,24726,attack
195,NoControl,NoControl,,1,0.8804629445075989,0.8799999952316284,0.88,0,Forward,24772,attack
196,NoControl,NoControl,,0,0.843108594417572,0.8399999737739563,0.84,0,Forward,24837,benign
197,NoControl,NoControl,,0,0.8299122452735901,0.8299999833106995,0.83,0,Forward,24967,benign
198,NoControl,NoControl,,0,0.8168489336967468,0.8199999928474426,0.82,0,Forward,24996,benign
199,NoControl,NoControl,,0,0.7699838280677795,0.7599999904632568,0.77,0,Forward,25212,benign
200,NoControl,NoControl,,1,0.8604229688644409,0.8600000143051147,0.86,0,Forward,25323,attack
201,NoControl,NoControl,,1,0.8699449300765991,0.8700000047683716,0.87,0,Forward,25341,attack
202,NoControl,NoControl,,0,0.7626132369041443,0.7599999904632568,0.76,0,Forward,25525,benign
203,NoControl,NoControl,,0,0.7826955914497375,0.7799999713897705,0.78,0,Forward,25624,benign
204,NoControl,NoControl,,1,0.8601194024085999,0.8600000143051147,0.86,0,Forward,25753,attack
205,NoControl,NoControl,,1,0.8498777151107788,0.8500000238418579,0.85,0,Forward,25855,attack
206,NoControl,NoControl,,1,0.8552750945091248,0.8600000143051147,0.85,0,Forward,25924,attack
207,NoControl,NoControl,,1,0.8599913120269775,0.8600000143051147,0.86,0,Forward,26023,attack
208,NoControl,NoControl,,0,0.8406216502189636,0.8399999737739563,0.84,0,Forward,26138,benign
209,NoControl,NoControl,,0,0.8106439113616943,0.8100000023841858,0.81,0,Forward,26215,benign
210,NoControl,NoControl,,1,0.8734425902366638,0.8700000047683716,0.88,0,Forward,26320,attack
211,NoControl,NoControl,,1,0.8734425902366638,0.8700000047683716,0.88,0,Forward,26321,attack
212,NoControl,NoControl,,0,0.8274185657501221,0.8199999928474426,0.82,0,Forward,26485,benign
213,NoControl,NoControl,,0,0.7977456450462341,0.7900000214576721,0.8,0,Forward,26629,benign
214,NoControl,NoControl,,0,0.7860429883003235,0.7799999713897705,0.79,0,Forward,26652,benign
215,NoControl,NoControl,,0,0.8211085796356201,0.8199999928474426,0.82,0,Forward,27007,benign
216,NoControl,NoControl,,0,0.8113611340522766,0.8100000023841858,0.81,0,Forward,27027,benign
217,NoControl,NoControl,,0,0.8113600015640259,0.8100000023841858,0.81,0,Forward,27028,benign
218,NoControl,NoControl,,1,0.8569684028625488,0.8500000238418579,0.86,0,Forward,27099,attack
219,NoControl,NoControl,,1,0.8499709963798523,0.8500000238418579,0.85,0,Forward,27290,attack
220,NoControl,NoControl,,0,0.8199859857559204,0.8199999928474426,0.82,0,Forward,27385,benign
221,NoControl,NoControl,,0,0.8246893286705017,0.8199999928474426,0.82,0,Forward,27475,benign
222,NoControl,NoControl,,1,0.8756607174873352,0.8799999952316284,0.88,0,Forward,27647,attack
223,NoControl,NoControl,,1,0.8587411642074585,0.8600000143051147,0.86,0,Forward,27708,attack
224,NoControl,NoControl,,0,0.8176383972167969,0.8199999928474426,0.81,0,Forward,27800,benign
225,NoControl,NoControl,,0,0.8300334215164185,0.8299999833106995,0.82,0,Forward,27874,benign
226,NoControl,NoControl,,1,0.8468767404556274,0.8399999737739563,0.85,0,Forward,28068,attack
227,NoControl,NoControl,,0,0.8368855118751526,0.8299999833106995,0.84,0,Forward,28073,benign
228,NoControl,NoControl,,1,0.879469096660614,0.8799999952316284,0.87,0,Forward,28281,attack
229,NoControl,NoControl,,0,0.8395709991455078,0.8399999737739563,0.83,0,Forward,28318,benign
230,NoControl,NoControl,,0,0.8398676514625549,0.8399999737739563,0.84,0,Forward,28618,benign
231,NoControl,NoControl,,0,0.824093222618103,0.8199999928474426,0.83,0,Forward,28794,benign
232,NoControl,NoControl,,0,0.8240866661071777,0.8199999928474426,0.83,0,Forward,28804,benign
233,NoControl,NoControl,,1,0.8526306748390198,0.8500000238418579,0.85,0,Forward,28906,attack
234,NoControl,NoControl,,1,0.8526313900947571,0.8500000238418579,0.85,0,Forward,28907,attack
235,NoControl,NoControl,,1,0.8500974178314209,0.8500000238418579,0.85,0,Forward,29018,attack
236,NoControl,NoControl,,0,0.8424707651138306,0.8399999737739563,0.84,0,Forward,29042,benign
237,NoControl,NoControl,,0,0.8119410872459412,0.8100000023841858,0.81,0,Forward,29145,benign
238,NoControl,NoControl,,0,0.8217334747314453,0.8199999928474426,0.82,0,Forward,29234,benign
239,NoControl,NoControl,,0,0.8317458629608154,0.8299999833106995,0.83,0,Forward,29238,benign
240,NoControl,NoControl,,0,0.8088564872741699,0.8100000023841858,0.81,0,Forward,29334,benign
241,NoControl,NoControl,,1,0.8475148677825928,0.8500000238418579,0.85,0,Forward,29394,attack
242,NoControl,NoControl,,0,0.8201691508293152,0.8199999928474426,0.83,0,Forward,29434,benign
243,NoControl,NoControl,,1,0.8426319360733032,0.8399999737739563,0.85,0,Forward,29457,attack
244,NoControl,NoControl,,0,0.8261587023735046,0.8299999833106995,0.83,0,Forward,29590,benign
245,NoControl,NoControl,,0,0.8141408562660217,0.8100000023841858,0.82,0,Forward,29634,benign
246,NoControl,NoControl,,0,0.8041713237762451,0.800000011920929,0.81,0,Forward,29644,benign
247,NoControl,NoControl,,0,0.8383910655975342,0.8399999737739563,0.84,0,Forward,29713,benign
248,NoControl,NoControl,,1,0.9029292464256287,0.8999999761581421,0.9,0,Forward,29828,attack
0,Greedy,Greedy,,1,0.879833996295929,0.8799999952316284,0.88,6,Isolate,34,attack
1,Greedy,Greedy,,0,0.8099673390388489,0.8100000023841858,0.81,6,Isolate,163,benign
2,Greedy,Greedy,,0,0.8290244936943054,0.8299999833106995,0.82,6,Isolate,359,benign
3,Greedy,Greedy,,1,0.8779748678207397,0.8799999952316284,0.87,6,Isolate,543,attack
4,Greedy,Greedy,,1,0.8908616900444031,0.8899999856948853,0.89,6,Isolate,788,attack
5,Greedy,Greedy,,0,0.8184310793876648,0.8199999928474426,0.83,6,Isolate,1007,benign
6,Greedy,Greedy,,1,0.8630930185317993,0.8700000047683716,0.86,6,Isolate,1077,attack
7,Greedy,Greedy,,0,0.7812010049819946,0.7799999713897705,0.78,6,Isolate,1173,benign
8,Greedy,Greedy,,0,0.7988349199295044,0.800000011920929,0.8,6,Isolate,1338,benign
9,Greedy,Greedy,,1,0.8783858418464661,0.8799999952316284,0.88,6,Isolate,1589,attack
10,Greedy,Greedy,,1,0.9270837903022766,0.9300000071525574,0.93,6,Isolate,1711,attack
11,Greedy,Greedy,,1,0.9204261302947998,0.9200000166893005,0.92,6,Isolate,1755,attack
12,Greedy,Greedy,,1,0.8790686726570129,0.8799999952316284,0.88,6,Isolate,1826,attack
13,Greedy,Greedy,,1,0.8598487377166748,0.8600000143051147,0.86,6,Isolate,2303,attack
14,Greedy,Greedy,,1,0.8559197187423706,0.8500000238418579,0.87,6,Isolate,2509,attack
15,Greedy,Greedy,,1,0.8448888659477234,0.8399999737739563,0.85,6,Isolate,2579,attack
16,Greedy,Greedy,,1,0.8343343138694763,0.8299999833106995,0.85,6,Isolate,2704,attack
17,Greedy,Greedy,,1,0.909209668636322,0.9100000262260437,0.91,6,Isolate,2984,attack
18,Greedy,Greedy,,1,0.892710268497467,0.8899999856948853,0.89,6,Isolate,3042,attack
19,Greedy,Greedy,,0,0.779188334941864,0.7799999713897705,0.78,6,Isolate,3187,benign
20,Greedy,Greedy,,0,0.7874859571456909,0.7900000214576721,0.79,6,Isolate,3200,benign
21,Greedy,Greedy,,1,0.8884751200675964,0.8899999856948853,0.88,6,Isolate,3480,attack
22,Greedy,Greedy,,0,0.8297797441482544,0.8299999833106995,0.83,6,Isolate,3603,benign
23,Greedy,Greedy,,1,0.8987791538238525,0.8999999761581421,0.9,6,Isolate,4036,attack
24,Greedy,Greedy,,1,0.9100563526153564,0.9100000262260437,0.91,6,Isolate,4096,attack
25,Greedy,Greedy,,0,0.7760412693023682,0.7799999713897705,0.78,6,Isolate,4223,benign
26,Greedy,Greedy,,0,0.7967140674591064,0.7900000214576721,0.8,6,Isolate,4492,benign
27,Greedy,Greedy,,0,0.773356556892395,0.7699999809265137,0.78,6,Isolate,4724,benign
28,Greedy,Greedy,,1,0.9137651920318604,0.9100000262260437,0.92,6,Isolate,4794,attack
29,Greedy,Greedy,,1,0.8725376129150391,0.8700000047683716,0.88,6,Isolate,4856,attack
30,Greedy,Greedy,,1,0.8711929321289062,0.8700000047683716,0.88,6,Isolate,4879,attack
31,Greedy,Greedy,,1,0.8682050108909607,0.8700000047683716,0.87,6,Isolate,5004,attack
32,Greedy,Greedy,,1,0.8684120178222656,0.8700000047683716,0.87,6,Isolate,5015,attack
33,Greedy,Greedy,,1,0.9081689715385437,0.9100000262260437,0.91,6,Isolate,5100,attack
34,Greedy,Greedy,,1,0.8976726531982422,0.8999999761581421,0.9,6,Isolate,5137,attack
35,Greedy,Greedy,,0,0.8373674154281616,0.8399999737739563,0.83,6,Isolate,5188,benign
36,Greedy,Greedy,,1,0.862047553062439,0.8600000143051147,0.86,6,Isolate,5222,attack
37,Greedy,Greedy,,1,0.8858568668365479,0.8799999952316284,0.89,6,Isolate,5375,attack
38,Greedy,Greedy,,1,0.8564433455467224,0.8500000238418579,0.86,6,Isolate,5529,attack
39,Greedy,Greedy,,0,0.8269306421279907,0.8199999928474426,0.83,6,Isolate,5615,benign
40,Greedy,Greedy,,0,0.813768208026886,0.8100000023841858,0.8,6,Isolate,5691,benign
41,Greedy,Greedy,,0,0.8197215795516968,0.8100000023841858,0.81,6,Isolate,5747,benign
42,Greedy,Greedy,,0,0.8220182061195374,0.8100000023841858,0.81,6,Isolate,5774,benign
43,Greedy,Greedy,,1,0.8663164377212524,0.8600000143051147,0.86,6,Isolate,5933,attack
44,Greedy,Greedy,,0,0.849316418170929,0.8399999737739563,0.84,6,Isolate,5966,benign
45,Greedy,Greedy,,0,0.8093292713165283,0.800000011920929,0.8,6,Isolate,6009,benign
46,Greedy,Greedy,,0,0.8414927124977112,0.8399999737739563,0.83,6,Isolate,6047,benign
47,Greedy,Greedy,,0,0.7934058308601379,0.7900000214576721,0.79,6,Isolate,6156,benign
48,Greedy,Greedy,,0,0.7934057116508484,0.7900000214576721,0.79,6,Isolate,6158,benign
49,Greedy,Greedy,,0,0.8012173175811768,0.800000011920929,0.8,6,Isolate,6161,benign
50,Greedy,Greedy,,1,0.8523243069648743,0.8500000238418579,0.85,6,Isolate,6544,attack
51,Greedy,Greedy,,1,0.8538548350334167,0.8500000238418579,0.85,6,Isolate,6691,attack
52,Greedy,Greedy,,0,0.8254052996635437,0.8299999833106995,0.83,6,Isolate,7158,benign
53,Greedy,Greedy,,0,0.7887188196182251,0.7900000214576721,0.79,6,Isolate,7298,benign
54,Greedy,Greedy,,1,0.8693459033966064,0.8700000047683716,0.87,6,Isolate,7805,attack
55,Greedy,Greedy,,0,0.8328465819358826,0.8299999833106995,0.83,6,Isolate,7938,benign
56,Greedy,Greedy,,1,0.8672149181365967,0.8700000047683716,0.87,6,Isolate,8112,attack
57,Greedy,Greedy,,1,0.8870208859443665,0.8899999856948853,0.89,6,Isolate,8169,attack
58,Greedy,Greedy,,1,0.8547448515892029,0.8600000143051147,0.86,6,Isolate,8187,attack
59,Greedy,Greedy,,1,0.8655512928962708,0.8700000047683716,0.87,6,Isolate,8323,attack
60,Greedy,Greedy,,0,0.7602249383926392,0.7599999904632568,0.76,6,Isolate,8570,benign
61,Greedy,Greedy,,0,0.7500377893447876,0.75,0.75,6,Isolate,8585,benign
62,Greedy,Greedy,,0,0.7400667071342468,0.7400000095367432,0.74,6,Isolate,8593,benign
63,Greedy,Greedy,,1,0.8890588283538818,0.8899999856948853,0.88,6,Isolate,8699,attack
64,Greedy,Greedy,,1,0.8890588879585266,0.8899999856948853,0.88,6,Isolate,8700,attack
65,Greedy,Greedy,,0,0.8400719165802002,0.8399999737739563,0.84,6,Isolate,8758,benign
66,Greedy,Greedy,,0,0.800307035446167,0.7900000214576721,0.79,6,Isolate,8963,benign
67,Greedy,Greedy,,0,0.8101561069488525,0.8100000023841858,0.81,6,Isolate,9413,benign
68,Greedy,Greedy,,1,0.8594833612442017,0.8600000143051147,0.86,6,Isolate,9754,attack
69,Greedy,Greedy,,0,0.8076704144477844,0.8100000023841858,0.81,6,Isolate,9871,benign
70,Greedy,Greedy,,0,0.7902960777282715,0.7900000214576721,0.79,6,Isolate,9907,benign
71,Greedy,Greedy,,1,0.9019876718521118,0.8999999761581421,0.9,6,Isolate,10288,attack
72,Greedy,Greedy,,1,0.8918544054031372,0.8899999856948853,0.89,6,Isolate,10301,attack
73,Greedy,Greedy,,1,0.8455605506896973,0.8500000238418579,0.85,6,Isolate,10545,attack
74,Greedy,Greedy,,0,0.8055262565612793,0.800000011920929,0.79,6,Isolate,10720,benign
75,Greedy,Greedy,,1,0.8840524554252625,0.8700000047683716,0.88,6,Isolate,10844,attack
76,Greedy,Greedy,,1,0.8640789985656738,0.8500000238418579,0.86,6,Isolate,10855,attack
77,Greedy,Greedy,,0,0.7940945625305176,0.7799999713897705,0.79,6,Isolate,10888,benign
78,Greedy,Greedy,,0,0.7955327033996582,0.7900000214576721,0.8,6,Isolate,10926,benign
79,Greedy,Greedy,,0,0.8359295725822449,0.8299999833106995,0.84,6,Isolate,11013,benign
80,Greedy,Greedy,,0,0.8027329444885254,0.7900000214576721,0.79,6,Isolate,11177,benign
81,Greedy,Greedy,,0,0.8449897170066833,0.8399999737739563,0.84,6,Isolate,11275,benign
82,Greedy,Greedy,,0,0.8350366950035095,0.8299999833106995,0.83,6,Isolate,11301,benign
83,Greedy,Greedy,,0,0.8350360989570618,0.8299999833106995,0.83,6,Isolate,11302,benign
84,Greedy,Greedy,,0,0.81482994556427,0.8100000023841858,0.81,6,Isolate,11352,benign
85,Greedy,Greedy,,1,0.8718368411064148,0.8700000047683716,0.87,6,Isolate,11464,attack
86,Greedy,Greedy,,1,0.8501495122909546,0.8500000238418579,0.86,6,Isolate,11772,attack
87,Greedy,Greedy,,0,0.8084815144538879,0.800000011920929,0.81,6,Isolate,11813,benign
88,Greedy,Greedy,,0,0.8098862171173096,0.8100000023841858,0.81,6,Isolate,11881,benign
89,Greedy,Greedy,,1,0.8678771257400513,0.8700000047683716,0.86,6,Isolate,12061,attack
90,Greedy,Greedy,,0,0.8481305837631226,0.8500000238418579,0.84,6,Isolate,12088,benign
91,Greedy,Greedy,,1,0.858406126499176,0.8600000143051147,0.85,6,Isolate,12109,attack
92,Greedy,Greedy,,1,0.8504123091697693,0.8500000238418579,0.85,6,Isolate,12137,attack
93,Greedy,Greedy,,0,0.8224881887435913,0.8199999928474426,0.82,6,Isolate,12176,benign
94,Greedy,Greedy,,0,0.8422060608863831,0.8399999737739563,0.84,6,Isolate,12187,benign
95,Greedy,Greedy,,0,0.8399506211280823,0.8399999737739563,0.84,6,Isolate,12297,benign
96,Greedy,Greedy,,1,0.8687772154808044,0.8700000047683716,0.87,6,Isolate,12464,attack
97,Greedy,Greedy,,1,0.8521358966827393,0.8500000238418579,0.85,6,Isolate,12715,attack
98,Greedy,Greedy,,1,0.8409515619277954,0.8399999737739563,0.85,6,Isolate,12891,attack
99,Greedy,Greedy,,1,0.8435349464416504,0.8399999737739563,0.85,6,Isolate,12963,attack
100,Greedy,Greedy,,0,0.8321276307106018,0.8299999833106995,0.83,6,Isolate,13036,benign
101,Greedy,Greedy,,0,0.8130981922149658,0.8100000023841858,0.81,6,Isolate,13047,benign
102,Greedy,Greedy,,0,0.8230418562889099,0.8199999928474426,0.82,6,Isolate,13058,benign
103,Greedy,Greedy,,1,0.8648033142089844,0.8600000143051147,0.86,6,Isolate,13189,attack
104,Greedy,Greedy,,1,0.8940011858940125,0.8899999856948853,0.89,6,Isolate,13220,attack
105,Greedy,Greedy,,1,0.8817206621170044,0.8799999952316284,0.89,6,Isolate,13229,attack
106,Greedy,Greedy,,0,0.789798378944397,0.7900000214576721,0.79,6,Isolate,13418,benign
107,Greedy,Greedy,,0,0.799791693687439,0.800000011920929,0.8,6,Isolate,13422,benign
108,Greedy,Greedy,,1,0.8395397067070007,0.8399999737739563,0.85,6,Isolate,13790,attack
109,Greedy,Greedy,,0,0.8311482071876526,0.8299999833106995,0.84,6,Isolate,13821,benign
110,Greedy,Greedy,,1,0.8897304534912109,0.8899999856948853,0.89,6,Isolate,13896,attack
111,Greedy,Greedy,,1,0.8981784582138062,0.8999999761581421,0.9,6,Isolate,13941,attack
112,Greedy,Greedy,,0,0.8418792486190796,0.8500000238418579,0.84,6,Isolate,14060,benign
113,Greedy,Greedy,,0,0.8191235065460205,0.8100000023841858,0.8,6,Isolate,14233,benign
114,Greedy,Greedy,,1,0.8727867007255554,0.8700000047683716,0.88,6,Isolate,14309,attack
115,Greedy,Greedy,,1,0.859923243522644,0.8600000143051147,0.86,6,Isolate,15051,attack
116,Greedy,Greedy,,1,0.8823280930519104,0.8799999952316284,0.88,6,Isolate,15187,attack
117,Greedy,Greedy,,0,0.8324939608573914,0.8299999833106995,0.83,6,Isolate,15211,benign
118,Greedy,Greedy,,1,0.8637133836746216,0.8600000143051147,0.86,6,Isolate,15308,attack
119,Greedy,Greedy,,0,0.8160220384597778,0.8100000023841858,0.82,6,Isolate,15325,benign
120,Greedy,Greedy,,0,0.754787802696228,0.75,0.76,6,Isolate,15412,benign
121,Greedy,Greedy,,1,0.851523756980896,0.8500000238418579,0.85,6,Isolate,15587,attack
122,Greedy,Greedy,,1,0.8701123595237732,0.8700000047683716,0.87,6,Isolate,15646,attack
123,Greedy,Greedy,,1,0.8801069855690002,0.8799999952316284,0.88,6,Isolate,15647,attack
124,Greedy,Greedy,,1,0.9189636707305908,0.9200000166893005,0.91,6,Isolate,15731,attack
125,Greedy,Greedy,,0,0.8464939594268799,0.8500000238418579,0.84,6,Isolate,16024,benign
126,Greedy,Greedy,,1,0.8612254858016968,0.8600000143051147,0.87,6,Isolate,16469,attack
127,Greedy,Greedy,,1,0.8597354292869568,0.8600000143051147,0.87,6,Isolate,16492,attack
128,Greedy,Greedy,,1,0.8625316619873047,0.8600000143051147,0.86,6,Isolate,16621,attack
129,Greedy,Greedy,,1,0.8625324964523315,0.8600000143051147,0.86,6,Isolate,16622,attack
130,Greedy,Greedy,,0,0.8334140777587891,0.8299999833106995,0.84,6,Isolate,16712,benign
131,Greedy,Greedy,,1,0.8998856544494629,0.8999999761581421,0.9,6,Isolate,16856,attack
132,Greedy,Greedy,,1,0.8994457721710205,0.8999999761581421,0.9,6,Isolate,16929,attack
133,Greedy,Greedy,,1,0.8741875290870667,0.8700000047683716,0.88,6,Isolate,17031,attack
134,Greedy,Greedy,,0,0.8287768363952637,0.8199999928474426,0.84,6,Isolate,17229,benign
135,Greedy,Greedy,,0,0.8439942002296448,0.8399999737739563,0.84,6,Isolate,17474,benign
136,Greedy,Greedy,,0,0.8278783559799194,0.8199999928474426,0.82,6,Isolate,17678,benign
137,Greedy,Greedy,,0,0.8066718578338623,0.800000011920929,0.8,6,Isolate,17719,benign
138,Greedy,Greedy,,0,0.8577614426612854,0.8500000238418579,0.84,6,Isolate,18102,benign
139,Greedy,Greedy,,1,0.8832355737686157,0.8799999952316284,0.87,6,Isolate,18120,attack
140,Greedy,Greedy,,1,0.8787582516670227,0.8799999952316284,0.88,6,Isolate,18188,attack
141,Greedy,Greedy,,1,0.9003291130065918,0.8999999761581421,0.9,6,Isolate,18373,attack
142,Greedy,Greedy,,0,0.8293827176094055,0.8299999833106995,0.83,6,Isolate,18429,benign
143,Greedy,Greedy,,0,0.8019344806671143,0.800000011920929,0.8,6,Isolate,18605,benign
144,Greedy,Greedy,,0,0.7719220519065857,0.7699999809265137,0.77,6,Isolate,18629,benign
145,Greedy,Greedy,,1,0.8580705523490906,0.8600000143051147,0.86,6,Isolate,19034,attack
146,Greedy,Greedy,,1,0.8591589331626892,0.8600000143051147,0.86,6,Isolate,19261,attack
147,Greedy,Greedy,,0,0.8198917508125305,0.8199999928474426,0.82,6,Isolate,19568,benign
148,Greedy,Greedy,,0,0.8346434831619263,0.8299999833106995,0.84,6,Isolate,19606,benign
149,Greedy,Greedy,,0,0.6925909519195557,0.6899999976158142,0.69,1,Inspect,19803,benign
150,Greedy,Greedy,,1,0.8533068895339966,0.8500000238418579,0.85,6,Isolate,19973,attack
151,Greedy,Greedy,,1,0.9491422176361084,0.949999988079071,0.95,6,Isolate,20134,attack
152,Greedy,Greedy,,1,0.8576992154121399,0.8600000143051147,0.86,6,Isolate,20261,attack
153,Greedy,Greedy,,0,0.837689220905304,0.8399999737739563,0.84,6,Isolate,20271,benign
154,Greedy,Greedy,,1,0.8698458075523376,0.8700000047683716,0.87,6,Isolate,20328,attack
155,Greedy,Greedy,,1,0.8497189879417419,0.8500000238418579,0.85,6,Isolate,20578,attack
156,Greedy,Greedy,,1,0.8485469818115234,0.8500000238418579,0.85,6,Isolate,20712,attack
157,Greedy,Greedy,,1,0.8510622978210449,0.8500000238418579,0.86,6,Isolate,20838,attack
158,Greedy,Greedy,,0,0.8205698132514954,0.8199999928474426,0.82,6,Isolate,20916,benign
159,Greedy,Greedy,,0,0.7999889254570007,0.800000011920929,0.8,6,Isolate,21203,benign
160,Greedy,Greedy,,0,0.7922539710998535,0.7900000214576721,0.8,6,Isolate,21295,benign
161,Greedy,Greedy,,0,0.7913861870765686,0.7900000214576721,0.8,6,Isolate,21299,benign
162,Greedy,Greedy,,0,0.830646812915802,0.8299999833106995,0.84,6,Isolate,21508,benign
163,Greedy,Greedy,,1,0.8479499816894531,0.8500000238418579,0.85,6,Isolate,21600,attack
164,Greedy,Greedy,,0,0.8187517523765564,0.8199999928474426,0.81,6,Isolate,21733,benign
165,Greedy,Greedy,,0,0.7671636343002319,0.7599999904632568,0.76,6,Isolate,21806,benign
166,Greedy,Greedy,,1,0.8541373610496521,0.8399999737739563,0.86,6,Isolate,21948,attack
167,Greedy,Greedy,,1,0.876903235912323,0.8700000047683716,0.87,6,Isolate,22082,attack
168,Greedy,Greedy,,1,0.9052704572677612,0.8999999761581421,0.9,6,Isolate,22110,attack
169,Greedy,Greedy,,0,0.8391054272651672,0.8399999737739563,0.83,6,Isolate,22171,benign
170,Greedy,Greedy,,1,0.8498303294181824,0.8500000238418579,0.85,6,Isolate,22284,attack
171,Greedy,Greedy,,1,0.8491634130477905,0.8500000238418579,0.85,6,Isolate,22317,attack
172,Greedy,Greedy,,1,0.8691211938858032,0.8700000047683716,0.87,6,Isolate,22329,attack
173,Greedy,Greedy,,1,0.8876321911811829,0.8899999856948853,0.89,6,Isolate,22468,attack
174,Greedy,Greedy,,1,0.8775237202644348,0.8799999952316284,0.88,6,Isolate,22501,attack
175,Greedy,Greedy,,0,0.8302080035209656,0.8299999833106995,0.83,6,Isolate,22708,benign
176,Greedy,Greedy,,1,0.8703062534332275,0.8700000047683716,0.87,6,Isolate,22853,attack
177,Greedy,Greedy,,0,0.8237143158912659,0.8199999928474426,0.82,6,Isolate,22944,benign
178,Greedy,Greedy,,1,0.8696657419204712,0.8600000143051147,0.86,6,Isolate,23025,attack
179,Greedy,Greedy,,1,0.8847257494926453,0.8799999952316284,0.88,6,Isolate,23094,attack
180,Greedy,Greedy,,1,0.8747749924659729,0.8700000047683716,0.87,6,Isolate,23112,attack
181,Greedy,Greedy,,0,0.8125288486480713,0.8100000023841858,0.81,6,Isolate,23209,benign
182,Greedy,Greedy,,0,0.8284656405448914,0.8299999833106995,0.83,6,Isolate,23431,benign
183,Greedy,Greedy,,1,0.8589532971382141,0.8600000143051147,0.86,6,Isolate,23733,attack
184,Greedy,Greedy,,1,0.8488499522209167,0.8500000238418579,0.85,6,Isolate,23759,attack
185,Greedy,Greedy,,0,0.8388105034828186,0.8399999737739563,0.84,6,Isolate,23778,benign
186,Greedy,Greedy,,0,0.8340607285499573,0.8299999833106995,0.83,6,Isolate,23811,benign
187,Greedy,Greedy,,0,0.8036412000656128,0.800000011920929,0.8,6,Isolate,24133,benign
188,Greedy,Greedy,,0,0.7837530374526978,0.7799999713897705,0.78,6,Isolate,24191,benign
189,Greedy,Greedy,,0,0.7800889611244202,0.7799999713897705,0.78,6,Isolate,24211,benign
190,Greedy,Greedy,,1,0.8676241040229797,0.8600000143051147,0.87,6,Isolate,24373,attack
191,Greedy,Greedy,,0,0.8401661515235901,0.8399999737739563,0.84,6,Isolate,24560,benign
192,Greedy,Greedy,,1,0.8799384832382202,0.8799999952316284,0.88,6,Isolate,24613,attack
193,Greedy,Greedy,,1,0.889945924282074,0.8899999856948853,0.89,6,Isolate,24618,attack
194,Greedy,Greedy,,1,0.8958290219306946,0.8899999856948853,0.91,6,Isolate,24726,attack
195,Greedy,Greedy,,1,0.8804629445075989,0.8799999952316284,0.88,6,Isolate,24772,attack
196,Greedy,Greedy,,0,0.843108594417572,0.8399999737739563,0.84,6,Isolate,24837,benign
197,Greedy,Greedy,,0,0.8299122452735901,0.8299999833106995,0.83,6,Isolate,24967,benign
198,Greedy,Greedy,,0,0.8168489336967468,0.8199999928474426,0.82,6,Isolate,24996,benign
199,Greedy,Greedy,,0,0.7699838280677795,0.7599999904632568,0.77,6,Isolate,25212,benign
200,Greedy,Greedy,,1,0.8604229688644409,0.8600000143051147,0.86,6,Isolate,25323,attack
201,Greedy,Greedy,,1,0.8699449300765991,0.8700000047683716,0.87,6,Isolate,25341,attack
202,Greedy,Greedy,,0,0.7626132369041443,0.7599999904632568,0.76,6,Isolate,25525,benign
203,Greedy,Greedy,,0,0.7826955914497375,0.7799999713897705,0.78,6,Isolate,25624,benign
204,Greedy,Greedy,,1,0.8601194024085999,0.8600000143051147,0.86,6,Isolate,25753,attack
205,Greedy,Greedy,,1,0.8498777151107788,0.8500000238418579,0.85,6,Isolate,25855,attack
206,Greedy,Greedy,,1,0.8552750945091248,0.8600000143051147,0.85,6,Isolate,25924,attack
207,Greedy,Greedy,,1,0.8599913120269775,0.8600000143051147,0.86,6,Isolate,26023,attack
208,Greedy,Greedy,,0,0.8406216502189636,0.8399999737739563,0.84,6,Isolate,26138,benign
209,Greedy,Greedy,,0,0.8106439113616943,0.8100000023841858,0.81,6,Isolate,26215,benign
210,Greedy,Greedy,,1,0.8734425902366638,0.8700000047683716,0.88,6,Isolate,26320,attack
211,Greedy,Greedy,,1,0.8734425902366638,0.8700000047683716,0.88,6,Isolate,26321,attack
212,Greedy,Greedy,,0,0.8274185657501221,0.8199999928474426,0.82,6,Isolate,26485,benign
213,Greedy,Greedy,,0,0.7977456450462341,0.7900000214576721,0.8,6,Isolate,26629,benign
214,Greedy,Greedy,,0,0.7860429883003235,0.7799999713897705,0.79,6,Isolate,26652,benign
215,Greedy,Greedy,,0,0.8211085796356201,0.8199999928474426,0.82,6,Isolate,27007,benign
216,Greedy,Greedy,,0,0.8113611340522766,0.8100000023841858,0.81,6,Isolate,27027,benign
217,Greedy,Greedy,,0,0.8113600015640259,0.8100000023841858,0.81,6,Isolate,27028,benign
218,Greedy,Greedy,,1,0.8569684028625488,0.8500000238418579,0.86,6,Isolate,27099,attack
219,Greedy,Greedy,,1,0.8499709963798523,0.8500000238418579,0.85,6,Isolate,27290,attack
220,Greedy,Greedy,,0,0.8199859857559204,0.8199999928474426,0.82,6,Isolate,27385,benign
221,Greedy,Greedy,,0,0.8246893286705017,0.8199999928474426,0.82,6,Isolate,27475,benign
222,Greedy,Greedy,,1,0.8756607174873352,0.8799999952316284,0.88,6,Isolate,27647,attack
223,Greedy,Greedy,,1,0.8587411642074585,0.8600000143051147,0.86,6,Isolate,27708,attack
224,Greedy,Greedy,,0,0.8176383972167969,0.8199999928474426,0.81,6,Isolate,27800,benign
225,Greedy,Greedy,,0,0.8300334215164185,0.8299999833106995,0.82,6,Isolate,27874,benign
226,Greedy,Greedy,,1,0.8468767404556274,0.8399999737739563,0.85,6,Isolate,28068,attack
227,Greedy,Greedy,,0,0.8368855118751526,0.8299999833106995,0.84,6,Isolate,28073,benign
228,Greedy,Greedy,,1,0.879469096660614,0.8799999952316284,0.87,6,Isolate,28281,attack
229,Greedy,Greedy,,0,0.8395709991455078,0.8399999737739563,0.83,6,Isolate,28318,benign
230,Greedy,Greedy,,0,0.8398676514625549,0.8399999737739563,0.84,6,Isolate,28618,benign
231,Greedy,Greedy,,0,0.824093222618103,0.8199999928474426,0.83,6,Isolate,28794,benign
232,Greedy,Greedy,,0,0.8240866661071777,0.8199999928474426,0.83,6,Isolate,28804,benign
233,Greedy,Greedy,,1,0.8526306748390198,0.8500000238418579,0.85,6,Isolate,28906,attack
234,Greedy,Greedy,,1,0.8526313900947571,0.8500000238418579,0.85,6,Isolate,28907,attack
235,Greedy,Greedy,,1,0.8500974178314209,0.8500000238418579,0.85,6,Isolate,29018,attack
236,Greedy,Greedy,,0,0.8424707651138306,0.8399999737739563,0.84,6,Isolate,29042,benign
237,Greedy,Greedy,,0,0.8119410872459412,0.8100000023841858,0.81,6,Isolate,29145,benign
238,Greedy,Greedy,,0,0.8217334747314453,0.8199999928474426,0.82,6,Isolate,29234,benign
239,Greedy,Greedy,,0,0.8317458629608154,0.8299999833106995,0.83,6,Isolate,29238,benign
240,Greedy,Greedy,,0,0.8088564872741699,0.8100000023841858,0.81,6,Isolate,29334,benign
241,Greedy,Greedy,,1,0.8475148677825928,0.8500000238418579,0.85,6,Isolate,29394,attack
242,Greedy,Greedy,,0,0.8201691508293152,0.8199999928474426,0.83,6,Isolate,29434,benign
243,Greedy,Greedy,,1,0.8426319360733032,0.8399999737739563,0.85,6,Isolate,29457,attack
244,Greedy,Greedy,,0,0.8261587023735046,0.8299999833106995,0.83,6,Isolate,29590,benign
245,Greedy,Greedy,,0,0.8141408562660217,0.8100000023841858,0.82,6,Isolate,29634,benign
246,Greedy,Greedy,,0,0.8041713237762451,0.800000011920929,0.81,6,Isolate,29644,benign
247,Greedy,Greedy,,0,0.8383910655975342,0.8399999737739563,0.84,6,Isolate,29713,benign
248,Greedy,Greedy,,1,0.9029292464256287,0.8999999761581421,0.9,6,Isolate,29828,attack
0,CARA-TC,CARA-TC,,1,0.879833996295929,0.8799999952316284,0.88,6,Isolate,34,attack
1,CARA-TC,CARA-TC,,0,0.8099673390388489,0.8100000023841858,0.81,1,Inspect,163,benign
2,CARA-TC,CARA-TC,,0,0.8290244936943054,0.8299999833106995,0.82,1,Inspect,359,benign
3,CARA-TC,CARA-TC,,1,0.8779748678207397,0.8799999952316284,0.87,6,Isolate,543,attack
4,CARA-TC,CARA-TC,,1,0.8908616900444031,0.8899999856948853,0.89,6,Isolate,788,attack
5,CARA-TC,CARA-TC,,0,0.8184310793876648,0.8199999928474426,0.83,1,Inspect,1007,benign
6,CARA-TC,CARA-TC,,1,0.8630930185317993,0.8700000047683716,0.86,6,Isolate,1077,attack
7,CARA-TC,CARA-TC,,0,0.7812010049819946,0.7799999713897705,0.78,1,Inspect,1173,benign
8,CARA-TC,CARA-TC,,0,0.7988349199295044,0.800000011920929,0.8,1,Inspect,1338,benign
9,CARA-TC,CARA-TC,,1,0.8783858418464661,0.8799999952316284,0.88,5,Drop,1589,attack
10,CARA-TC,CARA-TC,,1,0.9270837903022766,0.9300000071525574,0.93,5,Drop,1711,attack
11,CARA-TC,CARA-TC,,1,0.9204261302947998,0.9200000166893005,0.92,5,Drop,1755,attack
12,CARA-TC,CARA-TC,,1,0.8790686726570129,0.8799999952316284,0.88,5,Drop,1826,attack
13,CARA-TC,CARA-TC,,1,0.8598487377166748,0.8600000143051147,0.86,5,Drop,2303,attack
14,CARA-TC,CARA-TC,,1,0.8559197187423706,0.8500000238418579,0.87,5,Drop,2509,attack
15,CARA-TC,CARA-TC,,1,0.8448888659477234,0.8399999737739563,0.85,1,Inspect,2579,attack
16,CARA-TC,CARA-TC,,1,0.8343343138694763,0.8299999833106995,0.85,1,Inspect,2704,attack
17,CARA-TC,CARA-TC,,1,0.909209668636322,0.9100000262260437,0.91,5,Drop,2984,attack
18,CARA-TC,CARA-TC,,1,0.892710268497467,0.8899999856948853,0.89,5,Drop,3042,attack
19,CARA-TC,CARA-TC,,0,0.779188334941864,0.7799999713897705,0.78,1,Inspect,3187,benign
20,CARA-TC,CARA-TC,,0,0.7874859571456909,0.7900000214576721,0.79,1,Inspect,3200,benign
21,CARA-TC,CARA-TC,,1,0.8884751200675964,0.8899999856948853,0.88,5,Drop,3480,attack
22,CARA-TC,CARA-TC,,0,0.8297797441482544,0.8299999833106995,0.83,1,Inspect,3603,benign
23,CARA-TC,CARA-TC,,1,0.8987791538238525,0.8999999761581421,0.9,5,Drop,4036,attack
24,CARA-TC,CARA-TC,,1,0.9100563526153564,0.9100000262260437,0.91,5,Drop,4096,attack
25,CARA-TC,CARA-TC,,0,0.7760412693023682,0.7799999713897705,0.78,1,Inspect,4223,benign
26,CARA-TC,CARA-TC,,0,0.7967140674591064,0.7900000214576721,0.8,1,Inspect,4492,benign
27,CARA-TC,CARA-TC,,0,0.773356556892395,0.7699999809265137,0.78,1,Inspect,4724,benign
28,CARA-TC,CARA-TC,,1,0.9137651920318604,0.9100000262260437,0.92,5,Drop,4794,attack
29,CARA-TC,CARA-TC,,1,0.8725376129150391,0.8700000047683716,0.88,5,Drop,4856,attack
30,CARA-TC,CARA-TC,,1,0.8711929321289062,0.8700000047683716,0.88,5,Drop,4879,attack
31,CARA-TC,CARA-TC,,1,0.8682050108909607,0.8700000047683716,0.87,5,Drop,5004,attack
32,CARA-TC,CARA-TC,,1,0.8684120178222656,0.8700000047683716,0.87,5,Drop,5015,attack
33,CARA-TC,CARA-TC,,1,0.9081689715385437,0.9100000262260437,0.91,5,Drop,5100,attack
34,CARA-TC,CARA-TC,,1,0.8976726531982422,0.8999999761581421,0.9,5,Drop,5137,attack
35,CARA-TC,CARA-TC,,0,0.8373674154281616,0.8399999737739563,0.83,1,Inspect,5188,benign
36,CARA-TC,CARA-TC,,1,0.862047553062439,0.8600000143051147,0.86,5,Drop,5222,attack
37,CARA-TC,CARA-TC,,1,0.8858568668365479,0.8799999952316284,0.89,5,Drop,5375,attack
38,CARA-TC,CARA-TC,,1,0.8564433455467224,0.8500000238418579,0.86,5,Drop,5529,attack
39,CARA-TC,CARA-TC,,0,0.8269306421279907,0.8199999928474426,0.83,1,Inspect,5615,benign
40,CARA-TC,CARA-TC,,0,0.813768208026886,0.8100000023841858,0.8,1,Inspect,5691,benign
41,CARA-TC,CARA-TC,,0,0.8197215795516968,0.8100000023841858,0.81,1,Inspect,5747,benign
42,CARA-TC,CARA-TC,,0,0.8220182061195374,0.8100000023841858,0.81,1,Inspect,5774,benign
43,CARA-TC,CARA-TC,,1,0.8663164377212524,0.8600000143051147,0.86,5,Drop,5933,attack
44,CARA-TC,CARA-TC,,0,0.849316418170929,0.8399999737739563,0.84,1,Inspect,5966,benign
45,CARA-TC,CARA-TC,,0,0.8093292713165283,0.800000011920929,0.8,1,Inspect,6009,benign
46,CARA-TC,CARA-TC,,0,0.8414927124977112,0.8399999737739563,0.83,1,Inspect,6047,benign
47,CARA-TC,CARA-TC,,0,0.7934058308601379,0.7900000214576721,0.79,1,Inspect,6156,benign
48,CARA-TC,CARA-TC,,0,0.7934057116508484,0.7900000214576721,0.79,1,Inspect,6158,benign
49,CARA-TC,CARA-TC,,0,0.8012173175811768,0.800000011920929,0.8,1,Inspect,6161,benign
50,CARA-TC,CARA-TC,,1,0.8523243069648743,0.8500000238418579,0.85,5,Drop,6544,attack
51,CARA-TC,CARA-TC,,1,0.8538548350334167,0.8500000238418579,0.85,5,Drop,6691,attack
52,CARA-TC,CARA-TC,,0,0.8254052996635437,0.8299999833106995,0.83,1,Inspect,7158,benign
53,CARA-TC,CARA-TC,,0,0.7887188196182251,0.7900000214576721,0.79,1,Inspect,7298,benign
54,CARA-TC,CARA-TC,,1,0.8693459033966064,0.8700000047683716,0.87,5,Drop,7805,attack
55,CARA-TC,CARA-TC,,0,0.8328465819358826,0.8299999833106995,0.83,1,Inspect,7938,benign
56,CARA-TC,CARA-TC,,1,0.8672149181365967,0.8700000047683716,0.87,5,Drop,8112,attack
57,CARA-TC,CARA-TC,,1,0.8870208859443665,0.8899999856948853,0.89,5,Drop,8169,attack
58,CARA-TC,CARA-TC,,1,0.8547448515892029,0.8600000143051147,0.86,5,Drop,8187,attack
59,CARA-TC,CARA-TC,,1,0.8655512928962708,0.8700000047683716,0.87,5,Drop,8323,attack
60,CARA-TC,CARA-TC,,0,0.7602249383926392,0.7599999904632568,0.76,1,Inspect,8570,benign
61,CARA-TC,CARA-TC,,0,0.7500377893447876,0.75,0.75,1,Inspect,8585,benign
62,CARA-TC,CARA-TC,,0,0.7400667071342468,0.7400000095367432,0.74,1,Inspect,8593,benign
63,CARA-TC,CARA-TC,,1,0.8890588283538818,0.8899999856948853,0.88,5,Drop,8699,attack
64,CARA-TC,CARA-TC,,1,0.8890588879585266,0.8899999856948853,0.88,5,Drop,8700,attack
65,CARA-TC,CARA-TC,,0,0.8400719165802002,0.8399999737739563,0.84,1,Inspect,8758,benign
66,CARA-TC,CARA-TC,,0,0.800307035446167,0.7900000214576721,0.79,1,Inspect,8963,benign
67,CARA-TC,CARA-TC,,0,0.8101561069488525,0.8100000023841858,0.81,1,Inspect,9413,benign
68,CARA-TC,CARA-TC,,1,0.8594833612442017,0.8600000143051147,0.86,5,Drop,9754,attack
69,CARA-TC,CARA-TC,,0,0.8076704144477844,0.8100000023841858,0.81,1,Inspect,9871,benign
70,CARA-TC,CARA-TC,,0,0.7902960777282715,0.7900000214576721,0.79,1,Inspect,9907,benign
71,CARA-TC,CARA-TC,,1,0.9019876718521118,0.8999999761581421,0.9,5,Drop,10288,attack
72,CARA-TC,CARA-TC,,1,0.8918544054031372,0.8899999856948853,0.89,5,Drop,10301,attack
73,CARA-TC,CARA-TC,,1,0.8455605506896973,0.8500000238418579,0.85,5,Drop,10545,attack
74,CARA-TC,CARA-TC,,0,0.8055262565612793,0.800000011920929,0.79,1,Inspect,10720,benign
75,CARA-TC,CARA-TC,,1,0.8840524554252625,0.8700000047683716,0.88,5,Drop,10844,attack
76,CARA-TC,CARA-TC,,1,0.8640789985656738,0.8500000238418579,0.86,5,Drop,10855,attack
77,CARA-TC,CARA-TC,,0,0.7940945625305176,0.7799999713897705,0.79,1,Inspect,10888,benign
78,CARA-TC,CARA-TC,,0,0.7955327033996582,0.7900000214576721,0.8,1,Inspect,10926,benign
79,CARA-TC,CARA-TC,,0,0.8359295725822449,0.8299999833106995,0.84,1,Inspect,11013,benign
80,CARA-TC,CARA-TC,,0,0.8027329444885254,0.7900000214576721,0.79,1,Inspect,11177,benign
81,CARA-TC,CARA-TC,,0,0.8449897170066833,0.8399999737739563,0.84,1,Inspect,11275,benign
82,CARA-TC,CARA-TC,,0,0.8350366950035095,0.8299999833106995,0.83,1,Inspect,11301,benign
83,CARA-TC,CARA-TC,,0,0.8350360989570618,0.8299999833106995,0.83,1,Inspect,11302,benign
84,CARA-TC,CARA-TC,,0,0.81482994556427,0.8100000023841858,0.81,1,Inspect,11352,benign
85,CARA-TC,CARA-TC,,1,0.8718368411064148,0.8700000047683716,0.87,5,Drop,11464,attack
86,CARA-TC,CARA-TC,,1,0.8501495122909546,0.8500000238418579,0.86,5,Drop,11772,attack
87,CARA-TC,CARA-TC,,0,0.8084815144538879,0.800000011920929,0.81,1,Inspect,11813,benign
88,CARA-TC,CARA-TC,,0,0.8098862171173096,0.8100000023841858,0.81,1,Inspect,11881,benign
89,CARA-TC,CARA-TC,,1,0.8678771257400513,0.8700000047683716,0.86,5,Drop,12061,attack
90,CARA-TC,CARA-TC,,0,0.8481305837631226,0.8500000238418579,0.84,5,Drop,12088,benign
91,CARA-TC,CARA-TC,,1,0.858406126499176,0.8600000143051147,0.85,5,Drop,12109,attack
92,CARA-TC,CARA-TC,,1,0.8504123091697693,0.8500000238418579,0.85,5,Drop,12137,attack
93,CARA-TC,CARA-TC,,0,0.8224881887435913,0.8199999928474426,0.82,1,Inspect,12176,benign
94,CARA-TC,CARA-TC,,0,0.8422060608863831,0.8399999737739563,0.84,1,Inspect,12187,benign
95,CARA-TC,CARA-TC,,0,0.8399506211280823,0.8399999737739563,0.84,1,Inspect,12297,benign
96,CARA-TC,CARA-TC,,1,0.8687772154808044,0.8700000047683716,0.87,5,Drop,12464,attack
97,CARA-TC,CARA-TC,,1,0.8521358966827393,0.8500000238418579,0.85,5,Drop,12715,attack
98,CARA-TC,CARA-TC,,1,0.8409515619277954,0.8399999737739563,0.85,1,Inspect,12891,attack
99,CARA-TC,CARA-TC,,1,0.8435349464416504,0.8399999737739563,0.85,1,Inspect,12963,attack
100,CARA-TC,CARA-TC,,0,0.8321276307106018,0.8299999833106995,0.83,1,Inspect,13036,benign
101,CARA-TC,CARA-TC,,0,0.8130981922149658,0.8100000023841858,0.81,1,Inspect,13047,benign
102,CARA-TC,CARA-TC,,0,0.8230418562889099,0.8199999928474426,0.82,1,Inspect,13058,benign
103,CARA-TC,CARA-TC,,1,0.8648033142089844,0.8600000143051147,0.86,5,Drop,13189,attack
104,CARA-TC,CARA-TC,,1,0.8940011858940125,0.8899999856948853,0.89,5,Drop,13220,attack
105,CARA-TC,CARA-TC,,1,0.8817206621170044,0.8799999952316284,0.89,5,Drop,13229,attack
106,CARA-TC,CARA-TC,,0,0.789798378944397,0.7900000214576721,0.79,1,Inspect,13418,benign
107,CARA-TC,CARA-TC,,0,0.799791693687439,0.800000011920929,0.8,1,Inspect,13422,benign
108,CARA-TC,CARA-TC,,1,0.8395397067070007,0.8399999737739563,0.85,1,Inspect,13790,attack
109,CARA-TC,CARA-TC,,0,0.8311482071876526,0.8299999833106995,0.84,1,Inspect,13821,benign
110,CARA-TC,CARA-TC,,1,0.8897304534912109,0.8899999856948853,0.89,5,Drop,13896,attack
111,CARA-TC,CARA-TC,,1,0.8981784582138062,0.8999999761581421,0.9,5,Drop,13941,attack
112,CARA-TC,CARA-TC,,0,0.8418792486190796,0.8500000238418579,0.84,5,Drop,14060,benign
113,CARA-TC,CARA-TC,,0,0.8191235065460205,0.8100000023841858,0.8,1,Inspect,14233,benign
114,CARA-TC,CARA-TC,,1,0.8727867007255554,0.8700000047683716,0.88,5,Drop,14309,attack
115,CARA-TC,CARA-TC,,1,0.859923243522644,0.8600000143051147,0.86,5,Drop,15051,attack
116,CARA-TC,CARA-TC,,1,0.8823280930519104,0.8799999952316284,0.88,5,Drop,15187,attack
117,CARA-TC,CARA-TC,,0,0.8324939608573914,0.8299999833106995,0.83,1,Inspect,15211,benign
118,CARA-TC,CARA-TC,,1,0.8637133836746216,0.8600000143051147,0.86,5,Drop,15308,attack
119,CARA-TC,CARA-TC,,0,0.8160220384597778,0.8100000023841858,0.82,1,Inspect,15325,benign
120,CARA-TC,CARA-TC,,0,0.754787802696228,0.75,0.76,1,Inspect,15412,benign
121,CARA-TC,CARA-TC,,1,0.851523756980896,0.8500000238418579,0.85,5,Drop,15587,attack
122,CARA-TC,CARA-TC,,1,0.8701123595237732,0.8700000047683716,0.87,5,Drop,15646,attack
123,CARA-TC,CARA-TC,,1,0.8801069855690002,0.8799999952316284,0.88,5,Drop,15647,attack
124,CARA-TC,CARA-TC,,1,0.9189636707305908,0.9200000166893005,0.91,5,Drop,15731,attack
125,CARA-TC,CARA-TC,,0,0.8464939594268799,0.8500000238418579,0.84,5,Drop,16024,benign
126,CARA-TC,CARA-TC,,1,0.8612254858016968,0.8600000143051147,0.87,5,Drop,16469,attack
127,CARA-TC,CARA-TC,,1,0.8597354292869568,0.8600000143051147,0.87,5,Drop,16492,attack
128,CARA-TC,CARA-TC,,1,0.8625316619873047,0.8600000143051147,0.86,5,Drop,16621,attack
129,CARA-TC,CARA-TC,,1,0.8625324964523315,0.8600000143051147,0.86,5,Drop,16622,attack
130,CARA-TC,CARA-TC,,0,0.8334140777587891,0.8299999833106995,0.84,1,Inspect,16712,benign
131,CARA-TC,CARA-TC,,1,0.8998856544494629,0.8999999761581421,0.9,5,Drop,16856,attack
132,CARA-TC,CARA-TC,,1,0.8994457721710205,0.8999999761581421,0.9,5,Drop,16929,attack
133,CARA-TC,CARA-TC,,1,0.8741875290870667,0.8700000047683716,0.88,5,Drop,17031,attack
134,CARA-TC,CARA-TC,,0,0.8287768363952637,0.8199999928474426,0.84,1,Inspect,17229,benign
135,CARA-TC,CARA-TC,,0,0.8439942002296448,0.8399999737739563,0.84,1,Inspect,17474,benign
136,CARA-TC,CARA-TC,,0,0.8278783559799194,0.8199999928474426,0.82,1,Inspect,17678,benign
137,CARA-TC,CARA-TC,,0,0.8066718578338623,0.800000011920929,0.8,1,Inspect,17719,benign
138,CARA-TC,CARA-TC,,0,0.8577614426612854,0.8500000238418579,0.84,5,Drop,18102,benign
139,CARA-TC,CARA-TC,,1,0.8832355737686157,0.8799999952316284,0.87,5,Drop,18120,attack
140,CARA-TC,CARA-TC,,1,0.8787582516670227,0.8799999952316284,0.88,5,Drop,18188,attack
141,CARA-TC,CARA-TC,,1,0.9003291130065918,0.8999999761581421,0.9,5,Drop,18373,attack
142,CARA-TC,CARA-TC,,0,0.8293827176094055,0.8299999833106995,0.83,1,Inspect,18429,benign
143,CARA-TC,CARA-TC,,0,0.8019344806671143,0.800000011920929,0.8,1,Inspect,18605,benign
144,CARA-TC,CARA-TC,,0,0.7719220519065857,0.7699999809265137,0.77,1,Inspect,18629,benign
145,CARA-TC,CARA-TC,,1,0.8580705523490906,0.8600000143051147,0.86,5,Drop,19034,attack
146,CARA-TC,CARA-TC,,1,0.8591589331626892,0.8600000143051147,0.86,5,Drop,19261,attack
147,CARA-TC,CARA-TC,,0,0.8198917508125305,0.8199999928474426,0.82,1,Inspect,19568,benign
148,CARA-TC,CARA-TC,,0,0.8346434831619263,0.8299999833106995,0.84,1,Inspect,19606,benign
149,CARA-TC,CARA-TC,,0,0.6925909519195557,0.6899999976158142,0.69,1,Inspect,19803,benign
150,CARA-TC,CARA-TC,,1,0.8533068895339966,0.8500000238418579,0.85,5,Drop,19973,attack
151,CARA-TC,CARA-TC,,1,0.9491422176361084,0.949999988079071,0.95,5,Drop,20134,attack
152,CARA-TC,CARA-TC,,1,0.8576992154121399,0.8600000143051147,0.86,5,Drop,20261,attack
153,CARA-TC,CARA-TC,,0,0.837689220905304,0.8399999737739563,0.84,1,Inspect,20271,benign
154,CARA-TC,CARA-TC,,1,0.8698458075523376,0.8700000047683716,0.87,5,Drop,20328,attack
155,CARA-TC,CARA-TC,,1,0.8497189879417419,0.8500000238418579,0.85,5,Drop,20578,attack
156,CARA-TC,CARA-TC,,1,0.8485469818115234,0.8500000238418579,0.85,5,Drop,20712,attack
157,CARA-TC,CARA-TC,,1,0.8510622978210449,0.8500000238418579,0.86,5,Drop,20838,attack
158,CARA-TC,CARA-TC,,0,0.8205698132514954,0.8199999928474426,0.82,1,Inspect,20916,benign
159,CARA-TC,CARA-TC,,0,0.7999889254570007,0.800000011920929,0.8,1,Inspect,21203,benign
160,CARA-TC,CARA-TC,,0,0.7922539710998535,0.7900000214576721,0.8,1,Inspect,21295,benign
161,CARA-TC,CARA-TC,,0,0.7913861870765686,0.7900000214576721,0.8,1,Inspect,21299,benign
162,CARA-TC,CARA-TC,,0,0.830646812915802,0.8299999833106995,0.84,1,Inspect,21508,benign
163,CARA-TC,CARA-TC,,1,0.8479499816894531,0.8500000238418579,0.85,5,Drop,21600,attack
164,CARA-TC,CARA-TC,,0,0.8187517523765564,0.8199999928474426,0.81,1,Inspect,21733,benign
165,CARA-TC,CARA-TC,,0,0.7671636343002319,0.7599999904632568,0.76,1,Inspect,21806,benign
166,CARA-TC,CARA-TC,,1,0.8541373610496521,0.8399999737739563,0.86,1,Inspect,21948,attack
167,CARA-TC,CARA-TC,,1,0.876903235912323,0.8700000047683716,0.87,5,Drop,22082,attack
168,CARA-TC,CARA-TC,,1,0.9052704572677612,0.8999999761581421,0.9,5,Drop,22110,attack
169,CARA-TC,CARA-TC,,0,0.8391054272651672,0.8399999737739563,0.83,1,Inspect,22171,benign
170,CARA-TC,CARA-TC,,1,0.8498303294181824,0.8500000238418579,0.85,5,Drop,22284,attack
171,CARA-TC,CARA-TC,,1,0.8491634130477905,0.8500000238418579,0.85,5,Drop,22317,attack
172,CARA-TC,CARA-TC,,1,0.8691211938858032,0.8700000047683716,0.87,5,Drop,22329,attack
173,CARA-TC,CARA-TC,,1,0.8876321911811829,0.8899999856948853,0.89,5,Drop,22468,attack
174,CARA-TC,CARA-TC,,1,0.8775237202644348,0.8799999952316284,0.88,5,Drop,22501,attack
175,CARA-TC,CARA-TC,,0,0.8302080035209656,0.8299999833106995,0.83,1,Inspect,22708,benign
176,CARA-TC,CARA-TC,,1,0.8703062534332275,0.8700000047683716,0.87,5,Drop,22853,attack
177,CARA-TC,CARA-TC,,0,0.8237143158912659,0.8199999928474426,0.82,1,Inspect,22944,benign
178,CARA-TC,CARA-TC,,1,0.8696657419204712,0.8600000143051147,0.86,5,Drop,23025,attack
179,CARA-TC,CARA-TC,,1,0.8847257494926453,0.8799999952316284,0.88,5,Drop,23094,attack
180,CARA-TC,CARA-TC,,1,0.8747749924659729,0.8700000047683716,0.87,5,Drop,23112,attack
181,CARA-TC,CARA-TC,,0,0.8125288486480713,0.8100000023841858,0.81,1,Inspect,23209,benign
182,CARA-TC,CARA-TC,,0,0.8284656405448914,0.8299999833106995,0.83,1,Inspect,23431,benign
183,CARA-TC,CARA-TC,,1,0.8589532971382141,0.8600000143051147,0.86,5,Drop,23733,attack
184,CARA-TC,CARA-TC,,1,0.8488499522209167,0.8500000238418579,0.85,5,Drop,23759,attack
185,CARA-TC,CARA-TC,,0,0.8388105034828186,0.8399999737739563,0.84,1,Inspect,23778,benign
186,CARA-TC,CARA-TC,,0,0.8340607285499573,0.8299999833106995,0.83,1,Inspect,23811,benign
187,CARA-TC,CARA-TC,,0,0.8036412000656128,0.800000011920929,0.8,1,Inspect,24133,benign
188,CARA-TC,CARA-TC,,0,0.7837530374526978,0.7799999713897705,0.78,1,Inspect,24191,benign
189,CARA-TC,CARA-TC,,0,0.7800889611244202,0.7799999713897705,0.78,1,Inspect,24211,benign
190,CARA-TC,CARA-TC,,1,0.8676241040229797,0.8600000143051147,0.87,5,Drop,24373,attack
191,CARA-TC,CARA-TC,,0,0.8401661515235901,0.8399999737739563,0.84,1,Inspect,24560,benign
192,CARA-TC,CARA-TC,,1,0.8799384832382202,0.8799999952316284,0.88,5,Drop,24613,attack
193,CARA-TC,CARA-TC,,1,0.889945924282074,0.8899999856948853,0.89,5,Drop,24618,attack
194,CARA-TC,CARA-TC,,1,0.8958290219306946,0.8899999856948853,0.91,5,Drop,24726,attack
195,CARA-TC,CARA-TC,,1,0.8804629445075989,0.8799999952316284,0.88,5,Drop,24772,attack
196,CARA-TC,CARA-TC,,0,0.843108594417572,0.8399999737739563,0.84,1,Inspect,24837,benign
197,CARA-TC,CARA-TC,,0,0.8299122452735901,0.8299999833106995,0.83,1,Inspect,24967,benign
198,CARA-TC,CARA-TC,,0,0.8168489336967468,0.8199999928474426,0.82,1,Inspect,24996,benign
199,CARA-TC,CARA-TC,,0,0.7699838280677795,0.7599999904632568,0.77,1,Inspect,25212,benign
200,CARA-TC,CARA-TC,,1,0.8604229688644409,0.8600000143051147,0.86,5,Drop,25323,attack
201,CARA-TC,CARA-TC,,1,0.8699449300765991,0.8700000047683716,0.87,5,Drop,25341,attack
202,CARA-TC,CARA-TC,,0,0.7626132369041443,0.7599999904632568,0.76,1,Inspect,25525,benign
203,CARA-TC,CARA-TC,,0,0.7826955914497375,0.7799999713897705,0.78,1,Inspect,25624,benign
204,CARA-TC,CARA-TC,,1,0.8601194024085999,0.8600000143051147,0.86,5,Drop,25753,attack
205,CARA-TC,CARA-TC,,1,0.8498777151107788,0.8500000238418579,0.85,5,Drop,25855,attack
206,CARA-TC,CARA-TC,,1,0.8552750945091248,0.8600000143051147,0.85,5,Drop,25924,attack
207,CARA-TC,CARA-TC,,1,0.8599913120269775,0.8600000143051147,0.86,5,Drop,26023,attack
208,CARA-TC,CARA-TC,,0,0.8406216502189636,0.8399999737739563,0.84,1,Inspect,26138,benign
209,CARA-TC,CARA-TC,,0,0.8106439113616943,0.8100000023841858,0.81,1,Inspect,26215,benign
210,CARA-TC,CARA-TC,,1,0.8734425902366638,0.8700000047683716,0.88,5,Drop,26320,attack
211,CARA-TC,CARA-TC,,1,0.8734425902366638,0.8700000047683716,0.88,5,Drop,26321,attack
212,CARA-TC,CARA-TC,,0,0.8274185657501221,0.8199999928474426,0.82,1,Inspect,26485,benign
213,CARA-TC,CARA-TC,,0,0.7977456450462341,0.7900000214576721,0.8,1,Inspect,26629,benign
214,CARA-TC,CARA-TC,,0,0.7860429883003235,0.7799999713897705,0.79,1,Inspect,26652,benign
215,CARA-TC,CARA-TC,,0,0.8211085796356201,0.8199999928474426,0.82,1,Inspect,27007,benign
216,CARA-TC,CARA-TC,,0,0.8113611340522766,0.8100000023841858,0.81,1,Inspect,27027,benign
217,CARA-TC,CARA-TC,,0,0.8113600015640259,0.8100000023841858,0.81,1,Inspect,27028,benign
218,CARA-TC,CARA-TC,,1,0.8569684028625488,0.8500000238418579,0.86,5,Drop,27099,attack
219,CARA-TC,CARA-TC,,1,0.8499709963798523,0.8500000238418579,0.85,5,Drop,27290,attack
220,CARA-TC,CARA-TC,,0,0.8199859857559204,0.8199999928474426,0.82,1,Inspect,27385,benign
221,CARA-TC,CARA-TC,,0,0.8246893286705017,0.8199999928474426,0.82,1,Inspect,27475,benign
222,CARA-TC,CARA-TC,,1,0.8756607174873352,0.8799999952316284,0.88,5,Drop,27647,attack
223,CARA-TC,CARA-TC,,1,0.8587411642074585,0.8600000143051147,0.86,5,Drop,27708,attack
224,CARA-TC,CARA-TC,,0,0.8176383972167969,0.8199999928474426,0.81,1,Inspect,27800,benign
225,CARA-TC,CARA-TC,,0,0.8300334215164185,0.8299999833106995,0.82,1,Inspect,27874,benign
226,CARA-TC,CARA-TC,,1,0.8468767404556274,0.8399999737739563,0.85,1,Inspect,28068,attack
227,CARA-TC,CARA-TC,,0,0.8368855118751526,0.8299999833106995,0.84,1,Inspect,28073,benign
228,CARA-TC,CARA-TC,,1,0.879469096660614,0.8799999952316284,0.87,5,Drop,28281,attack
229,CARA-TC,CARA-TC,,0,0.8395709991455078,0.8399999737739563,0.83,1,Inspect,28318,benign
230,CARA-TC,CARA-TC,,0,0.8398676514625549,0.8399999737739563,0.84,1,Inspect,28618,benign
231,CARA-TC,CARA-TC,,0,0.824093222618103,0.8199999928474426,0.83,1,Inspect,28794,benign
232,CARA-TC,CARA-TC,,0,0.8240866661071777,0.8199999928474426,0.83,1,Inspect,28804,benign
233,CARA-TC,CARA-TC,,1,0.8526306748390198,0.8500000238418579,0.85,5,Drop,28906,attack
234,CARA-TC,CARA-TC,,1,0.8526313900947571,0.8500000238418579,0.85,5,Drop,28907,attack
235,CARA-TC,CARA-TC,,1,0.8500974178314209,0.8500000238418579,0.85,5,Drop,29018,attack
236,CARA-TC,CARA-TC,,0,0.8424707651138306,0.8399999737739563,0.84,1,Inspect,29042,benign
237,CARA-TC,CARA-TC,,0,0.8119410872459412,0.8100000023841858,0.81,1,Inspect,29145,benign
238,CARA-TC,CARA-TC,,0,0.8217334747314453,0.8199999928474426,0.82,1,Inspect,29234,benign
239,CARA-TC,CARA-TC,,0,0.8317458629608154,0.8299999833106995,0.83,1,Inspect,29238,benign
240,CARA-TC,CARA-TC,,0,0.8088564872741699,0.8100000023841858,0.81,1,Inspect,29334,benign
241,CARA-TC,CARA-TC,,1,0.8475148677825928,0.8500000238418579,0.85,5,Drop,29394,attack
242,CARA-TC,CARA-TC,,0,0.8201691508293152,0.8199999928474426,0.83,1,Inspect,29434,benign
243,CARA-TC,CARA-TC,,1,0.8426319360733032,0.8399999737739563,0.85,1,Inspect,29457,attack
244,CARA-TC,CARA-TC,,0,0.8261587023735046,0.8299999833106995,0.83,1,Inspect,29590,benign
245,CARA-TC,CARA-TC,,0,0.8141408562660217,0.8100000023841858,0.82,1,Inspect,29634,benign
246,CARA-TC,CARA-TC,,0,0.8041713237762451,0.800000011920929,0.81,1,Inspect,29644,benign
247,CARA-TC,CARA-TC,,0,0.8383910655975342,0.8399999737739563,0.84,1,Inspect,29713,benign
248,CARA-TC,CARA-TC,,1,0.9029292464256287,0.8999999761581421,0.9,5,Drop,29828,attack
0,DQN-TFC (seed=42),DQN-TFC,42,1,0.879833996295929,0.8799999952316284,0.88,5,Drop,34,attack
1,DQN-TFC (seed=42),DQN-TFC,42,0,0.8099673390388489,0.8100000023841858,0.81,5,Drop,163,benign
2,DQN-TFC (seed=42),DQN-TFC,42,0,0.8290244936943054,0.8299999833106995,0.82,5,Drop,359,benign
3,DQN-TFC (seed=42),DQN-TFC,42,1,0.8779748678207397,0.8799999952316284,0.87,5,Drop,543,attack
4,DQN-TFC (seed=42),DQN-TFC,42,1,0.8908616900444031,0.8899999856948853,0.89,5,Drop,788,attack
5,DQN-TFC (seed=42),DQN-TFC,42,0,0.8184310793876648,0.8199999928474426,0.83,5,Drop,1007,benign
6,DQN-TFC (seed=42),DQN-TFC,42,1,0.8630930185317993,0.8700000047683716,0.86,5,Drop,1077,attack
7,DQN-TFC (seed=42),DQN-TFC,42,0,0.7812010049819946,0.7799999713897705,0.78,5,Drop,1173,benign
8,DQN-TFC (seed=42),DQN-TFC,42,0,0.7988349199295044,0.800000011920929,0.8,5,Drop,1338,benign
9,DQN-TFC (seed=42),DQN-TFC,42,1,0.8783858418464661,0.8799999952316284,0.88,5,Drop,1589,attack
10,DQN-TFC (seed=42),DQN-TFC,42,1,0.9270837903022766,0.9300000071525574,0.93,5,Drop,1711,attack
11,DQN-TFC (seed=42),DQN-TFC,42,1,0.9204261302947998,0.9200000166893005,0.92,5,Drop,1755,attack
12,DQN-TFC (seed=42),DQN-TFC,42,1,0.8790686726570129,0.8799999952316284,0.88,5,Drop,1826,attack
13,DQN-TFC (seed=42),DQN-TFC,42,1,0.8598487377166748,0.8600000143051147,0.86,5,Drop,2303,attack
14,DQN-TFC (seed=42),DQN-TFC,42,1,0.8559197187423706,0.8500000238418579,0.87,5,Drop,2509,attack
15,DQN-TFC (seed=42),DQN-TFC,42,1,0.8448888659477234,0.8399999737739563,0.85,5,Drop,2579,attack
16,DQN-TFC (seed=42),DQN-TFC,42,1,0.8343343138694763,0.8299999833106995,0.85,0,Forward,2704,attack
17,DQN-TFC (seed=42),DQN-TFC,42,1,0.909209668636322,0.9100000262260437,0.91,5,Drop,2984,attack
18,DQN-TFC (seed=42),DQN-TFC,42,1,0.892710268497467,0.8899999856948853,0.89,5,Drop,3042,attack
19,DQN-TFC (seed=42),DQN-TFC,42,0,0.779188334941864,0.7799999713897705,0.78,0,Forward,3187,benign
20,DQN-TFC (seed=42),DQN-TFC,42,0,0.7874859571456909,0.7900000214576721,0.79,0,Forward,3200,benign
21,DQN-TFC (seed=42),DQN-TFC,42,1,0.8884751200675964,0.8899999856948853,0.88,5,Drop,3480,attack
22,DQN-TFC (seed=42),DQN-TFC,42,0,0.8297797441482544,0.8299999833106995,0.83,0,Forward,3603,benign
23,DQN-TFC (seed=42),DQN-TFC,42,1,0.8987791538238525,0.8999999761581421,0.9,5,Drop,4036,attack
24,DQN-TFC (seed=42),DQN-TFC,42,1,0.9100563526153564,0.9100000262260437,0.91,5,Drop,4096,attack
25,DQN-TFC (seed=42),DQN-TFC,42,0,0.7760412693023682,0.7799999713897705,0.78,0,Forward,4223,benign
26,DQN-TFC (seed=42),DQN-TFC,42,0,0.7967140674591064,0.7900000214576721,0.8,0,Forward,4492,benign
27,DQN-TFC (seed=42),DQN-TFC,42,0,0.773356556892395,0.7699999809265137,0.78,0,Forward,4724,benign
28,DQN-TFC (seed=42),DQN-TFC,42,1,0.9137651920318604,0.9100000262260437,0.92,5,Drop,4794,attack
29,DQN-TFC (seed=42),DQN-TFC,42,1,0.8725376129150391,0.8700000047683716,0.88,0,Forward,4856,attack
30,DQN-TFC (seed=42),DQN-TFC,42,1,0.8711929321289062,0.8700000047683716,0.88,0,Forward,4879,attack
31,DQN-TFC (seed=42),DQN-TFC,42,1,0.8682050108909607,0.8700000047683716,0.87,5,Drop,5004,attack
32,DQN-TFC (seed=42),DQN-TFC,42,1,0.8684120178222656,0.8700000047683716,0.87,5,Drop,5015,attack
33,DQN-TFC (seed=42),DQN-TFC,42,1,0.9081689715385437,0.9100000262260437,0.91,5,Drop,5100,attack
34,DQN-TFC (seed=42),DQN-TFC,42,1,0.8976726531982422,0.8999999761581421,0.9,5,Drop,5137,attack
35,DQN-TFC (seed=42),DQN-TFC,42,0,0.8373674154281616,0.8399999737739563,0.83,0,Forward,5188,benign
36,DQN-TFC (seed=42),DQN-TFC,42,1,0.862047553062439,0.8600000143051147,0.86,5,Drop,5222,attack
37,DQN-TFC (seed=42),DQN-TFC,42,1,0.8858568668365479,0.8799999952316284,0.89,5,Drop,5375,attack
38,DQN-TFC (seed=42),DQN-TFC,42,1,0.8564433455467224,0.8500000238418579,0.86,5,Drop,5529,attack
39,DQN-TFC (seed=42),DQN-TFC,42,0,0.8269306421279907,0.8199999928474426,0.83,0,Forward,5615,benign
40,DQN-TFC (seed=42),DQN-TFC,42,0,0.813768208026886,0.8100000023841858,0.8,0,Forward,5691,benign
41,DQN-TFC (seed=42),DQN-TFC,42,0,0.8197215795516968,0.8100000023841858,0.81,0,Forward,5747,benign
42,DQN-TFC (seed=42),DQN-TFC,42,0,0.8220182061195374,0.8100000023841858,0.81,0,Forward,5774,benign
43,DQN-TFC (seed=42),DQN-TFC,42,1,0.8663164377212524,0.8600000143051147,0.86,5,Drop,5933,attack
44,DQN-TFC (seed=42),DQN-TFC,42,0,0.849316418170929,0.8399999737739563,0.84,5,Drop,5966,benign
45,DQN-TFC (seed=42),DQN-TFC,42,0,0.8093292713165283,0.800000011920929,0.8,0,Forward,6009,benign
46,DQN-TFC (seed=42),DQN-TFC,42,0,0.8414927124977112,0.8399999737739563,0.83,5,Drop,6047,benign
47,DQN-TFC (seed=42),DQN-TFC,42,0,0.7934058308601379,0.7900000214576721,0.79,0,Forward,6156,benign
48,DQN-TFC (seed=42),DQN-TFC,42,0,0.7934057116508484,0.7900000214576721,0.79,0,Forward,6158,benign
49,DQN-TFC (seed=42),DQN-TFC,42,0,0.8012173175811768,0.800000011920929,0.8,0,Forward,6161,benign
50,DQN-TFC (seed=42),DQN-TFC,42,1,0.8523243069648743,0.8500000238418579,0.85,5,Drop,6544,attack
51,DQN-TFC (seed=42),DQN-TFC,42,1,0.8538548350334167,0.8500000238418579,0.85,0,Forward,6691,attack
52,DQN-TFC (seed=42),DQN-TFC,42,0,0.8254052996635437,0.8299999833106995,0.83,0,Forward,7158,benign
53,DQN-TFC (seed=42),DQN-TFC,42,0,0.7887188196182251,0.7900000214576721,0.79,0,Forward,7298,benign
54,DQN-TFC (seed=42),DQN-TFC,42,1,0.8693459033966064,0.8700000047683716,0.87,5,Drop,7805,attack
55,DQN-TFC (seed=42),DQN-TFC,42,0,0.8328465819358826,0.8299999833106995,0.83,5,Drop,7938,benign
56,DQN-TFC (seed=42),DQN-TFC,42,1,0.8672149181365967,0.8700000047683716,0.87,5,Drop,8112,attack
57,DQN-TFC (seed=42),DQN-TFC,42,1,0.8870208859443665,0.8899999856948853,0.89,5,Drop,8169,attack
58,DQN-TFC (seed=42),DQN-TFC,42,1,0.8547448515892029,0.8600000143051147,0.86,0,Forward,8187,attack
59,DQN-TFC (seed=42),DQN-TFC,42,1,0.8655512928962708,0.8700000047683716,0.87,5,Drop,8323,attack
60,DQN-TFC (seed=42),DQN-TFC,42,0,0.7602249383926392,0.7599999904632568,0.76,0,Forward,8570,benign
61,DQN-TFC (seed=42),DQN-TFC,42,0,0.7500377893447876,0.75,0.75,0,Forward,8585,benign
62,DQN-TFC (seed=42),DQN-TFC,42,0,0.7400667071342468,0.7400000095367432,0.74,0,Forward,8593,benign
63,DQN-TFC (seed=42),DQN-TFC,42,1,0.8890588283538818,0.8899999856948853,0.88,5,Drop,8699,attack
64,DQN-TFC (seed=42),DQN-TFC,42,1,0.8890588879585266,0.8899999856948853,0.88,5,Drop,8700,attack
65,DQN-TFC (seed=42),DQN-TFC,42,0,0.8400719165802002,0.8399999737739563,0.84,5,Drop,8758,benign
66,DQN-TFC (seed=42),DQN-TFC,42,0,0.800307035446167,0.7900000214576721,0.79,0,Forward,8963,benign
67,DQN-TFC (seed=42),DQN-TFC,42,0,0.8101561069488525,0.8100000023841858,0.81,0,Forward,9413,benign
68,DQN-TFC (seed=42),DQN-TFC,42,1,0.8594833612442017,0.8600000143051147,0.86,5,Drop,9754,attack
69,DQN-TFC (seed=42),DQN-TFC,42,0,0.8076704144477844,0.8100000023841858,0.81,0,Forward,9871,benign
70,DQN-TFC (seed=42),DQN-TFC,42,0,0.7902960777282715,0.7900000214576721,0.79,0,Forward,9907,benign
71,DQN-TFC (seed=42),DQN-TFC,42,1,0.9019876718521118,0.8999999761581421,0.9,5,Drop,10288,attack
72,DQN-TFC (seed=42),DQN-TFC,42,1,0.8918544054031372,0.8899999856948853,0.89,5,Drop,10301,attack
73,DQN-TFC (seed=42),DQN-TFC,42,1,0.8455605506896973,0.8500000238418579,0.85,5,Drop,10545,attack
74,DQN-TFC (seed=42),DQN-TFC,42,0,0.8055262565612793,0.800000011920929,0.79,0,Forward,10720,benign
75,DQN-TFC (seed=42),DQN-TFC,42,1,0.8840524554252625,0.8700000047683716,0.88,5,Drop,10844,attack
76,DQN-TFC (seed=42),DQN-TFC,42,1,0.8640789985656738,0.8500000238418579,0.86,5,Drop,10855,attack
77,DQN-TFC (seed=42),DQN-TFC,42,0,0.7940945625305176,0.7799999713897705,0.79,0,Forward,10888,benign
78,DQN-TFC (seed=42),DQN-TFC,42,0,0.7955327033996582,0.7900000214576721,0.8,0,Forward,10926,benign
79,DQN-TFC (seed=42),DQN-TFC,42,0,0.8359295725822449,0.8299999833106995,0.84,0,Forward,11013,benign
80,DQN-TFC (seed=42),DQN-TFC,42,0,0.8027329444885254,0.7900000214576721,0.79,0,Forward,11177,benign
81,DQN-TFC (seed=42),DQN-TFC,42,0,0.8449897170066833,0.8399999737739563,0.84,5,Drop,11275,benign
82,DQN-TFC (seed=42),DQN-TFC,42,0,0.8350366950035095,0.8299999833106995,0.83,5,Drop,11301,benign
83,DQN-TFC (seed=42),DQN-TFC,42,0,0.8350360989570618,0.8299999833106995,0.83,5,Drop,11302,benign
84,DQN-TFC (seed=42),DQN-TFC,42,0,0.81482994556427,0.8100000023841858,0.81,0,Forward,11352,benign
85,DQN-TFC (seed=42),DQN-TFC,42,1,0.8718368411064148,0.8700000047683716,0.87,5,Drop,11464,attack
86,DQN-TFC (seed=42),DQN-TFC,42,1,0.8501495122909546,0.8500000238418579,0.86,5,Drop,11772,attack
87,DQN-TFC (seed=42),DQN-TFC,42,0,0.8084815144538879,0.800000011920929,0.81,0,Forward,11813,benign
88,DQN-TFC (seed=42),DQN-TFC,42,0,0.8098862171173096,0.8100000023841858,0.81,0,Forward,11881,benign
89,DQN-TFC (seed=42),DQN-TFC,42,1,0.8678771257400513,0.8700000047683716,0.86,5,Drop,12061,attack
90,DQN-TFC (seed=42),DQN-TFC,42,0,0.8481305837631226,0.8500000238418579,0.84,5,Drop,12088,benign
91,DQN-TFC (seed=42),DQN-TFC,42,1,0.858406126499176,0.8600000143051147,0.85,5,Drop,12109,attack
92,DQN-TFC (seed=42),DQN-TFC,42,1,0.8504123091697693,0.8500000238418579,0.85,5,Drop,12137,attack
93,DQN-TFC (seed=42),DQN-TFC,42,0,0.8224881887435913,0.8199999928474426,0.82,0,Forward,12176,benign
94,DQN-TFC (seed=42),DQN-TFC,42,0,0.8422060608863831,0.8399999737739563,0.84,0,Forward,12187,benign
95,DQN-TFC (seed=42),DQN-TFC,42,0,0.8399506211280823,0.8399999737739563,0.84,5,Drop,12297,benign
96,DQN-TFC (seed=42),DQN-TFC,42,1,0.8687772154808044,0.8700000047683716,0.87,5,Drop,12464,attack
97,DQN-TFC (seed=42),DQN-TFC,42,1,0.8521358966827393,0.8500000238418579,0.85,5,Drop,12715,attack
98,DQN-TFC (seed=42),DQN-TFC,42,1,0.8409515619277954,0.8399999737739563,0.85,0,Forward,12891,attack
99,DQN-TFC (seed=42),DQN-TFC,42,1,0.8435349464416504,0.8399999737739563,0.85,0,Forward,12963,attack
100,DQN-TFC (seed=42),DQN-TFC,42,0,0.8321276307106018,0.8299999833106995,0.83,0,Forward,13036,benign
101,DQN-TFC (seed=42),DQN-TFC,42,0,0.8130981922149658,0.8100000023841858,0.81,0,Forward,13047,benign
102,DQN-TFC (seed=42),DQN-TFC,42,0,0.8230418562889099,0.8199999928474426,0.82,0,Forward,13058,benign
103,DQN-TFC (seed=42),DQN-TFC,42,1,0.8648033142089844,0.8600000143051147,0.86,5,Drop,13189,attack
104,DQN-TFC (seed=42),DQN-TFC,42,1,0.8940011858940125,0.8899999856948853,0.89,5,Drop,13220,attack
105,DQN-TFC (seed=42),DQN-TFC,42,1,0.8817206621170044,0.8799999952316284,0.89,5,Drop,13229,attack
106,DQN-TFC (seed=42),DQN-TFC,42,0,0.789798378944397,0.7900000214576721,0.79,0,Forward,13418,benign
107,DQN-TFC (seed=42),DQN-TFC,42,0,0.799791693687439,0.800000011920929,0.8,0,Forward,13422,benign
108,DQN-TFC (seed=42),DQN-TFC,42,1,0.8395397067070007,0.8399999737739563,0.85,0,Forward,13790,attack
109,DQN-TFC (seed=42),DQN-TFC,42,0,0.8311482071876526,0.8299999833106995,0.84,0,Forward,13821,benign
110,DQN-TFC (seed=42),DQN-TFC,42,1,0.8897304534912109,0.8899999856948853,0.89,5,Drop,13896,attack
111,DQN-TFC (seed=42),DQN-TFC,42,1,0.8981784582138062,0.8999999761581421,0.9,5,Drop,13941,attack
112,DQN-TFC (seed=42),DQN-TFC,42,0,0.8418792486190796,0.8500000238418579,0.84,0,Forward,14060,benign
113,DQN-TFC (seed=42),DQN-TFC,42,0,0.8191235065460205,0.8100000023841858,0.8,0,Forward,14233,benign
114,DQN-TFC (seed=42),DQN-TFC,42,1,0.8727867007255554,0.8700000047683716,0.88,5,Drop,14309,attack
115,DQN-TFC (seed=42),DQN-TFC,42,1,0.859923243522644,0.8600000143051147,0.86,5,Drop,15051,attack
116,DQN-TFC (seed=42),DQN-TFC,42,1,0.8823280930519104,0.8799999952316284,0.88,5,Drop,15187,attack
117,DQN-TFC (seed=42),DQN-TFC,42,0,0.8324939608573914,0.8299999833106995,0.83,0,Forward,15211,benign
118,DQN-TFC (seed=42),DQN-TFC,42,1,0.8637133836746216,0.8600000143051147,0.86,5,Drop,15308,attack
119,DQN-TFC (seed=42),DQN-TFC,42,0,0.8160220384597778,0.8100000023841858,0.82,0,Forward,15325,benign
120,DQN-TFC (seed=42),DQN-TFC,42,0,0.754787802696228,0.75,0.76,0,Forward,15412,benign
121,DQN-TFC (seed=42),DQN-TFC,42,1,0.851523756980896,0.8500000238418579,0.85,5,Drop,15587,attack
122,DQN-TFC (seed=42),DQN-TFC,42,1,0.8701123595237732,0.8700000047683716,0.87,5,Drop,15646,attack
123,DQN-TFC (seed=42),DQN-TFC,42,1,0.8801069855690002,0.8799999952316284,0.88,5,Drop,15647,attack
124,DQN-TFC (seed=42),DQN-TFC,42,1,0.9189636707305908,0.9200000166893005,0.91,5,Drop,15731,attack
125,DQN-TFC (seed=42),DQN-TFC,42,0,0.8464939594268799,0.8500000238418579,0.84,5,Drop,16024,benign
126,DQN-TFC (seed=42),DQN-TFC,42,1,0.8612254858016968,0.8600000143051147,0.87,5,Drop,16469,attack
127,DQN-TFC (seed=42),DQN-TFC,42,1,0.8597354292869568,0.8600000143051147,0.87,5,Drop,16492,attack
128,DQN-TFC (seed=42),DQN-TFC,42,1,0.8625316619873047,0.8600000143051147,0.86,5,Drop,16621,attack
129,DQN-TFC (seed=42),DQN-TFC,42,1,0.8625324964523315,0.8600000143051147,0.86,5,Drop,16622,attack
130,DQN-TFC (seed=42),DQN-TFC,42,0,0.8334140777587891,0.8299999833106995,0.84,5,Drop,16712,benign
131,DQN-TFC (seed=42),DQN-TFC,42,1,0.8998856544494629,0.8999999761581421,0.9,5,Drop,16856,attack
132,DQN-TFC (seed=42),DQN-TFC,42,1,0.8994457721710205,0.8999999761581421,0.9,5,Drop,16929,attack
133,DQN-TFC (seed=42),DQN-TFC,42,1,0.8741875290870667,0.8700000047683716,0.88,5,Drop,17031,attack
134,DQN-TFC (seed=42),DQN-TFC,42,0,0.8287768363952637,0.8199999928474426,0.84,0,Forward,17229,benign
135,DQN-TFC (seed=42),DQN-TFC,42,0,0.8439942002296448,0.8399999737739563,0.84,5,Drop,17474,benign
136,DQN-TFC (seed=42),DQN-TFC,42,0,0.8278783559799194,0.8199999928474426,0.82,0,Forward,17678,benign
137,DQN-TFC (seed=42),DQN-TFC,42,0,0.8066718578338623,0.800000011920929,0.8,0,Forward,17719,benign
138,DQN-TFC (seed=42),DQN-TFC,42,0,0.8577614426612854,0.8500000238418579,0.84,5,Drop,18102,benign
139,DQN-TFC (seed=42),DQN-TFC,42,1,0.8832355737686157,0.8799999952316284,0.87,5,Drop,18120,attack
140,DQN-TFC (seed=42),DQN-TFC,42,1,0.8787582516670227,0.8799999952316284,0.88,5,Drop,18188,attack
141,DQN-TFC (seed=42),DQN-TFC,42,1,0.9003291130065918,0.8999999761581421,0.9,5,Drop,18373,attack
142,DQN-TFC (seed=42),DQN-TFC,42,0,0.8293827176094055,0.8299999833106995,0.83,0,Forward,18429,benign
143,DQN-TFC (seed=42),DQN-TFC,42,0,0.8019344806671143,0.800000011920929,0.8,0,Forward,18605,benign
144,DQN-TFC (seed=42),DQN-TFC,42,0,0.7719220519065857,0.7699999809265137,0.77,0,Forward,18629,benign
145,DQN-TFC (seed=42),DQN-TFC,42,1,0.8580705523490906,0.8600000143051147,0.86,5,Drop,19034,attack
146,DQN-TFC (seed=42),DQN-TFC,42,1,0.8591589331626892,0.8600000143051147,0.86,5,Drop,19261,attack
147,DQN-TFC (seed=42),DQN-TFC,42,0,0.8198917508125305,0.8199999928474426,0.82,0,Forward,19568,benign
148,DQN-TFC (seed=42),DQN-TFC,42,0,0.8346434831619263,0.8299999833106995,0.84,5,Drop,19606,benign
149,DQN-TFC (seed=42),DQN-TFC,42,0,0.6925909519195557,0.6899999976158142,0.69,0,Forward,19803,benign
150,DQN-TFC (seed=42),DQN-TFC,42,1,0.8533068895339966,0.8500000238418579,0.85,5,Drop,19973,attack
151,DQN-TFC (seed=42),DQN-TFC,42,1,0.9491422176361084,0.949999988079071,0.95,5,Drop,20134,attack
152,DQN-TFC (seed=42),DQN-TFC,42,1,0.8576992154121399,0.8600000143051147,0.86,5,Drop,20261,attack
153,DQN-TFC (seed=42),DQN-TFC,42,0,0.837689220905304,0.8399999737739563,0.84,5,Drop,20271,benign
154,DQN-TFC (seed=42),DQN-TFC,42,1,0.8698458075523376,0.8700000047683716,0.87,5,Drop,20328,attack
155,DQN-TFC (seed=42),DQN-TFC,42,1,0.8497189879417419,0.8500000238418579,0.85,5,Drop,20578,attack
156,DQN-TFC (seed=42),DQN-TFC,42,1,0.8485469818115234,0.8500000238418579,0.85,5,Drop,20712,attack
157,DQN-TFC (seed=42),DQN-TFC,42,1,0.8510622978210449,0.8500000238418579,0.86,5,Drop,20838,attack
158,DQN-TFC (seed=42),DQN-TFC,42,0,0.8205698132514954,0.8199999928474426,0.82,0,Forward,20916,benign
159,DQN-TFC (seed=42),DQN-TFC,42,0,0.7999889254570007,0.800000011920929,0.8,0,Forward,21203,benign
160,DQN-TFC (seed=42),DQN-TFC,42,0,0.7922539710998535,0.7900000214576721,0.8,0,Forward,21295,benign
161,DQN-TFC (seed=42),DQN-TFC,42,0,0.7913861870765686,0.7900000214576721,0.8,0,Forward,21299,benign
162,DQN-TFC (seed=42),DQN-TFC,42,0,0.830646812915802,0.8299999833106995,0.84,0,Forward,21508,benign
163,DQN-TFC (seed=42),DQN-TFC,42,1,0.8479499816894531,0.8500000238418579,0.85,5,Drop,21600,attack
164,DQN-TFC (seed=42),DQN-TFC,42,0,0.8187517523765564,0.8199999928474426,0.81,0,Forward,21733,benign
165,DQN-TFC (seed=42),DQN-TFC,42,0,0.7671636343002319,0.7599999904632568,0.76,0,Forward,21806,benign
166,DQN-TFC (seed=42),DQN-TFC,42,1,0.8541373610496521,0.8399999737739563,0.86,5,Drop,21948,attack
167,DQN-TFC (seed=42),DQN-TFC,42,1,0.876903235912323,0.8700000047683716,0.87,5,Drop,22082,attack
168,DQN-TFC (seed=42),DQN-TFC,42,1,0.9052704572677612,0.8999999761581421,0.9,5,Drop,22110,attack
169,DQN-TFC (seed=42),DQN-TFC,42,0,0.8391054272651672,0.8399999737739563,0.83,5,Drop,22171,benign
170,DQN-TFC (seed=42),DQN-TFC,42,1,0.8498303294181824,0.8500000238418579,0.85,5,Drop,22284,attack
171,DQN-TFC (seed=42),DQN-TFC,42,1,0.8491634130477905,0.8500000238418579,0.85,5,Drop,22317,attack
172,DQN-TFC (seed=42),DQN-TFC,42,1,0.8691211938858032,0.8700000047683716,0.87,5,Drop,22329,attack
173,DQN-TFC (seed=42),DQN-TFC,42,1,0.8876321911811829,0.8899999856948853,0.89,5,Drop,22468,attack
174,DQN-TFC (seed=42),DQN-TFC,42,1,0.8775237202644348,0.8799999952316284,0.88,5,Drop,22501,attack
175,DQN-TFC (seed=42),DQN-TFC,42,0,0.8302080035209656,0.8299999833106995,0.83,0,Forward,22708,benign
176,DQN-TFC (seed=42),DQN-TFC,42,1,0.8703062534332275,0.8700000047683716,0.87,5,Drop,22853,attack
177,DQN-TFC (seed=42),DQN-TFC,42,0,0.8237143158912659,0.8199999928474426,0.82,0,Forward,22944,benign
178,DQN-TFC (seed=42),DQN-TFC,42,1,0.8696657419204712,0.8600000143051147,0.86,5,Drop,23025,attack
179,DQN-TFC (seed=42),DQN-TFC,42,1,0.8847257494926453,0.8799999952316284,0.88,5,Drop,23094,attack
180,DQN-TFC (seed=42),DQN-TFC,42,1,0.8747749924659729,0.8700000047683716,0.87,5,Drop,23112,attack
181,DQN-TFC (seed=42),DQN-TFC,42,0,0.8125288486480713,0.8100000023841858,0.81,0,Forward,23209,benign
182,DQN-TFC (seed=42),DQN-TFC,42,0,0.8284656405448914,0.8299999833106995,0.83,0,Forward,23431,benign
183,DQN-TFC (seed=42),DQN-TFC,42,1,0.8589532971382141,0.8600000143051147,0.86,5,Drop,23733,attack
184,DQN-TFC (seed=42),DQN-TFC,42,1,0.8488499522209167,0.8500000238418579,0.85,5,Drop,23759,attack
185,DQN-TFC (seed=42),DQN-TFC,42,0,0.8388105034828186,0.8399999737739563,0.84,5,Drop,23778,benign
186,DQN-TFC (seed=42),DQN-TFC,42,0,0.8340607285499573,0.8299999833106995,0.83,5,Drop,23811,benign
187,DQN-TFC (seed=42),DQN-TFC,42,0,0.8036412000656128,0.800000011920929,0.8,0,Forward,24133,benign
188,DQN-TFC (seed=42),DQN-TFC,42,0,0.7837530374526978,0.7799999713897705,0.78,0,Forward,24191,benign
189,DQN-TFC (seed=42),DQN-TFC,42,0,0.7800889611244202,0.7799999713897705,0.78,0,Forward,24211,benign
190,DQN-TFC (seed=42),DQN-TFC,42,1,0.8676241040229797,0.8600000143051147,0.87,5,Drop,24373,attack
191,DQN-TFC (seed=42),DQN-TFC,42,0,0.8401661515235901,0.8399999737739563,0.84,5,Drop,24560,benign
192,DQN-TFC (seed=42),DQN-TFC,42,1,0.8799384832382202,0.8799999952316284,0.88,5,Drop,24613,attack
193,DQN-TFC (seed=42),DQN-TFC,42,1,0.889945924282074,0.8899999856948853,0.89,5,Drop,24618,attack
194,DQN-TFC (seed=42),DQN-TFC,42,1,0.8958290219306946,0.8899999856948853,0.91,5,Drop,24726,attack
195,DQN-TFC (seed=42),DQN-TFC,42,1,0.8804629445075989,0.8799999952316284,0.88,5,Drop,24772,attack
196,DQN-TFC (seed=42),DQN-TFC,42,0,0.843108594417572,0.8399999737739563,0.84,5,Drop,24837,benign
197,DQN-TFC (seed=42),DQN-TFC,42,0,0.8299122452735901,0.8299999833106995,0.83,5,Drop,24967,benign
198,DQN-TFC (seed=42),DQN-TFC,42,0,0.8168489336967468,0.8199999928474426,0.82,0,Forward,24996,benign
199,DQN-TFC (seed=42),DQN-TFC,42,0,0.7699838280677795,0.7599999904632568,0.77,0,Forward,25212,benign
200,DQN-TFC (seed=42),DQN-TFC,42,1,0.8604229688644409,0.8600000143051147,0.86,5,Drop,25323,attack
201,DQN-TFC (seed=42),DQN-TFC,42,1,0.8699449300765991,0.8700000047683716,0.87,5,Drop,25341,attack
202,DQN-TFC (seed=42),DQN-TFC,42,0,0.7626132369041443,0.7599999904632568,0.76,0,Forward,25525,benign
203,DQN-TFC (seed=42),DQN-TFC,42,0,0.7826955914497375,0.7799999713897705,0.78,0,Forward,25624,benign
204,DQN-TFC (seed=42),DQN-TFC,42,1,0.8601194024085999,0.8600000143051147,0.86,5,Drop,25753,attack
205,DQN-TFC (seed=42),DQN-TFC,42,1,0.8498777151107788,0.8500000238418579,0.85,5,Drop,25855,attack
206,DQN-TFC (seed=42),DQN-TFC,42,1,0.8552750945091248,0.8600000143051147,0.85,5,Drop,25924,attack
207,DQN-TFC (seed=42),DQN-TFC,42,1,0.8599913120269775,0.8600000143051147,0.86,5,Drop,26023,attack
208,DQN-TFC (seed=42),DQN-TFC,42,0,0.8406216502189636,0.8399999737739563,0.84,5,Drop,26138,benign
209,DQN-TFC (seed=42),DQN-TFC,42,0,0.8106439113616943,0.8100000023841858,0.81,0,Forward,26215,benign
210,DQN-TFC (seed=42),DQN-TFC,42,1,0.8734425902366638,0.8700000047683716,0.88,5,Drop,26320,attack
211,DQN-TFC (seed=42),DQN-TFC,42,1,0.8734425902366638,0.8700000047683716,0.88,5,Drop,26321,attack
212,DQN-TFC (seed=42),DQN-TFC,42,0,0.8274185657501221,0.8199999928474426,0.82,0,Forward,26485,benign
213,DQN-TFC (seed=42),DQN-TFC,42,0,0.7977456450462341,0.7900000214576721,0.8,0,Forward,26629,benign
214,DQN-TFC (seed=42),DQN-TFC,42,0,0.7860429883003235,0.7799999713897705,0.79,0,Forward,26652,benign
215,DQN-TFC (seed=42),DQN-TFC,42,0,0.8211085796356201,0.8199999928474426,0.82,0,Forward,27007,benign
216,DQN-TFC (seed=42),DQN-TFC,42,0,0.8113611340522766,0.8100000023841858,0.81,0,Forward,27027,benign
217,DQN-TFC (seed=42),DQN-TFC,42,0,0.8113600015640259,0.8100000023841858,0.81,0,Forward,27028,benign
218,DQN-TFC (seed=42),DQN-TFC,42,1,0.8569684028625488,0.8500000238418579,0.86,5,Drop,27099,attack
219,DQN-TFC (seed=42),DQN-TFC,42,1,0.8499709963798523,0.8500000238418579,0.85,5,Drop,27290,attack
220,DQN-TFC (seed=42),DQN-TFC,42,0,0.8199859857559204,0.8199999928474426,0.82,0,Forward,27385,benign
221,DQN-TFC (seed=42),DQN-TFC,42,0,0.8246893286705017,0.8199999928474426,0.82,0,Forward,27475,benign
222,DQN-TFC (seed=42),DQN-TFC,42,1,0.8756607174873352,0.8799999952316284,0.88,5,Drop,27647,attack
223,DQN-TFC (seed=42),DQN-TFC,42,1,0.8587411642074585,0.8600000143051147,0.86,5,Drop,27708,attack
224,DQN-TFC (seed=42),DQN-TFC,42,0,0.8176383972167969,0.8199999928474426,0.81,0,Forward,27800,benign
225,DQN-TFC (seed=42),DQN-TFC,42,0,0.8300334215164185,0.8299999833106995,0.82,0,Forward,27874,benign
226,DQN-TFC (seed=42),DQN-TFC,42,1,0.8468767404556274,0.8399999737739563,0.85,5,Drop,28068,attack
227,DQN-TFC (seed=42),DQN-TFC,42,0,0.8368855118751526,0.8299999833106995,0.84,5,Drop,28073,benign
228,DQN-TFC (seed=42),DQN-TFC,42,1,0.879469096660614,0.8799999952316284,0.87,5,Drop,28281,attack
229,DQN-TFC (seed=42),DQN-TFC,42,0,0.8395709991455078,0.8399999737739563,0.83,5,Drop,28318,benign
230,DQN-TFC (seed=42),DQN-TFC,42,0,0.8398676514625549,0.8399999737739563,0.84,5,Drop,28618,benign
231,DQN-TFC (seed=42),DQN-TFC,42,0,0.824093222618103,0.8199999928474426,0.83,0,Forward,28794,benign
232,DQN-TFC (seed=42),DQN-TFC,42,0,0.8240866661071777,0.8199999928474426,0.83,0,Forward,28804,benign
233,DQN-TFC (seed=42),DQN-TFC,42,1,0.8526306748390198,0.8500000238418579,0.85,5,Drop,28906,attack
234,DQN-TFC (seed=42),DQN-TFC,42,1,0.8526313900947571,0.8500000238418579,0.85,5,Drop,28907,attack
235,DQN-TFC (seed=42),DQN-TFC,42,1,0.8500974178314209,0.8500000238418579,0.85,0,Forward,29018,attack
236,DQN-TFC (seed=42),DQN-TFC,42,0,0.8424707651138306,0.8399999737739563,0.84,0,Forward,29042,benign
237,DQN-TFC (seed=42),DQN-TFC,42,0,0.8119410872459412,0.8100000023841858,0.81,0,Forward,29145,benign
238,DQN-TFC (seed=42),DQN-TFC,42,0,0.8217334747314453,0.8199999928474426,0.82,0,Forward,29234,benign
239,DQN-TFC (seed=42),DQN-TFC,42,0,0.8317458629608154,0.8299999833106995,0.83,0,Forward,29238,benign
240,DQN-TFC (seed=42),DQN-TFC,42,0,0.8088564872741699,0.8100000023841858,0.81,0,Forward,29334,benign
241,DQN-TFC (seed=42),DQN-TFC,42,1,0.8475148677825928,0.8500000238418579,0.85,5,Drop,29394,attack
242,DQN-TFC (seed=42),DQN-TFC,42,0,0.8201691508293152,0.8199999928474426,0.83,0,Forward,29434,benign
243,DQN-TFC (seed=42),DQN-TFC,42,1,0.8426319360733032,0.8399999737739563,0.85,5,Drop,29457,attack
244,DQN-TFC (seed=42),DQN-TFC,42,0,0.8261587023735046,0.8299999833106995,0.83,0,Forward,29590,benign
245,DQN-TFC (seed=42),DQN-TFC,42,0,0.8141408562660217,0.8100000023841858,0.82,0,Forward,29634,benign
246,DQN-TFC (seed=42),DQN-TFC,42,0,0.8041713237762451,0.800000011920929,0.81,0,Forward,29644,benign
247,DQN-TFC (seed=42),DQN-TFC,42,0,0.8383910655975342,0.8399999737739563,0.84,0,Forward,29713,benign
248,DQN-TFC (seed=42),DQN-TFC,42,1,0.9029292464256287,0.8999999761581421,0.9,5,Drop,29828,attack
0,DQN-TFC (seed=100),DQN-TFC,100,1,0.879833996295929,0.8799999952316284,0.88,5,Drop,34,attack
1,DQN-TFC (seed=100),DQN-TFC,100,0,0.8099673390388489,0.8100000023841858,0.81,0,Forward,163,benign
2,DQN-TFC (seed=100),DQN-TFC,100,0,0.8290244936943054,0.8299999833106995,0.82,5,Drop,359,benign
3,DQN-TFC (seed=100),DQN-TFC,100,1,0.8779748678207397,0.8799999952316284,0.87,0,Forward,543,attack
4,DQN-TFC (seed=100),DQN-TFC,100,1,0.8908616900444031,0.8899999856948853,0.89,0,Forward,788,attack
5,DQN-TFC (seed=100),DQN-TFC,100,0,0.8184310793876648,0.8199999928474426,0.83,0,Forward,1007,benign
6,DQN-TFC (seed=100),DQN-TFC,100,1,0.8630930185317993,0.8700000047683716,0.86,5,Drop,1077,attack
7,DQN-TFC (seed=100),DQN-TFC,100,0,0.7812010049819946,0.7799999713897705,0.78,0,Forward,1173,benign
8,DQN-TFC (seed=100),DQN-TFC,100,0,0.7988349199295044,0.800000011920929,0.8,0,Forward,1338,benign
9,DQN-TFC (seed=100),DQN-TFC,100,1,0.8783858418464661,0.8799999952316284,0.88,5,Drop,1589,attack
10,DQN-TFC (seed=100),DQN-TFC,100,1,0.9270837903022766,0.9300000071525574,0.93,5,Drop,1711,attack
11,DQN-TFC (seed=100),DQN-TFC,100,1,0.9204261302947998,0.9200000166893005,0.92,5,Drop,1755,attack
12,DQN-TFC (seed=100),DQN-TFC,100,1,0.8790686726570129,0.8799999952316284,0.88,0,Forward,1826,attack
13,DQN-TFC (seed=100),DQN-TFC,100,1,0.8598487377166748,0.8600000143051147,0.86,5,Drop,2303,attack
14,DQN-TFC (seed=100),DQN-TFC,100,1,0.8559197187423706,0.8500000238418579,0.87,0,Forward,2509,attack
15,DQN-TFC (seed=100),DQN-TFC,100,1,0.8448888659477234,0.8399999737739563,0.85,6,Isolate,2579,attack
16,DQN-TFC (seed=100),DQN-TFC,100,1,0.8343343138694763,0.8299999833106995,0.85,6,Isolate,2704,attack
17,DQN-TFC (seed=100),DQN-TFC,100,1,0.909209668636322,0.9100000262260437,0.91,6,Isolate,2984,attack
18,DQN-TFC (seed=100),DQN-TFC,100,1,0.892710268497467,0.8899999856948853,0.89,5,Drop,3042,attack
19,DQN-TFC (seed=100),DQN-TFC,100,0,0.779188334941864,0.7799999713897705,0.78,0,Forward,3187,benign
20,DQN-TFC (seed=100),DQN-TFC,100,0,0.7874859571456909,0.7900000214576721,0.79,6,Isolate,3200,benign
21,DQN-TFC (seed=100),DQN-TFC,100,1,0.8884751200675964,0.8899999856948853,0.88,6,Isolate,3480,attack
22,DQN-TFC (seed=100),DQN-TFC,100,0,0.8297797441482544,0.8299999833106995,0.83,6,Isolate,3603,benign
23,DQN-TFC (seed=100),DQN-TFC,100,1,0.8987791538238525,0.8999999761581421,0.9,5,Drop,4036,attack
24,DQN-TFC (seed=100),DQN-TFC,100,1,0.9100563526153564,0.9100000262260437,0.91,5,Drop,4096,attack
25,DQN-TFC (seed=100),DQN-TFC,100,0,0.7760412693023682,0.7799999713897705,0.78,0,Forward,4223,benign
26,DQN-TFC (seed=100),DQN-TFC,100,0,0.7967140674591064,0.7900000214576721,0.8,0,Forward,4492,benign
27,DQN-TFC (seed=100),DQN-TFC,100,0,0.773356556892395,0.7699999809265137,0.78,0,Forward,4724,benign
28,DQN-TFC (seed=100),DQN-TFC,100,1,0.9137651920318604,0.9100000262260437,0.92,6,Isolate,4794,attack
29,DQN-TFC (seed=100),DQN-TFC,100,1,0.8725376129150391,0.8700000047683716,0.88,0,Forward,4856,attack
30,DQN-TFC (seed=100),DQN-TFC,100,1,0.8711929321289062,0.8700000047683716,0.88,6,Isolate,4879,attack
31,DQN-TFC (seed=100),DQN-TFC,100,1,0.8682050108909607,0.8700000047683716,0.87,6,Isolate,5004,attack
32,DQN-TFC (seed=100),DQN-TFC,100,1,0.8684120178222656,0.8700000047683716,0.87,6,Isolate,5015,attack
33,DQN-TFC (seed=100),DQN-TFC,100,1,0.9081689715385437,0.9100000262260437,0.91,6,Isolate,5100,attack
34,DQN-TFC (seed=100),DQN-TFC,100,1,0.8976726531982422,0.8999999761581421,0.9,6,Isolate,5137,attack
35,DQN-TFC (seed=100),DQN-TFC,100,0,0.8373674154281616,0.8399999737739563,0.83,0,Forward,5188,benign
36,DQN-TFC (seed=100),DQN-TFC,100,1,0.862047553062439,0.8600000143051147,0.86,6,Isolate,5222,attack
37,DQN-TFC (seed=100),DQN-TFC,100,1,0.8858568668365479,0.8799999952316284,0.89,6,Isolate,5375,attack
38,DQN-TFC (seed=100),DQN-TFC,100,1,0.8564433455467224,0.8500000238418579,0.86,6,Isolate,5529,attack
39,DQN-TFC (seed=100),DQN-TFC,100,0,0.8269306421279907,0.8199999928474426,0.83,0,Forward,5615,benign
40,DQN-TFC (seed=100),DQN-TFC,100,0,0.813768208026886,0.8100000023841858,0.8,0,Forward,5691,benign
41,DQN-TFC (seed=100),DQN-TFC,100,0,0.8197215795516968,0.8100000023841858,0.81,2,Mirror,5747,benign
42,DQN-TFC (seed=100),DQN-TFC,100,0,0.8220182061195374,0.8100000023841858,0.81,2,Mirror,5774,benign
43,DQN-TFC (seed=100),DQN-TFC,100,1,0.8663164377212524,0.8600000143051147,0.86,6,Isolate,5933,attack
44,DQN-TFC (seed=100),DQN-TFC,100,0,0.849316418170929,0.8399999737739563,0.84,6,Isolate,5966,benign
45,DQN-TFC (seed=100),DQN-TFC,100,0,0.8093292713165283,0.800000011920929,0.8,6,Isolate,6009,benign
46,DQN-TFC (seed=100),DQN-TFC,100,0,0.8414927124977112,0.8399999737739563,0.83,6,Isolate,6047,benign
47,DQN-TFC (seed=100),DQN-TFC,100,0,0.7934058308601379,0.7900000214576721,0.79,0,Forward,6156,benign
48,DQN-TFC (seed=100),DQN-TFC,100,0,0.7934057116508484,0.7900000214576721,0.79,0,Forward,6158,benign
49,DQN-TFC (seed=100),DQN-TFC,100,0,0.8012173175811768,0.800000011920929,0.8,0,Forward,6161,benign
50,DQN-TFC (seed=100),DQN-TFC,100,1,0.8523243069648743,0.8500000238418579,0.85,6,Isolate,6544,attack
51,DQN-TFC (seed=100),DQN-TFC,100,1,0.8538548350334167,0.8500000238418579,0.85,0,Forward,6691,attack
52,DQN-TFC (seed=100),DQN-TFC,100,0,0.8254052996635437,0.8299999833106995,0.83,6,Isolate,7158,benign
53,DQN-TFC (seed=100),DQN-TFC,100,0,0.7887188196182251,0.7900000214576721,0.79,0,Forward,7298,benign
54,DQN-TFC (seed=100),DQN-TFC,100,1,0.8693459033966064,0.8700000047683716,0.87,6,Isolate,7805,attack
55,DQN-TFC (seed=100),DQN-TFC,100,0,0.8328465819358826,0.8299999833106995,0.83,6,Isolate,7938,benign
56,DQN-TFC (seed=100),DQN-TFC,100,1,0.8672149181365967,0.8700000047683716,0.87,6,Isolate,8112,attack
57,DQN-TFC (seed=100),DQN-TFC,100,1,0.8870208859443665,0.8899999856948853,0.89,6,Isolate,8169,attack
58,DQN-TFC (seed=100),DQN-TFC,100,1,0.8547448515892029,0.8600000143051147,0.86,0,Forward,8187,attack
59,DQN-TFC (seed=100),DQN-TFC,100,1,0.8655512928962708,0.8700000047683716,0.87,6,Isolate,8323,attack
60,DQN-TFC (seed=100),DQN-TFC,100,0,0.7602249383926392,0.7599999904632568,0.76,0,Forward,8570,benign
61,DQN-TFC (seed=100),DQN-TFC,100,0,0.7500377893447876,0.75,0.75,0,Forward,8585,benign
62,DQN-TFC (seed=100),DQN-TFC,100,0,0.7400667071342468,0.7400000095367432,0.74,0,Forward,8593,benign
63,DQN-TFC (seed=100),DQN-TFC,100,1,0.8890588283538818,0.8899999856948853,0.88,6,Isolate,8699,attack
64,DQN-TFC (seed=100),DQN-TFC,100,1,0.8890588879585266,0.8899999856948853,0.88,6,Isolate,8700,attack
65,DQN-TFC (seed=100),DQN-TFC,100,0,0.8400719165802002,0.8399999737739563,0.84,6,Isolate,8758,benign
66,DQN-TFC (seed=100),DQN-TFC,100,0,0.800307035446167,0.7900000214576721,0.79,0,Forward,8963,benign
67,DQN-TFC (seed=100),DQN-TFC,100,0,0.8101561069488525,0.8100000023841858,0.81,0,Forward,9413,benign
68,DQN-TFC (seed=100),DQN-TFC,100,1,0.8594833612442017,0.8600000143051147,0.86,6,Isolate,9754,attack
69,DQN-TFC (seed=100),DQN-TFC,100,0,0.8076704144477844,0.8100000023841858,0.81,0,Forward,9871,benign
70,DQN-TFC (seed=100),DQN-TFC,100,0,0.7902960777282715,0.7900000214576721,0.79,0,Forward,9907,benign
71,DQN-TFC (seed=100),DQN-TFC,100,1,0.9019876718521118,0.8999999761581421,0.9,6,Isolate,10288,attack
72,DQN-TFC (seed=100),DQN-TFC,100,1,0.8918544054031372,0.8899999856948853,0.89,6,Isolate,10301,attack
73,DQN-TFC (seed=100),DQN-TFC,100,1,0.8455605506896973,0.8500000238418579,0.85,0,Forward,10545,attack
74,DQN-TFC (seed=100),DQN-TFC,100,0,0.8055262565612793,0.800000011920929,0.79,0,Forward,10720,benign
75,DQN-TFC (seed=100),DQN-TFC,100,1,0.8840524554252625,0.8700000047683716,0.88,6,Isolate,10844,attack
76,DQN-TFC (seed=100),DQN-TFC,100,1,0.8640789985656738,0.8500000238418579,0.86,6,Isolate,10855,attack
77,DQN-TFC (seed=100),DQN-TFC,100,0,0.7940945625305176,0.7799999713897705,0.79,0,Forward,10888,benign
78,DQN-TFC (seed=100),DQN-TFC,100,0,0.7955327033996582,0.7900000214576721,0.8,0,Forward,10926,benign
79,DQN-TFC (seed=100),DQN-TFC,100,0,0.8359295725822449,0.8299999833106995,0.84,0,Forward,11013,benign
80,DQN-TFC (seed=100),DQN-TFC,100,0,0.8027329444885254,0.7900000214576721,0.79,0,Forward,11177,benign
81,DQN-TFC (seed=100),DQN-TFC,100,0,0.8449897170066833,0.8399999737739563,0.84,6,Isolate,11275,benign
82,DQN-TFC (seed=100),DQN-TFC,100,0,0.8350366950035095,0.8299999833106995,0.83,6,Isolate,11301,benign
83,DQN-TFC (seed=100),DQN-TFC,100,0,0.8350360989570618,0.8299999833106995,0.83,6,Isolate,11302,benign
84,DQN-TFC (seed=100),DQN-TFC,100,0,0.81482994556427,0.8100000023841858,0.81,0,Forward,11352,benign
85,DQN-TFC (seed=100),DQN-TFC,100,1,0.8718368411064148,0.8700000047683716,0.87,6,Isolate,11464,attack
86,DQN-TFC (seed=100),DQN-TFC,100,1,0.8501495122909546,0.8500000238418579,0.86,6,Isolate,11772,attack
87,DQN-TFC (seed=100),DQN-TFC,100,0,0.8084815144538879,0.800000011920929,0.81,0,Forward,11813,benign
88,DQN-TFC (seed=100),DQN-TFC,100,0,0.8098862171173096,0.8100000023841858,0.81,0,Forward,11881,benign
89,DQN-TFC (seed=100),DQN-TFC,100,1,0.8678771257400513,0.8700000047683716,0.86,6,Isolate,12061,attack
90,DQN-TFC (seed=100),DQN-TFC,100,0,0.8481305837631226,0.8500000238418579,0.84,6,Isolate,12088,benign
91,DQN-TFC (seed=100),DQN-TFC,100,1,0.858406126499176,0.8600000143051147,0.85,6,Isolate,12109,attack
92,DQN-TFC (seed=100),DQN-TFC,100,1,0.8504123091697693,0.8500000238418579,0.85,0,Forward,12137,attack
93,DQN-TFC (seed=100),DQN-TFC,100,0,0.8224881887435913,0.8199999928474426,0.82,0,Forward,12176,benign
94,DQN-TFC (seed=100),DQN-TFC,100,0,0.8422060608863831,0.8399999737739563,0.84,0,Forward,12187,benign
95,DQN-TFC (seed=100),DQN-TFC,100,0,0.8399506211280823,0.8399999737739563,0.84,6,Isolate,12297,benign
96,DQN-TFC (seed=100),DQN-TFC,100,1,0.8687772154808044,0.8700000047683716,0.87,6,Isolate,12464,attack
97,DQN-TFC (seed=100),DQN-TFC,100,1,0.8521358966827393,0.8500000238418579,0.85,6,Isolate,12715,attack
98,DQN-TFC (seed=100),DQN-TFC,100,1,0.8409515619277954,0.8399999737739563,0.85,0,Forward,12891,attack
99,DQN-TFC (seed=100),DQN-TFC,100,1,0.8435349464416504,0.8399999737739563,0.85,0,Forward,12963,attack
100,DQN-TFC (seed=100),DQN-TFC,100,0,0.8321276307106018,0.8299999833106995,0.83,0,Forward,13036,benign
101,DQN-TFC (seed=100),DQN-TFC,100,0,0.8130981922149658,0.8100000023841858,0.81,0,Forward,13047,benign
102,DQN-TFC (seed=100),DQN-TFC,100,0,0.8230418562889099,0.8199999928474426,0.82,0,Forward,13058,benign
103,DQN-TFC (seed=100),DQN-TFC,100,1,0.8648033142089844,0.8600000143051147,0.86,6,Isolate,13189,attack
104,DQN-TFC (seed=100),DQN-TFC,100,1,0.8940011858940125,0.8899999856948853,0.89,6,Isolate,13220,attack
105,DQN-TFC (seed=100),DQN-TFC,100,1,0.8817206621170044,0.8799999952316284,0.89,6,Isolate,13229,attack
106,DQN-TFC (seed=100),DQN-TFC,100,0,0.789798378944397,0.7900000214576721,0.79,0,Forward,13418,benign
107,DQN-TFC (seed=100),DQN-TFC,100,0,0.799791693687439,0.800000011920929,0.8,0,Forward,13422,benign
108,DQN-TFC (seed=100),DQN-TFC,100,1,0.8395397067070007,0.8399999737739563,0.85,0,Forward,13790,attack
109,DQN-TFC (seed=100),DQN-TFC,100,0,0.8311482071876526,0.8299999833106995,0.84,0,Forward,13821,benign
110,DQN-TFC (seed=100),DQN-TFC,100,1,0.8897304534912109,0.8899999856948853,0.89,6,Isolate,13896,attack
111,DQN-TFC (seed=100),DQN-TFC,100,1,0.8981784582138062,0.8999999761581421,0.9,6,Isolate,13941,attack
112,DQN-TFC (seed=100),DQN-TFC,100,0,0.8418792486190796,0.8500000238418579,0.84,0,Forward,14060,benign
113,DQN-TFC (seed=100),DQN-TFC,100,0,0.8191235065460205,0.8100000023841858,0.8,0,Forward,14233,benign
114,DQN-TFC (seed=100),DQN-TFC,100,1,0.8727867007255554,0.8700000047683716,0.88,6,Isolate,14309,attack
115,DQN-TFC (seed=100),DQN-TFC,100,1,0.859923243522644,0.8600000143051147,0.86,6,Isolate,15051,attack
116,DQN-TFC (seed=100),DQN-TFC,100,1,0.8823280930519104,0.8799999952316284,0.88,6,Isolate,15187,attack
117,DQN-TFC (seed=100),DQN-TFC,100,0,0.8324939608573914,0.8299999833106995,0.83,0,Forward,15211,benign
118,DQN-TFC (seed=100),DQN-TFC,100,1,0.8637133836746216,0.8600000143051147,0.86,6,Isolate,15308,attack
119,DQN-TFC (seed=100),DQN-TFC,100,0,0.8160220384597778,0.8100000023841858,0.82,0,Forward,15325,benign
120,DQN-TFC (seed=100),DQN-TFC,100,0,0.754787802696228,0.75,0.76,0,Forward,15412,benign
121,DQN-TFC (seed=100),DQN-TFC,100,1,0.851523756980896,0.8500000238418579,0.85,6,Isolate,15587,attack
122,DQN-TFC (seed=100),DQN-TFC,100,1,0.8701123595237732,0.8700000047683716,0.87,6,Isolate,15646,attack
123,DQN-TFC (seed=100),DQN-TFC,100,1,0.8801069855690002,0.8799999952316284,0.88,6,Isolate,15647,attack
124,DQN-TFC (seed=100),DQN-TFC,100,1,0.9189636707305908,0.9200000166893005,0.91,6,Isolate,15731,attack
125,DQN-TFC (seed=100),DQN-TFC,100,0,0.8464939594268799,0.8500000238418579,0.84,6,Isolate,16024,benign
126,DQN-TFC (seed=100),DQN-TFC,100,1,0.8612254858016968,0.8600000143051147,0.87,6,Isolate,16469,attack
127,DQN-TFC (seed=100),DQN-TFC,100,1,0.8597354292869568,0.8600000143051147,0.87,6,Isolate,16492,attack
128,DQN-TFC (seed=100),DQN-TFC,100,1,0.8625316619873047,0.8600000143051147,0.86,6,Isolate,16621,attack
129,DQN-TFC (seed=100),DQN-TFC,100,1,0.8625324964523315,0.8600000143051147,0.86,6,Isolate,16622,attack
130,DQN-TFC (seed=100),DQN-TFC,100,0,0.8334140777587891,0.8299999833106995,0.84,6,Isolate,16712,benign
131,DQN-TFC (seed=100),DQN-TFC,100,1,0.8998856544494629,0.8999999761581421,0.9,6,Isolate,16856,attack
132,DQN-TFC (seed=100),DQN-TFC,100,1,0.8994457721710205,0.8999999761581421,0.9,6,Isolate,16929,attack
133,DQN-TFC (seed=100),DQN-TFC,100,1,0.8741875290870667,0.8700000047683716,0.88,6,Isolate,17031,attack
134,DQN-TFC (seed=100),DQN-TFC,100,0,0.8287768363952637,0.8199999928474426,0.84,6,Isolate,17229,benign
135,DQN-TFC (seed=100),DQN-TFC,100,0,0.8439942002296448,0.8399999737739563,0.84,6,Isolate,17474,benign
136,DQN-TFC (seed=100),DQN-TFC,100,0,0.8278783559799194,0.8199999928474426,0.82,6,Isolate,17678,benign
137,DQN-TFC (seed=100),DQN-TFC,100,0,0.8066718578338623,0.800000011920929,0.8,6,Isolate,17719,benign
138,DQN-TFC (seed=100),DQN-TFC,100,0,0.8577614426612854,0.8500000238418579,0.84,6,Isolate,18102,benign
139,DQN-TFC (seed=100),DQN-TFC,100,1,0.8832355737686157,0.8799999952316284,0.87,6,Isolate,18120,attack
140,DQN-TFC (seed=100),DQN-TFC,100,1,0.8787582516670227,0.8799999952316284,0.88,6,Isolate,18188,attack
141,DQN-TFC (seed=100),DQN-TFC,100,1,0.9003291130065918,0.8999999761581421,0.9,6,Isolate,18373,attack
142,DQN-TFC (seed=100),DQN-TFC,100,0,0.8293827176094055,0.8299999833106995,0.83,0,Forward,18429,benign
143,DQN-TFC (seed=100),DQN-TFC,100,0,0.8019344806671143,0.800000011920929,0.8,0,Forward,18605,benign
144,DQN-TFC (seed=100),DQN-TFC,100,0,0.7719220519065857,0.7699999809265137,0.77,0,Forward,18629,benign
145,DQN-TFC (seed=100),DQN-TFC,100,1,0.8580705523490906,0.8600000143051147,0.86,6,Isolate,19034,attack
146,DQN-TFC (seed=100),DQN-TFC,100,1,0.8591589331626892,0.8600000143051147,0.86,6,Isolate,19261,attack
147,DQN-TFC (seed=100),DQN-TFC,100,0,0.8198917508125305,0.8199999928474426,0.82,0,Forward,19568,benign
148,DQN-TFC (seed=100),DQN-TFC,100,0,0.8346434831619263,0.8299999833106995,0.84,6,Isolate,19606,benign
149,DQN-TFC (seed=100),DQN-TFC,100,0,0.6925909519195557,0.6899999976158142,0.69,0,Forward,19803,benign
150,DQN-TFC (seed=100),DQN-TFC,100,1,0.8533068895339966,0.8500000238418579,0.85,6,Isolate,19973,attack
151,DQN-TFC (seed=100),DQN-TFC,100,1,0.9491422176361084,0.949999988079071,0.95,6,Isolate,20134,attack
152,DQN-TFC (seed=100),DQN-TFC,100,1,0.8576992154121399,0.8600000143051147,0.86,6,Isolate,20261,attack
153,DQN-TFC (seed=100),DQN-TFC,100,0,0.837689220905304,0.8399999737739563,0.84,6,Isolate,20271,benign
154,DQN-TFC (seed=100),DQN-TFC,100,1,0.8698458075523376,0.8700000047683716,0.87,6,Isolate,20328,attack
155,DQN-TFC (seed=100),DQN-TFC,100,1,0.8497189879417419,0.8500000238418579,0.85,6,Isolate,20578,attack
156,DQN-TFC (seed=100),DQN-TFC,100,1,0.8485469818115234,0.8500000238418579,0.85,6,Isolate,20712,attack
157,DQN-TFC (seed=100),DQN-TFC,100,1,0.8510622978210449,0.8500000238418579,0.86,6,Isolate,20838,attack
158,DQN-TFC (seed=100),DQN-TFC,100,0,0.8205698132514954,0.8199999928474426,0.82,6,Isolate,20916,benign
159,DQN-TFC (seed=100),DQN-TFC,100,0,0.7999889254570007,0.800000011920929,0.8,6,Isolate,21203,benign
160,DQN-TFC (seed=100),DQN-TFC,100,0,0.7922539710998535,0.7900000214576721,0.8,0,Forward,21295,benign
161,DQN-TFC (seed=100),DQN-TFC,100,0,0.7913861870765686,0.7900000214576721,0.8,0,Forward,21299,benign
162,DQN-TFC (seed=100),DQN-TFC,100,0,0.830646812915802,0.8299999833106995,0.84,0,Forward,21508,benign
163,DQN-TFC (seed=100),DQN-TFC,100,1,0.8479499816894531,0.8500000238418579,0.85,6,Isolate,21600,attack
164,DQN-TFC (seed=100),DQN-TFC,100,0,0.8187517523765564,0.8199999928474426,0.81,0,Forward,21733,benign
165,DQN-TFC (seed=100),DQN-TFC,100,0,0.7671636343002319,0.7599999904632568,0.76,0,Forward,21806,benign
166,DQN-TFC (seed=100),DQN-TFC,100,1,0.8541373610496521,0.8399999737739563,0.86,6,Isolate,21948,attack
167,DQN-TFC (seed=100),DQN-TFC,100,1,0.876903235912323,0.8700000047683716,0.87,6,Isolate,22082,attack
168,DQN-TFC (seed=100),DQN-TFC,100,1,0.9052704572677612,0.8999999761581421,0.9,6,Isolate,22110,attack
169,DQN-TFC (seed=100),DQN-TFC,100,0,0.8391054272651672,0.8399999737739563,0.83,6,Isolate,22171,benign
170,DQN-TFC (seed=100),DQN-TFC,100,1,0.8498303294181824,0.8500000238418579,0.85,6,Isolate,22284,attack
171,DQN-TFC (seed=100),DQN-TFC,100,1,0.8491634130477905,0.8500000238418579,0.85,6,Isolate,22317,attack
172,DQN-TFC (seed=100),DQN-TFC,100,1,0.8691211938858032,0.8700000047683716,0.87,6,Isolate,22329,attack
173,DQN-TFC (seed=100),DQN-TFC,100,1,0.8876321911811829,0.8899999856948853,0.89,6,Isolate,22468,attack
174,DQN-TFC (seed=100),DQN-TFC,100,1,0.8775237202644348,0.8799999952316284,0.88,6,Isolate,22501,attack
175,DQN-TFC (seed=100),DQN-TFC,100,0,0.8302080035209656,0.8299999833106995,0.83,6,Isolate,22708,benign
176,DQN-TFC (seed=100),DQN-TFC,100,1,0.8703062534332275,0.8700000047683716,0.87,6,Isolate,22853,attack
177,DQN-TFC (seed=100),DQN-TFC,100,0,0.8237143158912659,0.8199999928474426,0.82,6,Isolate,22944,benign
178,DQN-TFC (seed=100),DQN-TFC,100,1,0.8696657419204712,0.8600000143051147,0.86,6,Isolate,23025,attack
179,DQN-TFC (seed=100),DQN-TFC,100,1,0.8847257494926453,0.8799999952316284,0.88,6,Isolate,23094,attack
180,DQN-TFC (seed=100),DQN-TFC,100,1,0.8747749924659729,0.8700000047683716,0.87,6,Isolate,23112,attack
181,DQN-TFC (seed=100),DQN-TFC,100,0,0.8125288486480713,0.8100000023841858,0.81,6,Isolate,23209,benign
182,DQN-TFC (seed=100),DQN-TFC,100,0,0.8284656405448914,0.8299999833106995,0.83,0,Forward,23431,benign
183,DQN-TFC (seed=100),DQN-TFC,100,1,0.8589532971382141,0.8600000143051147,0.86,6,Isolate,23733,attack
184,DQN-TFC (seed=100),DQN-TFC,100,1,0.8488499522209167,0.8500000238418579,0.85,6,Isolate,23759,attack
185,DQN-TFC (seed=100),DQN-TFC,100,0,0.8388105034828186,0.8399999737739563,0.84,6,Isolate,23778,benign
186,DQN-TFC (seed=100),DQN-TFC,100,0,0.8340607285499573,0.8299999833106995,0.83,6,Isolate,23811,benign
187,DQN-TFC (seed=100),DQN-TFC,100,0,0.8036412000656128,0.800000011920929,0.8,6,Isolate,24133,benign
188,DQN-TFC (seed=100),DQN-TFC,100,0,0.7837530374526978,0.7799999713897705,0.78,0,Forward,24191,benign
189,DQN-TFC (seed=100),DQN-TFC,100,0,0.7800889611244202,0.7799999713897705,0.78,0,Forward,24211,benign
190,DQN-TFC (seed=100),DQN-TFC,100,1,0.8676241040229797,0.8600000143051147,0.87,6,Isolate,24373,attack
191,DQN-TFC (seed=100),DQN-TFC,100,0,0.8401661515235901,0.8399999737739563,0.84,0,Forward,24560,benign
192,DQN-TFC (seed=100),DQN-TFC,100,1,0.8799384832382202,0.8799999952316284,0.88,6,Isolate,24613,attack
193,DQN-TFC (seed=100),DQN-TFC,100,1,0.889945924282074,0.8899999856948853,0.89,6,Isolate,24618,attack
194,DQN-TFC (seed=100),DQN-TFC,100,1,0.8958290219306946,0.8899999856948853,0.91,6,Isolate,24726,attack
195,DQN-TFC (seed=100),DQN-TFC,100,1,0.8804629445075989,0.8799999952316284,0.88,6,Isolate,24772,attack
196,DQN-TFC (seed=100),DQN-TFC,100,0,0.843108594417572,0.8399999737739563,0.84,6,Isolate,24837,benign
197,DQN-TFC (seed=100),DQN-TFC,100,0,0.8299122452735901,0.8299999833106995,0.83,6,Isolate,24967,benign
198,DQN-TFC (seed=100),DQN-TFC,100,0,0.8168489336967468,0.8199999928474426,0.82,6,Isolate,24996,benign
199,DQN-TFC (seed=100),DQN-TFC,100,0,0.7699838280677795,0.7599999904632568,0.77,0,Forward,25212,benign
200,DQN-TFC (seed=100),DQN-TFC,100,1,0.8604229688644409,0.8600000143051147,0.86,6,Isolate,25323,attack
201,DQN-TFC (seed=100),DQN-TFC,100,1,0.8699449300765991,0.8700000047683716,0.87,6,Isolate,25341,attack
202,DQN-TFC (seed=100),DQN-TFC,100,0,0.7626132369041443,0.7599999904632568,0.76,0,Forward,25525,benign
203,DQN-TFC (seed=100),DQN-TFC,100,0,0.7826955914497375,0.7799999713897705,0.78,0,Forward,25624,benign
204,DQN-TFC (seed=100),DQN-TFC,100,1,0.8601194024085999,0.8600000143051147,0.86,6,Isolate,25753,attack
205,DQN-TFC (seed=100),DQN-TFC,100,1,0.8498777151107788,0.8500000238418579,0.85,6,Isolate,25855,attack
206,DQN-TFC (seed=100),DQN-TFC,100,1,0.8552750945091248,0.8600000143051147,0.85,6,Isolate,25924,attack
207,DQN-TFC (seed=100),DQN-TFC,100,1,0.8599913120269775,0.8600000143051147,0.86,6,Isolate,26023,attack
208,DQN-TFC (seed=100),DQN-TFC,100,0,0.8406216502189636,0.8399999737739563,0.84,6,Isolate,26138,benign
209,DQN-TFC (seed=100),DQN-TFC,100,0,0.8106439113616943,0.8100000023841858,0.81,0,Forward,26215,benign
210,DQN-TFC (seed=100),DQN-TFC,100,1,0.8734425902366638,0.8700000047683716,0.88,6,Isolate,26320,attack
211,DQN-TFC (seed=100),DQN-TFC,100,1,0.8734425902366638,0.8700000047683716,0.88,6,Isolate,26321,attack
212,DQN-TFC (seed=100),DQN-TFC,100,0,0.8274185657501221,0.8199999928474426,0.82,6,Isolate,26485,benign
213,DQN-TFC (seed=100),DQN-TFC,100,0,0.7977456450462341,0.7900000214576721,0.8,0,Forward,26629,benign
214,DQN-TFC (seed=100),DQN-TFC,100,0,0.7860429883003235,0.7799999713897705,0.79,0,Forward,26652,benign
215,DQN-TFC (seed=100),DQN-TFC,100,0,0.8211085796356201,0.8199999928474426,0.82,0,Forward,27007,benign
216,DQN-TFC (seed=100),DQN-TFC,100,0,0.8113611340522766,0.8100000023841858,0.81,0,Forward,27027,benign
217,DQN-TFC (seed=100),DQN-TFC,100,0,0.8113600015640259,0.8100000023841858,0.81,0,Forward,27028,benign
218,DQN-TFC (seed=100),DQN-TFC,100,1,0.8569684028625488,0.8500000238418579,0.86,6,Isolate,27099,attack
219,DQN-TFC (seed=100),DQN-TFC,100,1,0.8499709963798523,0.8500000238418579,0.85,6,Isolate,27290,attack
220,DQN-TFC (seed=100),DQN-TFC,100,0,0.8199859857559204,0.8199999928474426,0.82,0,Forward,27385,benign
221,DQN-TFC (seed=100),DQN-TFC,100,0,0.8246893286705017,0.8199999928474426,0.82,0,Forward,27475,benign
222,DQN-TFC (seed=100),DQN-TFC,100,1,0.8756607174873352,0.8799999952316284,0.88,6,Isolate,27647,attack
223,DQN-TFC (seed=100),DQN-TFC,100,1,0.8587411642074585,0.8600000143051147,0.86,6,Isolate,27708,attack
224,DQN-TFC (seed=100),DQN-TFC,100,0,0.8176383972167969,0.8199999928474426,0.81,0,Forward,27800,benign
225,DQN-TFC (seed=100),DQN-TFC,100,0,0.8300334215164185,0.8299999833106995,0.82,0,Forward,27874,benign
226,DQN-TFC (seed=100),DQN-TFC,100,1,0.8468767404556274,0.8399999737739563,0.85,6,Isolate,28068,attack
227,DQN-TFC (seed=100),DQN-TFC,100,0,0.8368855118751526,0.8299999833106995,0.84,6,Isolate,28073,benign
228,DQN-TFC (seed=100),DQN-TFC,100,1,0.879469096660614,0.8799999952316284,0.87,6,Isolate,28281,attack
229,DQN-TFC (seed=100),DQN-TFC,100,0,0.8395709991455078,0.8399999737739563,0.83,6,Isolate,28318,benign
230,DQN-TFC (seed=100),DQN-TFC,100,0,0.8398676514625549,0.8399999737739563,0.84,6,Isolate,28618,benign
231,DQN-TFC (seed=100),DQN-TFC,100,0,0.824093222618103,0.8199999928474426,0.83,6,Isolate,28794,benign
232,DQN-TFC (seed=100),DQN-TFC,100,0,0.8240866661071777,0.8199999928474426,0.83,6,Isolate,28804,benign
233,DQN-TFC (seed=100),DQN-TFC,100,1,0.8526306748390198,0.8500000238418579,0.85,6,Isolate,28906,attack
234,DQN-TFC (seed=100),DQN-TFC,100,1,0.8526313900947571,0.8500000238418579,0.85,6,Isolate,28907,attack
235,DQN-TFC (seed=100),DQN-TFC,100,1,0.8500974178314209,0.8500000238418579,0.85,0,Forward,29018,attack
236,DQN-TFC (seed=100),DQN-TFC,100,0,0.8424707651138306,0.8399999737739563,0.84,0,Forward,29042,benign
237,DQN-TFC (seed=100),DQN-TFC,100,0,0.8119410872459412,0.8100000023841858,0.81,0,Forward,29145,benign
238,DQN-TFC (seed=100),DQN-TFC,100,0,0.8217334747314453,0.8199999928474426,0.82,0,Forward,29234,benign
239,DQN-TFC (seed=100),DQN-TFC,100,0,0.8317458629608154,0.8299999833106995,0.83,0,Forward,29238,benign
240,DQN-TFC (seed=100),DQN-TFC,100,0,0.8088564872741699,0.8100000023841858,0.81,0,Forward,29334,benign
241,DQN-TFC (seed=100),DQN-TFC,100,1,0.8475148677825928,0.8500000238418579,0.85,6,Isolate,29394,attack
242,DQN-TFC (seed=100),DQN-TFC,100,0,0.8201691508293152,0.8199999928474426,0.83,0,Forward,29434,benign
243,DQN-TFC (seed=100),DQN-TFC,100,1,0.8426319360733032,0.8399999737739563,0.85,0,Forward,29457,attack
244,DQN-TFC (seed=100),DQN-TFC,100,0,0.8261587023735046,0.8299999833106995,0.83,0,Forward,29590,benign
245,DQN-TFC (seed=100),DQN-TFC,100,0,0.8141408562660217,0.8100000023841858,0.82,0,Forward,29634,benign
246,DQN-TFC (seed=100),DQN-TFC,100,0,0.8041713237762451,0.800000011920929,0.81,0,Forward,29644,benign
247,DQN-TFC (seed=100),DQN-TFC,100,0,0.8383910655975342,0.8399999737739563,0.84,0,Forward,29713,benign
248,DQN-TFC (seed=100),DQN-TFC,100,1,0.9029292464256287,0.8999999761581421,0.9,6,Isolate,29828,attack
0,DQN-TFC (seed=200),DQN-TFC,200,1,0.879833996295929,0.8799999952316284,0.88,5,Drop,34,attack
1,DQN-TFC (seed=200),DQN-TFC,200,0,0.8099673390388489,0.8100000023841858,0.81,5,Drop,163,benign
2,DQN-TFC (seed=200),DQN-TFC,200,0,0.8290244936943054,0.8299999833106995,0.82,5,Drop,359,benign
3,DQN-TFC (seed=200),DQN-TFC,200,1,0.8779748678207397,0.8799999952316284,0.87,5,Drop,543,attack
4,DQN-TFC (seed=200),DQN-TFC,200,1,0.8908616900444031,0.8899999856948853,0.89,5,Drop,788,attack
5,DQN-TFC (seed=200),DQN-TFC,200,0,0.8184310793876648,0.8199999928474426,0.83,5,Drop,1007,benign
6,DQN-TFC (seed=200),DQN-TFC,200,1,0.8630930185317993,0.8700000047683716,0.86,5,Drop,1077,attack
7,DQN-TFC (seed=200),DQN-TFC,200,0,0.7812010049819946,0.7799999713897705,0.78,5,Drop,1173,benign
8,DQN-TFC (seed=200),DQN-TFC,200,0,0.7988349199295044,0.800000011920929,0.8,5,Drop,1338,benign
9,DQN-TFC (seed=200),DQN-TFC,200,1,0.8783858418464661,0.8799999952316284,0.88,5,Drop,1589,attack
10,DQN-TFC (seed=200),DQN-TFC,200,1,0.9270837903022766,0.9300000071525574,0.93,5,Drop,1711,attack
11,DQN-TFC (seed=200),DQN-TFC,200,1,0.9204261302947998,0.9200000166893005,0.92,5,Drop,1755,attack
12,DQN-TFC (seed=200),DQN-TFC,200,1,0.8790686726570129,0.8799999952316284,0.88,5,Drop,1826,attack
13,DQN-TFC (seed=200),DQN-TFC,200,1,0.8598487377166748,0.8600000143051147,0.86,5,Drop,2303,attack
14,DQN-TFC (seed=200),DQN-TFC,200,1,0.8559197187423706,0.8500000238418579,0.87,5,Drop,2509,attack
15,DQN-TFC (seed=200),DQN-TFC,200,1,0.8448888659477234,0.8399999737739563,0.85,5,Drop,2579,attack
16,DQN-TFC (seed=200),DQN-TFC,200,1,0.8343343138694763,0.8299999833106995,0.85,0,Forward,2704,attack
17,DQN-TFC (seed=200),DQN-TFC,200,1,0.909209668636322,0.9100000262260437,0.91,5,Drop,2984,attack
18,DQN-TFC (seed=200),DQN-TFC,200,1,0.892710268497467,0.8899999856948853,0.89,5,Drop,3042,attack
19,DQN-TFC (seed=200),DQN-TFC,200,0,0.779188334941864,0.7799999713897705,0.78,0,Forward,3187,benign
20,DQN-TFC (seed=200),DQN-TFC,200,0,0.7874859571456909,0.7900000214576721,0.79,0,Forward,3200,benign
21,DQN-TFC (seed=200),DQN-TFC,200,1,0.8884751200675964,0.8899999856948853,0.88,5,Drop,3480,attack
22,DQN-TFC (seed=200),DQN-TFC,200,0,0.8297797441482544,0.8299999833106995,0.83,0,Forward,3603,benign
23,DQN-TFC (seed=200),DQN-TFC,200,1,0.8987791538238525,0.8999999761581421,0.9,5,Drop,4036,attack
24,DQN-TFC (seed=200),DQN-TFC,200,1,0.9100563526153564,0.9100000262260437,0.91,5,Drop,4096,attack
25,DQN-TFC (seed=200),DQN-TFC,200,0,0.7760412693023682,0.7799999713897705,0.78,0,Forward,4223,benign
26,DQN-TFC (seed=200),DQN-TFC,200,0,0.7967140674591064,0.7900000214576721,0.8,0,Forward,4492,benign
27,DQN-TFC (seed=200),DQN-TFC,200,0,0.773356556892395,0.7699999809265137,0.78,0,Forward,4724,benign
28,DQN-TFC (seed=200),DQN-TFC,200,1,0.9137651920318604,0.9100000262260437,0.92,5,Drop,4794,attack
29,DQN-TFC (seed=200),DQN-TFC,200,1,0.8725376129150391,0.8700000047683716,0.88,0,Forward,4856,attack
30,DQN-TFC (seed=200),DQN-TFC,200,1,0.8711929321289062,0.8700000047683716,0.88,0,Forward,4879,attack
31,DQN-TFC (seed=200),DQN-TFC,200,1,0.8682050108909607,0.8700000047683716,0.87,5,Drop,5004,attack
32,DQN-TFC (seed=200),DQN-TFC,200,1,0.8684120178222656,0.8700000047683716,0.87,5,Drop,5015,attack
33,DQN-TFC (seed=200),DQN-TFC,200,1,0.9081689715385437,0.9100000262260437,0.91,5,Drop,5100,attack
34,DQN-TFC (seed=200),DQN-TFC,200,1,0.8976726531982422,0.8999999761581421,0.9,5,Drop,5137,attack
35,DQN-TFC (seed=200),DQN-TFC,200,0,0.8373674154281616,0.8399999737739563,0.83,0,Forward,5188,benign
36,DQN-TFC (seed=200),DQN-TFC,200,1,0.862047553062439,0.8600000143051147,0.86,5,Drop,5222,attack
37,DQN-TFC (seed=200),DQN-TFC,200,1,0.8858568668365479,0.8799999952316284,0.89,5,Drop,5375,attack
38,DQN-TFC (seed=200),DQN-TFC,200,1,0.8564433455467224,0.8500000238418579,0.86,0,Forward,5529,attack
39,DQN-TFC (seed=200),DQN-TFC,200,0,0.8269306421279907,0.8199999928474426,0.83,0,Forward,5615,benign
40,DQN-TFC (seed=200),DQN-TFC,200,0,0.813768208026886,0.8100000023841858,0.8,0,Forward,5691,benign
41,DQN-TFC (seed=200),DQN-TFC,200,0,0.8197215795516968,0.8100000023841858,0.81,0,Forward,5747,benign
42,DQN-TFC (seed=200),DQN-TFC,200,0,0.8220182061195374,0.8100000023841858,0.81,0,Forward,5774,benign
43,DQN-TFC (seed=200),DQN-TFC,200,1,0.8663164377212524,0.8600000143051147,0.86,5,Drop,5933,attack
44,DQN-TFC (seed=200),DQN-TFC,200,0,0.849316418170929,0.8399999737739563,0.84,0,Forward,5966,benign
45,DQN-TFC (seed=200),DQN-TFC,200,0,0.8093292713165283,0.800000011920929,0.8,0,Forward,6009,benign
46,DQN-TFC (seed=200),DQN-TFC,200,0,0.8414927124977112,0.8399999737739563,0.83,0,Forward,6047,benign
47,DQN-TFC (seed=200),DQN-TFC,200,0,0.7934058308601379,0.7900000214576721,0.79,0,Forward,6156,benign
48,DQN-TFC (seed=200),DQN-TFC,200,0,0.7934057116508484,0.7900000214576721,0.79,0,Forward,6158,benign
49,DQN-TFC (seed=200),DQN-TFC,200,0,0.8012173175811768,0.800000011920929,0.8,0,Forward,6161,benign
50,DQN-TFC (seed=200),DQN-TFC,200,1,0.8523243069648743,0.8500000238418579,0.85,5,Drop,6544,attack
51,DQN-TFC (seed=200),DQN-TFC,200,1,0.8538548350334167,0.8500000238418579,0.85,5,Drop,6691,attack
52,DQN-TFC (seed=200),DQN-TFC,200,0,0.8254052996635437,0.8299999833106995,0.83,0,Forward,7158,benign
53,DQN-TFC (seed=200),DQN-TFC,200,0,0.7887188196182251,0.7900000214576721,0.79,0,Forward,7298,benign
54,DQN-TFC (seed=200),DQN-TFC,200,1,0.8693459033966064,0.8700000047683716,0.87,5,Drop,7805,attack
55,DQN-TFC (seed=200),DQN-TFC,200,0,0.8328465819358826,0.8299999833106995,0.83,0,Forward,7938,benign
56,DQN-TFC (seed=200),DQN-TFC,200,1,0.8672149181365967,0.8700000047683716,0.87,5,Drop,8112,attack
57,DQN-TFC (seed=200),DQN-TFC,200,1,0.8870208859443665,0.8899999856948853,0.89,5,Drop,8169,attack
58,DQN-TFC (seed=200),DQN-TFC,200,1,0.8547448515892029,0.8600000143051147,0.86,0,Forward,8187,attack
59,DQN-TFC (seed=200),DQN-TFC,200,1,0.8655512928962708,0.8700000047683716,0.87,5,Drop,8323,attack
60,DQN-TFC (seed=200),DQN-TFC,200,0,0.7602249383926392,0.7599999904632568,0.76,0,Forward,8570,benign
61,DQN-TFC (seed=200),DQN-TFC,200,0,0.7500377893447876,0.75,0.75,0,Forward,8585,benign
62,DQN-TFC (seed=200),DQN-TFC,200,0,0.7400667071342468,0.7400000095367432,0.74,0,Forward,8593,benign
63,DQN-TFC (seed=200),DQN-TFC,200,1,0.8890588283538818,0.8899999856948853,0.88,5,Drop,8699,attack
64,DQN-TFC (seed=200),DQN-TFC,200,1,0.8890588879585266,0.8899999856948853,0.88,5,Drop,8700,attack
65,DQN-TFC (seed=200),DQN-TFC,200,0,0.8400719165802002,0.8399999737739563,0.84,5,Drop,8758,benign
66,DQN-TFC (seed=200),DQN-TFC,200,0,0.800307035446167,0.7900000214576721,0.79,0,Forward,8963,benign
67,DQN-TFC (seed=200),DQN-TFC,200,0,0.8101561069488525,0.8100000023841858,0.81,0,Forward,9413,benign
68,DQN-TFC (seed=200),DQN-TFC,200,1,0.8594833612442017,0.8600000143051147,0.86,5,Drop,9754,attack
69,DQN-TFC (seed=200),DQN-TFC,200,0,0.8076704144477844,0.8100000023841858,0.81,0,Forward,9871,benign
70,DQN-TFC (seed=200),DQN-TFC,200,0,0.7902960777282715,0.7900000214576721,0.79,0,Forward,9907,benign
71,DQN-TFC (seed=200),DQN-TFC,200,1,0.9019876718521118,0.8999999761581421,0.9,5,Drop,10288,attack
72,DQN-TFC (seed=200),DQN-TFC,200,1,0.8918544054031372,0.8899999856948853,0.89,5,Drop,10301,attack
73,DQN-TFC (seed=200),DQN-TFC,200,1,0.8455605506896973,0.8500000238418579,0.85,5,Drop,10545,attack
74,DQN-TFC (seed=200),DQN-TFC,200,0,0.8055262565612793,0.800000011920929,0.79,0,Forward,10720,benign
75,DQN-TFC (seed=200),DQN-TFC,200,1,0.8840524554252625,0.8700000047683716,0.88,5,Drop,10844,attack
76,DQN-TFC (seed=200),DQN-TFC,200,1,0.8640789985656738,0.8500000238418579,0.86,5,Drop,10855,attack
77,DQN-TFC (seed=200),DQN-TFC,200,0,0.7940945625305176,0.7799999713897705,0.79,0,Forward,10888,benign
78,DQN-TFC (seed=200),DQN-TFC,200,0,0.7955327033996582,0.7900000214576721,0.8,0,Forward,10926,benign
79,DQN-TFC (seed=200),DQN-TFC,200,0,0.8359295725822449,0.8299999833106995,0.84,0,Forward,11013,benign
80,DQN-TFC (seed=200),DQN-TFC,200,0,0.8027329444885254,0.7900000214576721,0.79,0,Forward,11177,benign
81,DQN-TFC (seed=200),DQN-TFC,200,0,0.8449897170066833,0.8399999737739563,0.84,5,Drop,11275,benign
82,DQN-TFC (seed=200),DQN-TFC,200,0,0.8350366950035095,0.8299999833106995,0.83,5,Drop,11301,benign
83,DQN-TFC (seed=200),DQN-TFC,200,0,0.8350360989570618,0.8299999833106995,0.83,5,Drop,11302,benign
84,DQN-TFC (seed=200),DQN-TFC,200,0,0.81482994556427,0.8100000023841858,0.81,0,Forward,11352,benign
85,DQN-TFC (seed=200),DQN-TFC,200,1,0.8718368411064148,0.8700000047683716,0.87,5,Drop,11464,attack
86,DQN-TFC (seed=200),DQN-TFC,200,1,0.8501495122909546,0.8500000238418579,0.86,5,Drop,11772,attack
87,DQN-TFC (seed=200),DQN-TFC,200,0,0.8084815144538879,0.800000011920929,0.81,0,Forward,11813,benign
88,DQN-TFC (seed=200),DQN-TFC,200,0,0.8098862171173096,0.8100000023841858,0.81,0,Forward,11881,benign
89,DQN-TFC (seed=200),DQN-TFC,200,1,0.8678771257400513,0.8700000047683716,0.86,5,Drop,12061,attack
90,DQN-TFC (seed=200),DQN-TFC,200,0,0.8481305837631226,0.8500000238418579,0.84,5,Drop,12088,benign
91,DQN-TFC (seed=200),DQN-TFC,200,1,0.858406126499176,0.8600000143051147,0.85,5,Drop,12109,attack
92,DQN-TFC (seed=200),DQN-TFC,200,1,0.8504123091697693,0.8500000238418579,0.85,5,Drop,12137,attack
93,DQN-TFC (seed=200),DQN-TFC,200,0,0.8224881887435913,0.8199999928474426,0.82,0,Forward,12176,benign
94,DQN-TFC (seed=200),DQN-TFC,200,0,0.8422060608863831,0.8399999737739563,0.84,0,Forward,12187,benign
95,DQN-TFC (seed=200),DQN-TFC,200,0,0.8399506211280823,0.8399999737739563,0.84,5,Drop,12297,benign
96,DQN-TFC (seed=200),DQN-TFC,200,1,0.8687772154808044,0.8700000047683716,0.87,5,Drop,12464,attack
97,DQN-TFC (seed=200),DQN-TFC,200,1,0.8521358966827393,0.8500000238418579,0.85,5,Drop,12715,attack
98,DQN-TFC (seed=200),DQN-TFC,200,1,0.8409515619277954,0.8399999737739563,0.85,0,Forward,12891,attack
99,DQN-TFC (seed=200),DQN-TFC,200,1,0.8435349464416504,0.8399999737739563,0.85,0,Forward,12963,attack
100,DQN-TFC (seed=200),DQN-TFC,200,0,0.8321276307106018,0.8299999833106995,0.83,0,Forward,13036,benign
101,DQN-TFC (seed=200),DQN-TFC,200,0,0.8130981922149658,0.8100000023841858,0.81,0,Forward,13047,benign
102,DQN-TFC (seed=200),DQN-TFC,200,0,0.8230418562889099,0.8199999928474426,0.82,0,Forward,13058,benign
103,DQN-TFC (seed=200),DQN-TFC,200,1,0.8648033142089844,0.8600000143051147,0.86,5,Drop,13189,attack
104,DQN-TFC (seed=200),DQN-TFC,200,1,0.8940011858940125,0.8899999856948853,0.89,5,Drop,13220,attack
105,DQN-TFC (seed=200),DQN-TFC,200,1,0.8817206621170044,0.8799999952316284,0.89,5,Drop,13229,attack
106,DQN-TFC (seed=200),DQN-TFC,200,0,0.789798378944397,0.7900000214576721,0.79,0,Forward,13418,benign
107,DQN-TFC (seed=200),DQN-TFC,200,0,0.799791693687439,0.800000011920929,0.8,0,Forward,13422,benign
108,DQN-TFC (seed=200),DQN-TFC,200,1,0.8395397067070007,0.8399999737739563,0.85,0,Forward,13790,attack
109,DQN-TFC (seed=200),DQN-TFC,200,0,0.8311482071876526,0.8299999833106995,0.84,0,Forward,13821,benign
110,DQN-TFC (seed=200),DQN-TFC,200,1,0.8897304534912109,0.8899999856948853,0.89,5,Drop,13896,attack
111,DQN-TFC (seed=200),DQN-TFC,200,1,0.8981784582138062,0.8999999761581421,0.9,5,Drop,13941,attack
112,DQN-TFC (seed=200),DQN-TFC,200,0,0.8418792486190796,0.8500000238418579,0.84,0,Forward,14060,benign
113,DQN-TFC (seed=200),DQN-TFC,200,0,0.8191235065460205,0.8100000023841858,0.8,0,Forward,14233,benign
114,DQN-TFC (seed=200),DQN-TFC,200,1,0.8727867007255554,0.8700000047683716,0.88,5,Drop,14309,attack
115,DQN-TFC (seed=200),DQN-TFC,200,1,0.859923243522644,0.8600000143051147,0.86,5,Drop,15051,attack
116,DQN-TFC (seed=200),DQN-TFC,200,1,0.8823280930519104,0.8799999952316284,0.88,5,Drop,15187,attack
117,DQN-TFC (seed=200),DQN-TFC,200,0,0.8324939608573914,0.8299999833106995,0.83,0,Forward,15211,benign
118,DQN-TFC (seed=200),DQN-TFC,200,1,0.8637133836746216,0.8600000143051147,0.86,5,Drop,15308,attack
119,DQN-TFC (seed=200),DQN-TFC,200,0,0.8160220384597778,0.8100000023841858,0.82,0,Forward,15325,benign
120,DQN-TFC (seed=200),DQN-TFC,200,0,0.754787802696228,0.75,0.76,0,Forward,15412,benign
121,DQN-TFC (seed=200),DQN-TFC,200,1,0.851523756980896,0.8500000238418579,0.85,5,Drop,15587,attack
122,DQN-TFC (seed=200),DQN-TFC,200,1,0.8701123595237732,0.8700000047683716,0.87,5,Drop,15646,attack
123,DQN-TFC (seed=200),DQN-TFC,200,1,0.8801069855690002,0.8799999952316284,0.88,5,Drop,15647,attack
124,DQN-TFC (seed=200),DQN-TFC,200,1,0.9189636707305908,0.9200000166893005,0.91,5,Drop,15731,attack
125,DQN-TFC (seed=200),DQN-TFC,200,0,0.8464939594268799,0.8500000238418579,0.84,5,Drop,16024,benign
126,DQN-TFC (seed=200),DQN-TFC,200,1,0.8612254858016968,0.8600000143051147,0.87,5,Drop,16469,attack
127,DQN-TFC (seed=200),DQN-TFC,200,1,0.8597354292869568,0.8600000143051147,0.87,5,Drop,16492,attack
128,DQN-TFC (seed=200),DQN-TFC,200,1,0.8625316619873047,0.8600000143051147,0.86,5,Drop,16621,attack
129,DQN-TFC (seed=200),DQN-TFC,200,1,0.8625324964523315,0.8600000143051147,0.86,5,Drop,16622,attack
130,DQN-TFC (seed=200),DQN-TFC,200,0,0.8334140777587891,0.8299999833106995,0.84,0,Forward,16712,benign
131,DQN-TFC (seed=200),DQN-TFC,200,1,0.8998856544494629,0.8999999761581421,0.9,5,Drop,16856,attack
132,DQN-TFC (seed=200),DQN-TFC,200,1,0.8994457721710205,0.8999999761581421,0.9,5,Drop,16929,attack
133,DQN-TFC (seed=200),DQN-TFC,200,1,0.8741875290870667,0.8700000047683716,0.88,5,Drop,17031,attack
134,DQN-TFC (seed=200),DQN-TFC,200,0,0.8287768363952637,0.8199999928474426,0.84,0,Forward,17229,benign
135,DQN-TFC (seed=200),DQN-TFC,200,0,0.8439942002296448,0.8399999737739563,0.84,5,Drop,17474,benign
136,DQN-TFC (seed=200),DQN-TFC,200,0,0.8278783559799194,0.8199999928474426,0.82,0,Forward,17678,benign
137,DQN-TFC (seed=200),DQN-TFC,200,0,0.8066718578338623,0.800000011920929,0.8,0,Forward,17719,benign
138,DQN-TFC (seed=200),DQN-TFC,200,0,0.8577614426612854,0.8500000238418579,0.84,5,Drop,18102,benign
139,DQN-TFC (seed=200),DQN-TFC,200,1,0.8832355737686157,0.8799999952316284,0.87,5,Drop,18120,attack
140,DQN-TFC (seed=200),DQN-TFC,200,1,0.8787582516670227,0.8799999952316284,0.88,5,Drop,18188,attack
141,DQN-TFC (seed=200),DQN-TFC,200,1,0.9003291130065918,0.8999999761581421,0.9,5,Drop,18373,attack
142,DQN-TFC (seed=200),DQN-TFC,200,0,0.8293827176094055,0.8299999833106995,0.83,0,Forward,18429,benign
143,DQN-TFC (seed=200),DQN-TFC,200,0,0.8019344806671143,0.800000011920929,0.8,0,Forward,18605,benign
144,DQN-TFC (seed=200),DQN-TFC,200,0,0.7719220519065857,0.7699999809265137,0.77,0,Forward,18629,benign
145,DQN-TFC (seed=200),DQN-TFC,200,1,0.8580705523490906,0.8600000143051147,0.86,5,Drop,19034,attack
146,DQN-TFC (seed=200),DQN-TFC,200,1,0.8591589331626892,0.8600000143051147,0.86,5,Drop,19261,attack
147,DQN-TFC (seed=200),DQN-TFC,200,0,0.8198917508125305,0.8199999928474426,0.82,0,Forward,19568,benign
148,DQN-TFC (seed=200),DQN-TFC,200,0,0.8346434831619263,0.8299999833106995,0.84,0,Forward,19606,benign
149,DQN-TFC (seed=200),DQN-TFC,200,0,0.6925909519195557,0.6899999976158142,0.69,0,Forward,19803,benign
150,DQN-TFC (seed=200),DQN-TFC,200,1,0.8533068895339966,0.8500000238418579,0.85,5,Drop,19973,attack
151,DQN-TFC (seed=200),DQN-TFC,200,1,0.9491422176361084,0.949999988079071,0.95,5,Drop,20134,attack
152,DQN-TFC (seed=200),DQN-TFC,200,1,0.8576992154121399,0.8600000143051147,0.86,5,Drop,20261,attack
153,DQN-TFC (seed=200),DQN-TFC,200,0,0.837689220905304,0.8399999737739563,0.84,0,Forward,20271,benign
154,DQN-TFC (seed=200),DQN-TFC,200,1,0.8698458075523376,0.8700000047683716,0.87,5,Drop,20328,attack
155,DQN-TFC (seed=200),DQN-TFC,200,1,0.8497189879417419,0.8500000238418579,0.85,5,Drop,20578,attack
156,DQN-TFC (seed=200),DQN-TFC,200,1,0.8485469818115234,0.8500000238418579,0.85,5,Drop,20712,attack
157,DQN-TFC (seed=200),DQN-TFC,200,1,0.8510622978210449,0.8500000238418579,0.86,5,Drop,20838,attack
158,DQN-TFC (seed=200),DQN-TFC,200,0,0.8205698132514954,0.8199999928474426,0.82,0,Forward,20916,benign
159,DQN-TFC (seed=200),DQN-TFC,200,0,0.7999889254570007,0.800000011920929,0.8,0,Forward,21203,benign
160,DQN-TFC (seed=200),DQN-TFC,200,0,0.7922539710998535,0.7900000214576721,0.8,0,Forward,21295,benign
161,DQN-TFC (seed=200),DQN-TFC,200,0,0.7913861870765686,0.7900000214576721,0.8,0,Forward,21299,benign
162,DQN-TFC (seed=200),DQN-TFC,200,0,0.830646812915802,0.8299999833106995,0.84,0,Forward,21508,benign
163,DQN-TFC (seed=200),DQN-TFC,200,1,0.8479499816894531,0.8500000238418579,0.85,5,Drop,21600,attack
164,DQN-TFC (seed=200),DQN-TFC,200,0,0.8187517523765564,0.8199999928474426,0.81,0,Forward,21733,benign
165,DQN-TFC (seed=200),DQN-TFC,200,0,0.7671636343002319,0.7599999904632568,0.76,0,Forward,21806,benign
166,DQN-TFC (seed=200),DQN-TFC,200,1,0.8541373610496521,0.8399999737739563,0.86,5,Drop,21948,attack
167,DQN-TFC (seed=200),DQN-TFC,200,1,0.876903235912323,0.8700000047683716,0.87,5,Drop,22082,attack
168,DQN-TFC (seed=200),DQN-TFC,200,1,0.9052704572677612,0.8999999761581421,0.9,5,Drop,22110,attack
169,DQN-TFC (seed=200),DQN-TFC,200,0,0.8391054272651672,0.8399999737739563,0.83,5,Drop,22171,benign
170,DQN-TFC (seed=200),DQN-TFC,200,1,0.8498303294181824,0.8500000238418579,0.85,5,Drop,22284,attack
171,DQN-TFC (seed=200),DQN-TFC,200,1,0.8491634130477905,0.8500000238418579,0.85,5,Drop,22317,attack
172,DQN-TFC (seed=200),DQN-TFC,200,1,0.8691211938858032,0.8700000047683716,0.87,5,Drop,22329,attack
173,DQN-TFC (seed=200),DQN-TFC,200,1,0.8876321911811829,0.8899999856948853,0.89,5,Drop,22468,attack
174,DQN-TFC (seed=200),DQN-TFC,200,1,0.8775237202644348,0.8799999952316284,0.88,5,Drop,22501,attack
175,DQN-TFC (seed=200),DQN-TFC,200,0,0.8302080035209656,0.8299999833106995,0.83,0,Forward,22708,benign
176,DQN-TFC (seed=200),DQN-TFC,200,1,0.8703062534332275,0.8700000047683716,0.87,5,Drop,22853,attack
177,DQN-TFC (seed=200),DQN-TFC,200,0,0.8237143158912659,0.8199999928474426,0.82,0,Forward,22944,benign
178,DQN-TFC (seed=200),DQN-TFC,200,1,0.8696657419204712,0.8600000143051147,0.86,5,Drop,23025,attack
179,DQN-TFC (seed=200),DQN-TFC,200,1,0.8847257494926453,0.8799999952316284,0.88,5,Drop,23094,attack
180,DQN-TFC (seed=200),DQN-TFC,200,1,0.8747749924659729,0.8700000047683716,0.87,5,Drop,23112,attack
181,DQN-TFC (seed=200),DQN-TFC,200,0,0.8125288486480713,0.8100000023841858,0.81,0,Forward,23209,benign
182,DQN-TFC (seed=200),DQN-TFC,200,0,0.8284656405448914,0.8299999833106995,0.83,0,Forward,23431,benign
183,DQN-TFC (seed=200),DQN-TFC,200,1,0.8589532971382141,0.8600000143051147,0.86,5,Drop,23733,attack
184,DQN-TFC (seed=200),DQN-TFC,200,1,0.8488499522209167,0.8500000238418579,0.85,5,Drop,23759,attack
185,DQN-TFC (seed=200),DQN-TFC,200,0,0.8388105034828186,0.8399999737739563,0.84,5,Drop,23778,benign
186,DQN-TFC (seed=200),DQN-TFC,200,0,0.8340607285499573,0.8299999833106995,0.83,0,Forward,23811,benign
187,DQN-TFC (seed=200),DQN-TFC,200,0,0.8036412000656128,0.800000011920929,0.8,0,Forward,24133,benign
188,DQN-TFC (seed=200),DQN-TFC,200,0,0.7837530374526978,0.7799999713897705,0.78,0,Forward,24191,benign
189,DQN-TFC (seed=200),DQN-TFC,200,0,0.7800889611244202,0.7799999713897705,0.78,0,Forward,24211,benign
190,DQN-TFC (seed=200),DQN-TFC,200,1,0.8676241040229797,0.8600000143051147,0.87,5,Drop,24373,attack
191,DQN-TFC (seed=200),DQN-TFC,200,0,0.8401661515235901,0.8399999737739563,0.84,5,Drop,24560,benign
192,DQN-TFC (seed=200),DQN-TFC,200,1,0.8799384832382202,0.8799999952316284,0.88,5,Drop,24613,attack
193,DQN-TFC (seed=200),DQN-TFC,200,1,0.889945924282074,0.8899999856948853,0.89,5,Drop,24618,attack
194,DQN-TFC (seed=200),DQN-TFC,200,1,0.8958290219306946,0.8899999856948853,0.91,5,Drop,24726,attack
195,DQN-TFC (seed=200),DQN-TFC,200,1,0.8804629445075989,0.8799999952316284,0.88,5,Drop,24772,attack
196,DQN-TFC (seed=200),DQN-TFC,200,0,0.843108594417572,0.8399999737739563,0.84,5,Drop,24837,benign
197,DQN-TFC (seed=200),DQN-TFC,200,0,0.8299122452735901,0.8299999833106995,0.83,0,Forward,24967,benign
198,DQN-TFC (seed=200),DQN-TFC,200,0,0.8168489336967468,0.8199999928474426,0.82,0,Forward,24996,benign
199,DQN-TFC (seed=200),DQN-TFC,200,0,0.7699838280677795,0.7599999904632568,0.77,0,Forward,25212,benign
200,DQN-TFC (seed=200),DQN-TFC,200,1,0.8604229688644409,0.8600000143051147,0.86,5,Drop,25323,attack
201,DQN-TFC (seed=200),DQN-TFC,200,1,0.8699449300765991,0.8700000047683716,0.87,5,Drop,25341,attack
202,DQN-TFC (seed=200),DQN-TFC,200,0,0.7626132369041443,0.7599999904632568,0.76,0,Forward,25525,benign
203,DQN-TFC (seed=200),DQN-TFC,200,0,0.7826955914497375,0.7799999713897705,0.78,0,Forward,25624,benign
204,DQN-TFC (seed=200),DQN-TFC,200,1,0.8601194024085999,0.8600000143051147,0.86,5,Drop,25753,attack
205,DQN-TFC (seed=200),DQN-TFC,200,1,0.8498777151107788,0.8500000238418579,0.85,5,Drop,25855,attack
206,DQN-TFC (seed=200),DQN-TFC,200,1,0.8552750945091248,0.8600000143051147,0.85,5,Drop,25924,attack
207,DQN-TFC (seed=200),DQN-TFC,200,1,0.8599913120269775,0.8600000143051147,0.86,5,Drop,26023,attack
208,DQN-TFC (seed=200),DQN-TFC,200,0,0.8406216502189636,0.8399999737739563,0.84,5,Drop,26138,benign
209,DQN-TFC (seed=200),DQN-TFC,200,0,0.8106439113616943,0.8100000023841858,0.81,0,Forward,26215,benign
210,DQN-TFC (seed=200),DQN-TFC,200,1,0.8734425902366638,0.8700000047683716,0.88,5,Drop,26320,attack
211,DQN-TFC (seed=200),DQN-TFC,200,1,0.8734425902366638,0.8700000047683716,0.88,5,Drop,26321,attack
212,DQN-TFC (seed=200),DQN-TFC,200,0,0.8274185657501221,0.8199999928474426,0.82,0,Forward,26485,benign
213,DQN-TFC (seed=200),DQN-TFC,200,0,0.7977456450462341,0.7900000214576721,0.8,0,Forward,26629,benign
214,DQN-TFC (seed=200),DQN-TFC,200,0,0.7860429883003235,0.7799999713897705,0.79,0,Forward,26652,benign
215,DQN-TFC (seed=200),DQN-TFC,200,0,0.8211085796356201,0.8199999928474426,0.82,0,Forward,27007,benign
216,DQN-TFC (seed=200),DQN-TFC,200,0,0.8113611340522766,0.8100000023841858,0.81,0,Forward,27027,benign
217,DQN-TFC (seed=200),DQN-TFC,200,0,0.8113600015640259,0.8100000023841858,0.81,0,Forward,27028,benign
218,DQN-TFC (seed=200),DQN-TFC,200,1,0.8569684028625488,0.8500000238418579,0.86,5,Drop,27099,attack
219,DQN-TFC (seed=200),DQN-TFC,200,1,0.8499709963798523,0.8500000238418579,0.85,5,Drop,27290,attack
220,DQN-TFC (seed=200),DQN-TFC,200,0,0.8199859857559204,0.8199999928474426,0.82,0,Forward,27385,benign
221,DQN-TFC (seed=200),DQN-TFC,200,0,0.8246893286705017,0.8199999928474426,0.82,0,Forward,27475,benign
222,DQN-TFC (seed=200),DQN-TFC,200,1,0.8756607174873352,0.8799999952316284,0.88,5,Drop,27647,attack
223,DQN-TFC (seed=200),DQN-TFC,200,1,0.8587411642074585,0.8600000143051147,0.86,5,Drop,27708,attack
224,DQN-TFC (seed=200),DQN-TFC,200,0,0.8176383972167969,0.8199999928474426,0.81,0,Forward,27800,benign
225,DQN-TFC (seed=200),DQN-TFC,200,0,0.8300334215164185,0.8299999833106995,0.82,0,Forward,27874,benign
226,DQN-TFC (seed=200),DQN-TFC,200,1,0.8468767404556274,0.8399999737739563,0.85,5,Drop,28068,attack
227,DQN-TFC (seed=200),DQN-TFC,200,0,0.8368855118751526,0.8299999833106995,0.84,0,Forward,28073,benign
228,DQN-TFC (seed=200),DQN-TFC,200,1,0.879469096660614,0.8799999952316284,0.87,5,Drop,28281,attack
229,DQN-TFC (seed=200),DQN-TFC,200,0,0.8395709991455078,0.8399999737739563,0.83,5,Drop,28318,benign
230,DQN-TFC (seed=200),DQN-TFC,200,0,0.8398676514625549,0.8399999737739563,0.84,5,Drop,28618,benign
231,DQN-TFC (seed=200),DQN-TFC,200,0,0.824093222618103,0.8199999928474426,0.83,0,Forward,28794,benign
232,DQN-TFC (seed=200),DQN-TFC,200,0,0.8240866661071777,0.8199999928474426,0.83,0,Forward,28804,benign
233,DQN-TFC (seed=200),DQN-TFC,200,1,0.8526306748390198,0.8500000238418579,0.85,5,Drop,28906,attack
234,DQN-TFC (seed=200),DQN-TFC,200,1,0.8526313900947571,0.8500000238418579,0.85,5,Drop,28907,attack
235,DQN-TFC (seed=200),DQN-TFC,200,1,0.8500974178314209,0.8500000238418579,0.85,0,Forward,29018,attack
236,DQN-TFC (seed=200),DQN-TFC,200,0,0.8424707651138306,0.8399999737739563,0.84,0,Forward,29042,benign
237,DQN-TFC (seed=200),DQN-TFC,200,0,0.8119410872459412,0.8100000023841858,0.81,0,Forward,29145,benign
238,DQN-TFC (seed=200),DQN-TFC,200,0,0.8217334747314453,0.8199999928474426,0.82,0,Forward,29234,benign
239,DQN-TFC (seed=200),DQN-TFC,200,0,0.8317458629608154,0.8299999833106995,0.83,0,Forward,29238,benign
240,DQN-TFC (seed=200),DQN-TFC,200,0,0.8088564872741699,0.8100000023841858,0.81,0,Forward,29334,benign
241,DQN-TFC (seed=200),DQN-TFC,200,1,0.8475148677825928,0.8500000238418579,0.85,5,Drop,29394,attack
242,DQN-TFC (seed=200),DQN-TFC,200,0,0.8201691508293152,0.8199999928474426,0.83,0,Forward,29434,benign
243,DQN-TFC (seed=200),DQN-TFC,200,1,0.8426319360733032,0.8399999737739563,0.85,5,Drop,29457,attack
244,DQN-TFC (seed=200),DQN-TFC,200,0,0.8261587023735046,0.8299999833106995,0.83,0,Forward,29590,benign
245,DQN-TFC (seed=200),DQN-TFC,200,0,0.8141408562660217,0.8100000023841858,0.82,0,Forward,29634,benign
246,DQN-TFC (seed=200),DQN-TFC,200,0,0.8041713237762451,0.800000011920929,0.81,0,Forward,29644,benign
247,DQN-TFC (seed=200),DQN-TFC,200,0,0.8383910655975342,0.8399999737739563,0.84,0,Forward,29713,benign
248,DQN-TFC (seed=200),DQN-TFC,200,1,0.9029292464256287,0.8999999761581421,0.9,5,Drop,29828,attack
0,DQN-TFC (seed=300),DQN-TFC,300,1,0.879833996295929,0.8799999952316284,0.88,5,Drop,34,attack
1,DQN-TFC (seed=300),DQN-TFC,300,0,0.8099673390388489,0.8100000023841858,0.81,0,Forward,163,benign
2,DQN-TFC (seed=300),DQN-TFC,300,0,0.8290244936943054,0.8299999833106995,0.82,5,Drop,359,benign
3,DQN-TFC (seed=300),DQN-TFC,300,1,0.8779748678207397,0.8799999952316284,0.87,5,Drop,543,attack
4,DQN-TFC (seed=300),DQN-TFC,300,1,0.8908616900444031,0.8899999856948853,0.89,5,Drop,788,attack
5,DQN-TFC (seed=300),DQN-TFC,300,0,0.8184310793876648,0.8199999928474426,0.83,5,Drop,1007,benign
6,DQN-TFC (seed=300),DQN-TFC,300,1,0.8630930185317993,0.8700000047683716,0.86,5,Drop,1077,attack
7,DQN-TFC (seed=300),DQN-TFC,300,0,0.7812010049819946,0.7799999713897705,0.78,5,Drop,1173,benign
8,DQN-TFC (seed=300),DQN-TFC,300,0,0.7988349199295044,0.800000011920929,0.8,5,Drop,1338,benign
9,DQN-TFC (seed=300),DQN-TFC,300,1,0.8783858418464661,0.8799999952316284,0.88,5,Drop,1589,attack
10,DQN-TFC (seed=300),DQN-TFC,300,1,0.9270837903022766,0.9300000071525574,0.93,5,Drop,1711,attack
11,DQN-TFC (seed=300),DQN-TFC,300,1,0.9204261302947998,0.9200000166893005,0.92,5,Drop,1755,attack
12,DQN-TFC (seed=300),DQN-TFC,300,1,0.8790686726570129,0.8799999952316284,0.88,5,Drop,1826,attack
13,DQN-TFC (seed=300),DQN-TFC,300,1,0.8598487377166748,0.8600000143051147,0.86,5,Drop,2303,attack
14,DQN-TFC (seed=300),DQN-TFC,300,1,0.8559197187423706,0.8500000238418579,0.87,5,Drop,2509,attack
15,DQN-TFC (seed=300),DQN-TFC,300,1,0.8448888659477234,0.8399999737739563,0.85,5,Drop,2579,attack
16,DQN-TFC (seed=300),DQN-TFC,300,1,0.8343343138694763,0.8299999833106995,0.85,5,Drop,2704,attack
17,DQN-TFC (seed=300),DQN-TFC,300,1,0.909209668636322,0.9100000262260437,0.91,5,Drop,2984,attack
18,DQN-TFC (seed=300),DQN-TFC,300,1,0.892710268497467,0.8899999856948853,0.89,5,Drop,3042,attack
19,DQN-TFC (seed=300),DQN-TFC,300,0,0.779188334941864,0.7799999713897705,0.78,5,Drop,3187,benign
20,DQN-TFC (seed=300),DQN-TFC,300,0,0.7874859571456909,0.7900000214576721,0.79,5,Drop,3200,benign
21,DQN-TFC (seed=300),DQN-TFC,300,1,0.8884751200675964,0.8899999856948853,0.88,5,Drop,3480,attack
22,DQN-TFC (seed=300),DQN-TFC,300,0,0.8297797441482544,0.8299999833106995,0.83,5,Drop,3603,benign
23,DQN-TFC (seed=300),DQN-TFC,300,1,0.8987791538238525,0.8999999761581421,0.9,5,Drop,4036,attack
24,DQN-TFC (seed=300),DQN-TFC,300,1,0.9100563526153564,0.9100000262260437,0.91,5,Drop,4096,attack
25,DQN-TFC (seed=300),DQN-TFC,300,0,0.7760412693023682,0.7799999713897705,0.78,0,Forward,4223,benign
26,DQN-TFC (seed=300),DQN-TFC,300,0,0.7967140674591064,0.7900000214576721,0.8,5,Drop,4492,benign
27,DQN-TFC (seed=300),DQN-TFC,300,0,0.773356556892395,0.7699999809265137,0.78,0,Forward,4724,benign
28,DQN-TFC (seed=300),DQN-TFC,300,1,0.9137651920318604,0.9100000262260437,0.92,5,Drop,4794,attack
29,DQN-TFC (seed=300),DQN-TFC,300,1,0.8725376129150391,0.8700000047683716,0.88,5,Drop,4856,attack
30,DQN-TFC (seed=300),DQN-TFC,300,1,0.8711929321289062,0.8700000047683716,0.88,5,Drop,4879,attack
31,DQN-TFC (seed=300),DQN-TFC,300,1,0.8682050108909607,0.8700000047683716,0.87,5,Drop,5004,attack
32,DQN-TFC (seed=300),DQN-TFC,300,1,0.8684120178222656,0.8700000047683716,0.87,5,Drop,5015,attack
33,DQN-TFC (seed=300),DQN-TFC,300,1,0.9081689715385437,0.9100000262260437,0.91,5,Drop,5100,attack
34,DQN-TFC (seed=300),DQN-TFC,300,1,0.8976726531982422,0.8999999761581421,0.9,5,Drop,5137,attack
35,DQN-TFC (seed=300),DQN-TFC,300,0,0.8373674154281616,0.8399999737739563,0.83,5,Drop,5188,benign
36,DQN-TFC (seed=300),DQN-TFC,300,1,0.862047553062439,0.8600000143051147,0.86,5,Drop,5222,attack
37,DQN-TFC (seed=300),DQN-TFC,300,1,0.8858568668365479,0.8799999952316284,0.89,5,Drop,5375,attack
38,DQN-TFC (seed=300),DQN-TFC,300,1,0.8564433455467224,0.8500000238418579,0.86,5,Drop,5529,attack
39,DQN-TFC (seed=300),DQN-TFC,300,0,0.8269306421279907,0.8199999928474426,0.83,5,Drop,5615,benign
40,DQN-TFC (seed=300),DQN-TFC,300,0,0.813768208026886,0.8100000023841858,0.8,5,Drop,5691,benign
41,DQN-TFC (seed=300),DQN-TFC,300,0,0.8197215795516968,0.8100000023841858,0.81,0,Forward,5747,benign
42,DQN-TFC (seed=300),DQN-TFC,300,0,0.8220182061195374,0.8100000023841858,0.81,0,Forward,5774,benign
43,DQN-TFC (seed=300),DQN-TFC,300,1,0.8663164377212524,0.8600000143051147,0.86,5,Drop,5933,attack
44,DQN-TFC (seed=300),DQN-TFC,300,0,0.849316418170929,0.8399999737739563,0.84,5,Drop,5966,benign
45,DQN-TFC (seed=300),DQN-TFC,300,0,0.8093292713165283,0.800000011920929,0.8,5,Drop,6009,benign
46,DQN-TFC (seed=300),DQN-TFC,300,0,0.8414927124977112,0.8399999737739563,0.83,5,Drop,6047,benign
47,DQN-TFC (seed=300),DQN-TFC,300,0,0.7934058308601379,0.7900000214576721,0.79,0,Forward,6156,benign
48,DQN-TFC (seed=300),DQN-TFC,300,0,0.7934057116508484,0.7900000214576721,0.79,0,Forward,6158,benign
49,DQN-TFC (seed=300),DQN-TFC,300,0,0.8012173175811768,0.800000011920929,0.8,0,Forward,6161,benign
50,DQN-TFC (seed=300),DQN-TFC,300,1,0.8523243069648743,0.8500000238418579,0.85,5,Drop,6544,attack
51,DQN-TFC (seed=300),DQN-TFC,300,1,0.8538548350334167,0.8500000238418579,0.85,5,Drop,6691,attack
52,DQN-TFC (seed=300),DQN-TFC,300,0,0.8254052996635437,0.8299999833106995,0.83,5,Drop,7158,benign
53,DQN-TFC (seed=300),DQN-TFC,300,0,0.7887188196182251,0.7900000214576721,0.79,5,Drop,7298,benign
54,DQN-TFC (seed=300),DQN-TFC,300,1,0.8693459033966064,0.8700000047683716,0.87,5,Drop,7805,attack
55,DQN-TFC (seed=300),DQN-TFC,300,0,0.8328465819358826,0.8299999833106995,0.83,5,Drop,7938,benign
56,DQN-TFC (seed=300),DQN-TFC,300,1,0.8672149181365967,0.8700000047683716,0.87,5,Drop,8112,attack
57,DQN-TFC (seed=300),DQN-TFC,300,1,0.8870208859443665,0.8899999856948853,0.89,5,Drop,8169,attack
58,DQN-TFC (seed=300),DQN-TFC,300,1,0.8547448515892029,0.8600000143051147,0.86,5,Drop,8187,attack
59,DQN-TFC (seed=300),DQN-TFC,300,1,0.8655512928962708,0.8700000047683716,0.87,5,Drop,8323,attack
60,DQN-TFC (seed=300),DQN-TFC,300,0,0.7602249383926392,0.7599999904632568,0.76,5,Drop,8570,benign
61,DQN-TFC (seed=300),DQN-TFC,300,0,0.7500377893447876,0.75,0.75,5,Drop,8585,benign
62,DQN-TFC (seed=300),DQN-TFC,300,0,0.7400667071342468,0.7400000095367432,0.74,5,Drop,8593,benign
63,DQN-TFC (seed=300),DQN-TFC,300,1,0.8890588283538818,0.8899999856948853,0.88,5,Drop,8699,attack
64,DQN-TFC (seed=300),DQN-TFC,300,1,0.8890588879585266,0.8899999856948853,0.88,5,Drop,8700,attack
65,DQN-TFC (seed=300),DQN-TFC,300,0,0.8400719165802002,0.8399999737739563,0.84,5,Drop,8758,benign
66,DQN-TFC (seed=300),DQN-TFC,300,0,0.800307035446167,0.7900000214576721,0.79,5,Drop,8963,benign
67,DQN-TFC (seed=300),DQN-TFC,300,0,0.8101561069488525,0.8100000023841858,0.81,5,Drop,9413,benign
68,DQN-TFC (seed=300),DQN-TFC,300,1,0.8594833612442017,0.8600000143051147,0.86,5,Drop,9754,attack
69,DQN-TFC (seed=300),DQN-TFC,300,0,0.8076704144477844,0.8100000023841858,0.81,0,Forward,9871,benign
70,DQN-TFC (seed=300),DQN-TFC,300,0,0.7902960777282715,0.7900000214576721,0.79,0,Forward,9907,benign
71,DQN-TFC (seed=300),DQN-TFC,300,1,0.9019876718521118,0.8999999761581421,0.9,5,Drop,10288,attack
72,DQN-TFC (seed=300),DQN-TFC,300,1,0.8918544054031372,0.8899999856948853,0.89,5,Drop,10301,attack
73,DQN-TFC (seed=300),DQN-TFC,300,1,0.8455605506896973,0.8500000238418579,0.85,5,Drop,10545,attack
74,DQN-TFC (seed=300),DQN-TFC,300,0,0.8055262565612793,0.800000011920929,0.79,5,Drop,10720,benign
75,DQN-TFC (seed=300),DQN-TFC,300,1,0.8840524554252625,0.8700000047683716,0.88,5,Drop,10844,attack
76,DQN-TFC (seed=300),DQN-TFC,300,1,0.8640789985656738,0.8500000238418579,0.86,5,Drop,10855,attack
77,DQN-TFC (seed=300),DQN-TFC,300,0,0.7940945625305176,0.7799999713897705,0.79,5,Drop,10888,benign
78,DQN-TFC (seed=300),DQN-TFC,300,0,0.7955327033996582,0.7900000214576721,0.8,5,Drop,10926,benign
79,DQN-TFC (seed=300),DQN-TFC,300,0,0.8359295725822449,0.8299999833106995,0.84,0,Forward,11013,benign
80,DQN-TFC (seed=300),DQN-TFC,300,0,0.8027329444885254,0.7900000214576721,0.79,5,Drop,11177,benign
81,DQN-TFC (seed=300),DQN-TFC,300,0,0.8449897170066833,0.8399999737739563,0.84,5,Drop,11275,benign
82,DQN-TFC (seed=300),DQN-TFC,300,0,0.8350366950035095,0.8299999833106995,0.83,5,Drop,11301,benign
83,DQN-TFC (seed=300),DQN-TFC,300,0,0.8350360989570618,0.8299999833106995,0.83,5,Drop,11302,benign
84,DQN-TFC (seed=300),DQN-TFC,300,0,0.81482994556427,0.8100000023841858,0.81,5,Drop,11352,benign
85,DQN-TFC (seed=300),DQN-TFC,300,1,0.8718368411064148,0.8700000047683716,0.87,5,Drop,11464,attack
86,DQN-TFC (seed=300),DQN-TFC,300,1,0.8501495122909546,0.8500000238418579,0.86,5,Drop,11772,attack
87,DQN-TFC (seed=300),DQN-TFC,300,0,0.8084815144538879,0.800000011920929,0.81,5,Drop,11813,benign
88,DQN-TFC (seed=300),DQN-TFC,300,0,0.8098862171173096,0.8100000023841858,0.81,5,Drop,11881,benign
89,DQN-TFC (seed=300),DQN-TFC,300,1,0.8678771257400513,0.8700000047683716,0.86,5,Drop,12061,attack
90,DQN-TFC (seed=300),DQN-TFC,300,0,0.8481305837631226,0.8500000238418579,0.84,5,Drop,12088,benign
91,DQN-TFC (seed=300),DQN-TFC,300,1,0.858406126499176,0.8600000143051147,0.85,5,Drop,12109,attack
92,DQN-TFC (seed=300),DQN-TFC,300,1,0.8504123091697693,0.8500000238418579,0.85,5,Drop,12137,attack
93,DQN-TFC (seed=300),DQN-TFC,300,0,0.8224881887435913,0.8199999928474426,0.82,5,Drop,12176,benign
94,DQN-TFC (seed=300),DQN-TFC,300,0,0.8422060608863831,0.8399999737739563,0.84,5,Drop,12187,benign
95,DQN-TFC (seed=300),DQN-TFC,300,0,0.8399506211280823,0.8399999737739563,0.84,5,Drop,12297,benign
96,DQN-TFC (seed=300),DQN-TFC,300,1,0.8687772154808044,0.8700000047683716,0.87,5,Drop,12464,attack
97,DQN-TFC (seed=300),DQN-TFC,300,1,0.8521358966827393,0.8500000238418579,0.85,5,Drop,12715,attack
98,DQN-TFC (seed=300),DQN-TFC,300,1,0.8409515619277954,0.8399999737739563,0.85,5,Drop,12891,attack
99,DQN-TFC (seed=300),DQN-TFC,300,1,0.8435349464416504,0.8399999737739563,0.85,5,Drop,12963,attack
100,DQN-TFC (seed=300),DQN-TFC,300,0,0.8321276307106018,0.8299999833106995,0.83,5,Drop,13036,benign
101,DQN-TFC (seed=300),DQN-TFC,300,0,0.8130981922149658,0.8100000023841858,0.81,5,Drop,13047,benign
102,DQN-TFC (seed=300),DQN-TFC,300,0,0.8230418562889099,0.8199999928474426,0.82,5,Drop,13058,benign
103,DQN-TFC (seed=300),DQN-TFC,300,1,0.8648033142089844,0.8600000143051147,0.86,5,Drop,13189,attack
104,DQN-TFC (seed=300),DQN-TFC,300,1,0.8940011858940125,0.8899999856948853,0.89,5,Drop,13220,attack
105,DQN-TFC (seed=300),DQN-TFC,300,1,0.8817206621170044,0.8799999952316284,0.89,5,Drop,13229,attack
106,DQN-TFC (seed=300),DQN-TFC,300,0,0.789798378944397,0.7900000214576721,0.79,0,Forward,13418,benign
107,DQN-TFC (seed=300),DQN-TFC,300,0,0.799791693687439,0.800000011920929,0.8,5,Drop,13422,benign
108,DQN-TFC (seed=300),DQN-TFC,300,1,0.8395397067070007,0.8399999737739563,0.85,0,Forward,13790,attack
109,DQN-TFC (seed=300),DQN-TFC,300,0,0.8311482071876526,0.8299999833106995,0.84,0,Forward,13821,benign
110,DQN-TFC (seed=300),DQN-TFC,300,1,0.8897304534912109,0.8899999856948853,0.89,5,Drop,13896,attack
111,DQN-TFC (seed=300),DQN-TFC,300,1,0.8981784582138062,0.8999999761581421,0.9,5,Drop,13941,attack
112,DQN-TFC (seed=300),DQN-TFC,300,0,0.8418792486190796,0.8500000238418579,0.84,0,Forward,14060,benign
113,DQN-TFC (seed=300),DQN-TFC,300,0,0.8191235065460205,0.8100000023841858,0.8,5,Drop,14233,benign
114,DQN-TFC (seed=300),DQN-TFC,300,1,0.8727867007255554,0.8700000047683716,0.88,5,Drop,14309,attack
115,DQN-TFC (seed=300),DQN-TFC,300,1,0.859923243522644,0.8600000143051147,0.86,5,Drop,15051,attack
116,DQN-TFC (seed=300),DQN-TFC,300,1,0.8823280930519104,0.8799999952316284,0.88,5,Drop,15187,attack
117,DQN-TFC (seed=300),DQN-TFC,300,0,0.8324939608573914,0.8299999833106995,0.83,5,Drop,15211,benign
118,DQN-TFC (seed=300),DQN-TFC,300,1,0.8637133836746216,0.8600000143051147,0.86,5,Drop,15308,attack
119,DQN-TFC (seed=300),DQN-TFC,300,0,0.8160220384597778,0.8100000023841858,0.82,5,Drop,15325,benign
120,DQN-TFC (seed=300),DQN-TFC,300,0,0.754787802696228,0.75,0.76,0,Forward,15412,benign
121,DQN-TFC (seed=300),DQN-TFC,300,1,0.851523756980896,0.8500000238418579,0.85,5,Drop,15587,attack
122,DQN-TFC (seed=300),DQN-TFC,300,1,0.8701123595237732,0.8700000047683716,0.87,5,Drop,15646,attack
123,DQN-TFC (seed=300),DQN-TFC,300,1,0.8801069855690002,0.8799999952316284,0.88,5,Drop,15647,attack
124,DQN-TFC (seed=300),DQN-TFC,300,1,0.9189636707305908,0.9200000166893005,0.91,5,Drop,15731,attack
125,DQN-TFC (seed=300),DQN-TFC,300,0,0.8464939594268799,0.8500000238418579,0.84,5,Drop,16024,benign
126,DQN-TFC (seed=300),DQN-TFC,300,1,0.8612254858016968,0.8600000143051147,0.87,5,Drop,16469,attack
127,DQN-TFC (seed=300),DQN-TFC,300,1,0.8597354292869568,0.8600000143051147,0.87,5,Drop,16492,attack
128,DQN-TFC (seed=300),DQN-TFC,300,1,0.8625316619873047,0.8600000143051147,0.86,5,Drop,16621,attack
129,DQN-TFC (seed=300),DQN-TFC,300,1,0.8625324964523315,0.8600000143051147,0.86,5,Drop,16622,attack
130,DQN-TFC (seed=300),DQN-TFC,300,0,0.8334140777587891,0.8299999833106995,0.84,5,Drop,16712,benign
131,DQN-TFC (seed=300),DQN-TFC,300,1,0.8998856544494629,0.8999999761581421,0.9,5,Drop,16856,attack
132,DQN-TFC (seed=300),DQN-TFC,300,1,0.8994457721710205,0.8999999761581421,0.9,5,Drop,16929,attack
133,DQN-TFC (seed=300),DQN-TFC,300,1,0.8741875290870667,0.8700000047683716,0.88,5,Drop,17031,attack
134,DQN-TFC (seed=300),DQN-TFC,300,0,0.8287768363952637,0.8199999928474426,0.84,5,Drop,17229,benign
135,DQN-TFC (seed=300),DQN-TFC,300,0,0.8439942002296448,0.8399999737739563,0.84,5,Drop,17474,benign
136,DQN-TFC (seed=300),DQN-TFC,300,0,0.8278783559799194,0.8199999928474426,0.82,5,Drop,17678,benign
137,DQN-TFC (seed=300),DQN-TFC,300,0,0.8066718578338623,0.800000011920929,0.8,0,Forward,17719,benign
138,DQN-TFC (seed=300),DQN-TFC,300,0,0.8577614426612854,0.8500000238418579,0.84,5,Drop,18102,benign
139,DQN-TFC (seed=300),DQN-TFC,300,1,0.8832355737686157,0.8799999952316284,0.87,5,Drop,18120,attack
140,DQN-TFC (seed=300),DQN-TFC,300,1,0.8787582516670227,0.8799999952316284,0.88,5,Drop,18188,attack
141,DQN-TFC (seed=300),DQN-TFC,300,1,0.9003291130065918,0.8999999761581421,0.9,5,Drop,18373,attack
142,DQN-TFC (seed=300),DQN-TFC,300,0,0.8293827176094055,0.8299999833106995,0.83,0,Forward,18429,benign
143,DQN-TFC (seed=300),DQN-TFC,300,0,0.8019344806671143,0.800000011920929,0.8,0,Forward,18605,benign
144,DQN-TFC (seed=300),DQN-TFC,300,0,0.7719220519065857,0.7699999809265137,0.77,0,Forward,18629,benign
145,DQN-TFC (seed=300),DQN-TFC,300,1,0.8580705523490906,0.8600000143051147,0.86,5,Drop,19034,attack
146,DQN-TFC (seed=300),DQN-TFC,300,1,0.8591589331626892,0.8600000143051147,0.86,5,Drop,19261,attack
147,DQN-TFC (seed=300),DQN-TFC,300,0,0.8198917508125305,0.8199999928474426,0.82,0,Forward,19568,benign
148,DQN-TFC (seed=300),DQN-TFC,300,0,0.8346434831619263,0.8299999833106995,0.84,0,Forward,19606,benign
149,DQN-TFC (seed=300),DQN-TFC,300,0,0.6925909519195557,0.6899999976158142,0.69,0,Forward,19803,benign
150,DQN-TFC (seed=300),DQN-TFC,300,1,0.8533068895339966,0.8500000238418579,0.85,5,Drop,19973,attack
151,DQN-TFC (seed=300),DQN-TFC,300,1,0.9491422176361084,0.949999988079071,0.95,5,Drop,20134,attack
152,DQN-TFC (seed=300),DQN-TFC,300,1,0.8576992154121399,0.8600000143051147,0.86,5,Drop,20261,attack
153,DQN-TFC (seed=300),DQN-TFC,300,0,0.837689220905304,0.8399999737739563,0.84,0,Forward,20271,benign
154,DQN-TFC (seed=300),DQN-TFC,300,1,0.8698458075523376,0.8700000047683716,0.87,5,Drop,20328,attack
155,DQN-TFC (seed=300),DQN-TFC,300,1,0.8497189879417419,0.8500000238418579,0.85,5,Drop,20578,attack
156,DQN-TFC (seed=300),DQN-TFC,300,1,0.8485469818115234,0.8500000238418579,0.85,5,Drop,20712,attack
157,DQN-TFC (seed=300),DQN-TFC,300,1,0.8510622978210449,0.8500000238418579,0.86,5,Drop,20838,attack
158,DQN-TFC (seed=300),DQN-TFC,300,0,0.8205698132514954,0.8199999928474426,0.82,0,Forward,20916,benign
159,DQN-TFC (seed=300),DQN-TFC,300,0,0.7999889254570007,0.800000011920929,0.8,0,Forward,21203,benign
160,DQN-TFC (seed=300),DQN-TFC,300,0,0.7922539710998535,0.7900000214576721,0.8,0,Forward,21295,benign
161,DQN-TFC (seed=300),DQN-TFC,300,0,0.7913861870765686,0.7900000214576721,0.8,0,Forward,21299,benign
162,DQN-TFC (seed=300),DQN-TFC,300,0,0.830646812915802,0.8299999833106995,0.84,0,Forward,21508,benign
163,DQN-TFC (seed=300),DQN-TFC,300,1,0.8479499816894531,0.8500000238418579,0.85,5,Drop,21600,attack
164,DQN-TFC (seed=300),DQN-TFC,300,0,0.8187517523765564,0.8199999928474426,0.81,0,Forward,21733,benign
165,DQN-TFC (seed=300),DQN-TFC,300,0,0.7671636343002319,0.7599999904632568,0.76,0,Forward,21806,benign
166,DQN-TFC (seed=300),DQN-TFC,300,1,0.8541373610496521,0.8399999737739563,0.86,5,Drop,21948,attack
167,DQN-TFC (seed=300),DQN-TFC,300,1,0.876903235912323,0.8700000047683716,0.87,5,Drop,22082,attack
168,DQN-TFC (seed=300),DQN-TFC,300,1,0.9052704572677612,0.8999999761581421,0.9,5,Drop,22110,attack
169,DQN-TFC (seed=300),DQN-TFC,300,0,0.8391054272651672,0.8399999737739563,0.83,0,Forward,22171,benign
170,DQN-TFC (seed=300),DQN-TFC,300,1,0.8498303294181824,0.8500000238418579,0.85,5,Drop,22284,attack
171,DQN-TFC (seed=300),DQN-TFC,300,1,0.8491634130477905,0.8500000238418579,0.85,5,Drop,22317,attack
172,DQN-TFC (seed=300),DQN-TFC,300,1,0.8691211938858032,0.8700000047683716,0.87,5,Drop,22329,attack
173,DQN-TFC (seed=300),DQN-TFC,300,1,0.8876321911811829,0.8899999856948853,0.89,5,Drop,22468,attack
174,DQN-TFC (seed=300),DQN-TFC,300,1,0.8775237202644348,0.8799999952316284,0.88,5,Drop,22501,attack
175,DQN-TFC (seed=300),DQN-TFC,300,0,0.8302080035209656,0.8299999833106995,0.83,0,Forward,22708,benign
176,DQN-TFC (seed=300),DQN-TFC,300,1,0.8703062534332275,0.8700000047683716,0.87,5,Drop,22853,attack
177,DQN-TFC (seed=300),DQN-TFC,300,0,0.8237143158912659,0.8199999928474426,0.82,0,Forward,22944,benign
178,DQN-TFC (seed=300),DQN-TFC,300,1,0.8696657419204712,0.8600000143051147,0.86,5,Drop,23025,attack
179,DQN-TFC (seed=300),DQN-TFC,300,1,0.8847257494926453,0.8799999952316284,0.88,5,Drop,23094,attack
180,DQN-TFC (seed=300),DQN-TFC,300,1,0.8747749924659729,0.8700000047683716,0.87,5,Drop,23112,attack
181,DQN-TFC (seed=300),DQN-TFC,300,0,0.8125288486480713,0.8100000023841858,0.81,0,Forward,23209,benign
182,DQN-TFC (seed=300),DQN-TFC,300,0,0.8284656405448914,0.8299999833106995,0.83,0,Forward,23431,benign
183,DQN-TFC (seed=300),DQN-TFC,300,1,0.8589532971382141,0.8600000143051147,0.86,5,Drop,23733,attack
184,DQN-TFC (seed=300),DQN-TFC,300,1,0.8488499522209167,0.8500000238418579,0.85,5,Drop,23759,attack
185,DQN-TFC (seed=300),DQN-TFC,300,0,0.8388105034828186,0.8399999737739563,0.84,5,Drop,23778,benign
186,DQN-TFC (seed=300),DQN-TFC,300,0,0.8340607285499573,0.8299999833106995,0.83,0,Forward,23811,benign
187,DQN-TFC (seed=300),DQN-TFC,300,0,0.8036412000656128,0.800000011920929,0.8,0,Forward,24133,benign
188,DQN-TFC (seed=300),DQN-TFC,300,0,0.7837530374526978,0.7799999713897705,0.78,0,Forward,24191,benign
189,DQN-TFC (seed=300),DQN-TFC,300,0,0.7800889611244202,0.7799999713897705,0.78,0,Forward,24211,benign
190,DQN-TFC (seed=300),DQN-TFC,300,1,0.8676241040229797,0.8600000143051147,0.87,5,Drop,24373,attack
191,DQN-TFC (seed=300),DQN-TFC,300,0,0.8401661515235901,0.8399999737739563,0.84,5,Drop,24560,benign
192,DQN-TFC (seed=300),DQN-TFC,300,1,0.8799384832382202,0.8799999952316284,0.88,5,Drop,24613,attack
193,DQN-TFC (seed=300),DQN-TFC,300,1,0.889945924282074,0.8899999856948853,0.89,5,Drop,24618,attack
194,DQN-TFC (seed=300),DQN-TFC,300,1,0.8958290219306946,0.8899999856948853,0.91,5,Drop,24726,attack
195,DQN-TFC (seed=300),DQN-TFC,300,1,0.8804629445075989,0.8799999952316284,0.88,5,Drop,24772,attack
196,DQN-TFC (seed=300),DQN-TFC,300,0,0.843108594417572,0.8399999737739563,0.84,5,Drop,24837,benign
197,DQN-TFC (seed=300),DQN-TFC,300,0,0.8299122452735901,0.8299999833106995,0.83,0,Forward,24967,benign
198,DQN-TFC (seed=300),DQN-TFC,300,0,0.8168489336967468,0.8199999928474426,0.82,0,Forward,24996,benign
199,DQN-TFC (seed=300),DQN-TFC,300,0,0.7699838280677795,0.7599999904632568,0.77,0,Forward,25212,benign
200,DQN-TFC (seed=300),DQN-TFC,300,1,0.8604229688644409,0.8600000143051147,0.86,5,Drop,25323,attack
201,DQN-TFC (seed=300),DQN-TFC,300,1,0.8699449300765991,0.8700000047683716,0.87,5,Drop,25341,attack
202,DQN-TFC (seed=300),DQN-TFC,300,0,0.7626132369041443,0.7599999904632568,0.76,0,Forward,25525,benign
203,DQN-TFC (seed=300),DQN-TFC,300,0,0.7826955914497375,0.7799999713897705,0.78,0,Forward,25624,benign
204,DQN-TFC (seed=300),DQN-TFC,300,1,0.8601194024085999,0.8600000143051147,0.86,5,Drop,25753,attack
205,DQN-TFC (seed=300),DQN-TFC,300,1,0.8498777151107788,0.8500000238418579,0.85,5,Drop,25855,attack
206,DQN-TFC (seed=300),DQN-TFC,300,1,0.8552750945091248,0.8600000143051147,0.85,5,Drop,25924,attack
207,DQN-TFC (seed=300),DQN-TFC,300,1,0.8599913120269775,0.8600000143051147,0.86,5,Drop,26023,attack
208,DQN-TFC (seed=300),DQN-TFC,300,0,0.8406216502189636,0.8399999737739563,0.84,5,Drop,26138,benign
209,DQN-TFC (seed=300),DQN-TFC,300,0,0.8106439113616943,0.8100000023841858,0.81,0,Forward,26215,benign
210,DQN-TFC (seed=300),DQN-TFC,300,1,0.8734425902366638,0.8700000047683716,0.88,5,Drop,26320,attack
211,DQN-TFC (seed=300),DQN-TFC,300,1,0.8734425902366638,0.8700000047683716,0.88,5,Drop,26321,attack
212,DQN-TFC (seed=300),DQN-TFC,300,0,0.8274185657501221,0.8199999928474426,0.82,0,Forward,26485,benign
213,DQN-TFC (seed=300),DQN-TFC,300,0,0.7977456450462341,0.7900000214576721,0.8,0,Forward,26629,benign
214,DQN-TFC (seed=300),DQN-TFC,300,0,0.7860429883003235,0.7799999713897705,0.79,0,Forward,26652,benign
215,DQN-TFC (seed=300),DQN-TFC,300,0,0.8211085796356201,0.8199999928474426,0.82,0,Forward,27007,benign
216,DQN-TFC (seed=300),DQN-TFC,300,0,0.8113611340522766,0.8100000023841858,0.81,0,Forward,27027,benign
217,DQN-TFC (seed=300),DQN-TFC,300,0,0.8113600015640259,0.8100000023841858,0.81,0,Forward,27028,benign
218,DQN-TFC (seed=300),DQN-TFC,300,1,0.8569684028625488,0.8500000238418579,0.86,5,Drop,27099,attack
219,DQN-TFC (seed=300),DQN-TFC,300,1,0.8499709963798523,0.8500000238418579,0.85,5,Drop,27290,attack
220,DQN-TFC (seed=300),DQN-TFC,300,0,0.8199859857559204,0.8199999928474426,0.82,0,Forward,27385,benign
221,DQN-TFC (seed=300),DQN-TFC,300,0,0.8246893286705017,0.8199999928474426,0.82,0,Forward,27475,benign
222,DQN-TFC (seed=300),DQN-TFC,300,1,0.8756607174873352,0.8799999952316284,0.88,5,Drop,27647,attack
223,DQN-TFC (seed=300),DQN-TFC,300,1,0.8587411642074585,0.8600000143051147,0.86,5,Drop,27708,attack
224,DQN-TFC (seed=300),DQN-TFC,300,0,0.8176383972167969,0.8199999928474426,0.81,0,Forward,27800,benign
225,DQN-TFC (seed=300),DQN-TFC,300,0,0.8300334215164185,0.8299999833106995,0.82,0,Forward,27874,benign
226,DQN-TFC (seed=300),DQN-TFC,300,1,0.8468767404556274,0.8399999737739563,0.85,5,Drop,28068,attack
227,DQN-TFC (seed=300),DQN-TFC,300,0,0.8368855118751526,0.8299999833106995,0.84,0,Forward,28073,benign
228,DQN-TFC (seed=300),DQN-TFC,300,1,0.879469096660614,0.8799999952316284,0.87,5,Drop,28281,attack
229,DQN-TFC (seed=300),DQN-TFC,300,0,0.8395709991455078,0.8399999737739563,0.83,5,Drop,28318,benign
230,DQN-TFC (seed=300),DQN-TFC,300,0,0.8398676514625549,0.8399999737739563,0.84,5,Drop,28618,benign
231,DQN-TFC (seed=300),DQN-TFC,300,0,0.824093222618103,0.8199999928474426,0.83,0,Forward,28794,benign
232,DQN-TFC (seed=300),DQN-TFC,300,0,0.8240866661071777,0.8199999928474426,0.83,0,Forward,28804,benign
233,DQN-TFC (seed=300),DQN-TFC,300,1,0.8526306748390198,0.8500000238418579,0.85,5,Drop,28906,attack
234,DQN-TFC (seed=300),DQN-TFC,300,1,0.8526313900947571,0.8500000238418579,0.85,5,Drop,28907,attack
235,DQN-TFC (seed=300),DQN-TFC,300,1,0.8500974178314209,0.8500000238418579,0.85,0,Forward,29018,attack
236,DQN-TFC (seed=300),DQN-TFC,300,0,0.8424707651138306,0.8399999737739563,0.84,0,Forward,29042,benign
237,DQN-TFC (seed=300),DQN-TFC,300,0,0.8119410872459412,0.8100000023841858,0.81,0,Forward,29145,benign
238,DQN-TFC (seed=300),DQN-TFC,300,0,0.8217334747314453,0.8199999928474426,0.82,0,Forward,29234,benign
239,DQN-TFC (seed=300),DQN-TFC,300,0,0.8317458629608154,0.8299999833106995,0.83,0,Forward,29238,benign
240,DQN-TFC (seed=300),DQN-TFC,300,0,0.8088564872741699,0.8100000023841858,0.81,0,Forward,29334,benign
241,DQN-TFC (seed=300),DQN-TFC,300,1,0.8475148677825928,0.8500000238418579,0.85,5,Drop,29394,attack
242,DQN-TFC (seed=300),DQN-TFC,300,0,0.8201691508293152,0.8199999928474426,0.83,0,Forward,29434,benign
243,DQN-TFC (seed=300),DQN-TFC,300,1,0.8426319360733032,0.8399999737739563,0.85,5,Drop,29457,attack
244,DQN-TFC (seed=300),DQN-TFC,300,0,0.8261587023735046,0.8299999833106995,0.83,0,Forward,29590,benign
245,DQN-TFC (seed=300),DQN-TFC,300,0,0.8141408562660217,0.8100000023841858,0.82,0,Forward,29634,benign
246,DQN-TFC (seed=300),DQN-TFC,300,0,0.8041713237762451,0.800000011920929,0.81,0,Forward,29644,benign
247,DQN-TFC (seed=300),DQN-TFC,300,0,0.8383910655975342,0.8399999737739563,0.84,0,Forward,29713,benign
248,DQN-TFC (seed=300),DQN-TFC,300,1,0.9029292464256287,0.8999999761581421,0.9,5,Drop,29828,attack
0,DQN-TFC (seed=400),DQN-TFC,400,1,0.879833996295929,0.8799999952316284,0.88,5,Drop,34,attack
1,DQN-TFC (seed=400),DQN-TFC,400,0,0.8099673390388489,0.8100000023841858,0.81,6,Isolate,163,benign
2,DQN-TFC (seed=400),DQN-TFC,400,0,0.8290244936943054,0.8299999833106995,0.82,5,Drop,359,benign
3,DQN-TFC (seed=400),DQN-TFC,400,1,0.8779748678207397,0.8799999952316284,0.87,5,Drop,543,attack
4,DQN-TFC (seed=400),DQN-TFC,400,1,0.8908616900444031,0.8899999856948853,0.89,5,Drop,788,attack
5,DQN-TFC (seed=400),DQN-TFC,400,0,0.8184310793876648,0.8199999928474426,0.83,5,Drop,1007,benign
6,DQN-TFC (seed=400),DQN-TFC,400,1,0.8630930185317993,0.8700000047683716,0.86,5,Drop,1077,attack
7,DQN-TFC (seed=400),DQN-TFC,400,0,0.7812010049819946,0.7799999713897705,0.78,5,Drop,1173,benign
8,DQN-TFC (seed=400),DQN-TFC,400,0,0.7988349199295044,0.800000011920929,0.8,5,Drop,1338,benign
9,DQN-TFC (seed=400),DQN-TFC,400,1,0.8783858418464661,0.8799999952316284,0.88,5,Drop,1589,attack
10,DQN-TFC (seed=400),DQN-TFC,400,1,0.9270837903022766,0.9300000071525574,0.93,5,Drop,1711,attack
11,DQN-TFC (seed=400),DQN-TFC,400,1,0.9204261302947998,0.9200000166893005,0.92,5,Drop,1755,attack
12,DQN-TFC (seed=400),DQN-TFC,400,1,0.8790686726570129,0.8799999952316284,0.88,5,Drop,1826,attack
13,DQN-TFC (seed=400),DQN-TFC,400,1,0.8598487377166748,0.8600000143051147,0.86,5,Drop,2303,attack
14,DQN-TFC (seed=400),DQN-TFC,400,1,0.8559197187423706,0.8500000238418579,0.87,5,Drop,2509,attack
15,DQN-TFC (seed=400),DQN-TFC,400,1,0.8448888659477234,0.8399999737739563,0.85,5,Drop,2579,attack
16,DQN-TFC (seed=400),DQN-TFC,400,1,0.8343343138694763,0.8299999833106995,0.85,0,Forward,2704,attack
17,DQN-TFC (seed=400),DQN-TFC,400,1,0.909209668636322,0.9100000262260437,0.91,6,Isolate,2984,attack
18,DQN-TFC (seed=400),DQN-TFC,400,1,0.892710268497467,0.8899999856948853,0.89,5,Drop,3042,attack
19,DQN-TFC (seed=400),DQN-TFC,400,0,0.779188334941864,0.7799999713897705,0.78,0,Forward,3187,benign
20,DQN-TFC (seed=400),DQN-TFC,400,0,0.7874859571456909,0.7900000214576721,0.79,0,Forward,3200,benign
21,DQN-TFC (seed=400),DQN-TFC,400,1,0.8884751200675964,0.8899999856948853,0.88,5,Drop,3480,attack
22,DQN-TFC (seed=400),DQN-TFC,400,0,0.8297797441482544,0.8299999833106995,0.83,0,Forward,3603,benign
23,DQN-TFC (seed=400),DQN-TFC,400,1,0.8987791538238525,0.8999999761581421,0.9,5,Drop,4036,attack
24,DQN-TFC (seed=400),DQN-TFC,400,1,0.9100563526153564,0.9100000262260437,0.91,5,Drop,4096,attack
25,DQN-TFC (seed=400),DQN-TFC,400,0,0.7760412693023682,0.7799999713897705,0.78,0,Forward,4223,benign
26,DQN-TFC (seed=400),DQN-TFC,400,0,0.7967140674591064,0.7900000214576721,0.8,0,Forward,4492,benign
27,DQN-TFC (seed=400),DQN-TFC,400,0,0.773356556892395,0.7699999809265137,0.78,0,Forward,4724,benign
28,DQN-TFC (seed=400),DQN-TFC,400,1,0.9137651920318604,0.9100000262260437,0.92,6,Isolate,4794,attack
29,DQN-TFC (seed=400),DQN-TFC,400,1,0.8725376129150391,0.8700000047683716,0.88,0,Forward,4856,attack
30,DQN-TFC (seed=400),DQN-TFC,400,1,0.8711929321289062,0.8700000047683716,0.88,0,Forward,4879,attack
31,DQN-TFC (seed=400),DQN-TFC,400,1,0.8682050108909607,0.8700000047683716,0.87,5,Drop,5004,attack
32,DQN-TFC (seed=400),DQN-TFC,400,1,0.8684120178222656,0.8700000047683716,0.87,5,Drop,5015,attack
33,DQN-TFC (seed=400),DQN-TFC,400,1,0.9081689715385437,0.9100000262260437,0.91,6,Isolate,5100,attack
34,DQN-TFC (seed=400),DQN-TFC,400,1,0.8976726531982422,0.8999999761581421,0.9,6,Isolate,5137,attack
35,DQN-TFC (seed=400),DQN-TFC,400,0,0.8373674154281616,0.8399999737739563,0.83,0,Forward,5188,benign
36,DQN-TFC (seed=400),DQN-TFC,400,1,0.862047553062439,0.8600000143051147,0.86,0,Forward,5222,attack
37,DQN-TFC (seed=400),DQN-TFC,400,1,0.8858568668365479,0.8799999952316284,0.89,5,Drop,5375,attack
38,DQN-TFC (seed=400),DQN-TFC,400,1,0.8564433455467224,0.8500000238418579,0.86,0,Forward,5529,attack
39,DQN-TFC (seed=400),DQN-TFC,400,0,0.8269306421279907,0.8199999928474426,0.83,0,Forward,5615,benign
40,DQN-TFC (seed=400),DQN-TFC,400,0,0.813768208026886,0.8100000023841858,0.8,0,Forward,5691,benign
41,DQN-TFC (seed=400),DQN-TFC,400,0,0.8197215795516968,0.8100000023841858,0.81,0,Forward,5747,benign
42,DQN-TFC (seed=400),DQN-TFC,400,0,0.8220182061195374,0.8100000023841858,0.81,0,Forward,5774,benign
43,DQN-TFC (seed=400),DQN-TFC,400,1,0.8663164377212524,0.8600000143051147,0.86,6,Isolate,5933,attack
44,DQN-TFC (seed=400),DQN-TFC,400,0,0.849316418170929,0.8399999737739563,0.84,6,Isolate,5966,benign
45,DQN-TFC (seed=400),DQN-TFC,400,0,0.8093292713165283,0.800000011920929,0.8,0,Forward,6009,benign
46,DQN-TFC (seed=400),DQN-TFC,400,0,0.8414927124977112,0.8399999737739563,0.83,6,Isolate,6047,benign
47,DQN-TFC (seed=400),DQN-TFC,400,0,0.7934058308601379,0.7900000214576721,0.79,0,Forward,6156,benign
48,DQN-TFC (seed=400),DQN-TFC,400,0,0.7934057116508484,0.7900000214576721,0.79,0,Forward,6158,benign
49,DQN-TFC (seed=400),DQN-TFC,400,0,0.8012173175811768,0.800000011920929,0.8,0,Forward,6161,benign
50,DQN-TFC (seed=400),DQN-TFC,400,1,0.8523243069648743,0.8500000238418579,0.85,6,Isolate,6544,attack
51,DQN-TFC (seed=400),DQN-TFC,400,1,0.8538548350334167,0.8500000238418579,0.85,6,Isolate,6691,attack
52,DQN-TFC (seed=400),DQN-TFC,400,0,0.8254052996635437,0.8299999833106995,0.83,0,Forward,7158,benign
53,DQN-TFC (seed=400),DQN-TFC,400,0,0.7887188196182251,0.7900000214576721,0.79,0,Forward,7298,benign
54,DQN-TFC (seed=400),DQN-TFC,400,1,0.8693459033966064,0.8700000047683716,0.87,6,Isolate,7805,attack
55,DQN-TFC (seed=400),DQN-TFC,400,0,0.8328465819358826,0.8299999833106995,0.83,6,Isolate,7938,benign
56,DQN-TFC (seed=400),DQN-TFC,400,1,0.8672149181365967,0.8700000047683716,0.87,6,Isolate,8112,attack
57,DQN-TFC (seed=400),DQN-TFC,400,1,0.8870208859443665,0.8899999856948853,0.89,6,Isolate,8169,attack
58,DQN-TFC (seed=400),DQN-TFC,400,1,0.8547448515892029,0.8600000143051147,0.86,6,Isolate,8187,attack
59,DQN-TFC (seed=400),DQN-TFC,400,1,0.8655512928962708,0.8700000047683716,0.87,6,Isolate,8323,attack
60,DQN-TFC (seed=400),DQN-TFC,400,0,0.7602249383926392,0.7599999904632568,0.76,0,Forward,8570,benign
61,DQN-TFC (seed=400),DQN-TFC,400,0,0.7500377893447876,0.75,0.75,0,Forward,8585,benign
62,DQN-TFC (seed=400),DQN-TFC,400,0,0.7400667071342468,0.7400000095367432,0.74,0,Forward,8593,benign
63,DQN-TFC (seed=400),DQN-TFC,400,1,0.8890588283538818,0.8899999856948853,0.88,6,Isolate,8699,attack
64,DQN-TFC (seed=400),DQN-TFC,400,1,0.8890588879585266,0.8899999856948853,0.88,6,Isolate,8700,attack
65,DQN-TFC (seed=400),DQN-TFC,400,0,0.8400719165802002,0.8399999737739563,0.84,6,Isolate,8758,benign
66,DQN-TFC (seed=400),DQN-TFC,400,0,0.800307035446167,0.7900000214576721,0.79,0,Forward,8963,benign
67,DQN-TFC (seed=400),DQN-TFC,400,0,0.8101561069488525,0.8100000023841858,0.81,0,Forward,9413,benign
68,DQN-TFC (seed=400),DQN-TFC,400,1,0.8594833612442017,0.8600000143051147,0.86,6,Isolate,9754,attack
69,DQN-TFC (seed=400),DQN-TFC,400,0,0.8076704144477844,0.8100000023841858,0.81,0,Forward,9871,benign
70,DQN-TFC (seed=400),DQN-TFC,400,0,0.7902960777282715,0.7900000214576721,0.79,0,Forward,9907,benign
71,DQN-TFC (seed=400),DQN-TFC,400,1,0.9019876718521118,0.8999999761581421,0.9,6,Isolate,10288,attack
72,DQN-TFC (seed=400),DQN-TFC,400,1,0.8918544054031372,0.8899999856948853,0.89,6,Isolate,10301,attack
73,DQN-TFC (seed=400),DQN-TFC,400,1,0.8455605506896973,0.8500000238418579,0.85,6,Isolate,10545,attack
74,DQN-TFC (seed=400),DQN-TFC,400,0,0.8055262565612793,0.800000011920929,0.79,0,Forward,10720,benign
75,DQN-TFC (seed=400),DQN-TFC,400,1,0.8840524554252625,0.8700000047683716,0.88,6,Isolate,10844,attack
76,DQN-TFC (seed=400),DQN-TFC,400,1,0.8640789985656738,0.8500000238418579,0.86,6,Isolate,10855,attack
77,DQN-TFC (seed=400),DQN-TFC,400,0,0.7940945625305176,0.7799999713897705,0.79,0,Forward,10888,benign
78,DQN-TFC (seed=400),DQN-TFC,400,0,0.7955327033996582,0.7900000214576721,0.8,0,Forward,10926,benign
79,DQN-TFC (seed=400),DQN-TFC,400,0,0.8359295725822449,0.8299999833106995,0.84,0,Forward,11013,benign
80,DQN-TFC (seed=400),DQN-TFC,400,0,0.8027329444885254,0.7900000214576721,0.79,0,Forward,11177,benign
81,DQN-TFC (seed=400),DQN-TFC,400,0,0.8449897170066833,0.8399999737739563,0.84,6,Isolate,11275,benign
82,DQN-TFC (seed=400),DQN-TFC,400,0,0.8350366950035095,0.8299999833106995,0.83,6,Isolate,11301,benign
83,DQN-TFC (seed=400),DQN-TFC,400,0,0.8350360989570618,0.8299999833106995,0.83,6,Isolate,11302,benign
84,DQN-TFC (seed=400),DQN-TFC,400,0,0.81482994556427,0.8100000023841858,0.81,0,Forward,11352,benign
85,DQN-TFC (seed=400),DQN-TFC,400,1,0.8718368411064148,0.8700000047683716,0.87,6,Isolate,11464,attack
86,DQN-TFC (seed=400),DQN-TFC,400,1,0.8501495122909546,0.8500000238418579,0.86,6,Isolate,11772,attack
87,DQN-TFC (seed=400),DQN-TFC,400,0,0.8084815144538879,0.800000011920929,0.81,0,Forward,11813,benign
88,DQN-TFC (seed=400),DQN-TFC,400,0,0.8098862171173096,0.8100000023841858,0.81,0,Forward,11881,benign
89,DQN-TFC (seed=400),DQN-TFC,400,1,0.8678771257400513,0.8700000047683716,0.86,6,Isolate,12061,attack
90,DQN-TFC (seed=400),DQN-TFC,400,0,0.8481305837631226,0.8500000238418579,0.84,6,Isolate,12088,benign
91,DQN-TFC (seed=400),DQN-TFC,400,1,0.858406126499176,0.8600000143051147,0.85,6,Isolate,12109,attack
92,DQN-TFC (seed=400),DQN-TFC,400,1,0.8504123091697693,0.8500000238418579,0.85,6,Isolate,12137,attack
93,DQN-TFC (seed=400),DQN-TFC,400,0,0.8224881887435913,0.8199999928474426,0.82,0,Forward,12176,benign
94,DQN-TFC (seed=400),DQN-TFC,400,0,0.8422060608863831,0.8399999737739563,0.84,0,Forward,12187,benign
95,DQN-TFC (seed=400),DQN-TFC,400,0,0.8399506211280823,0.8399999737739563,0.84,6,Isolate,12297,benign
96,DQN-TFC (seed=400),DQN-TFC,400,1,0.8687772154808044,0.8700000047683716,0.87,6,Isolate,12464,attack
97,DQN-TFC (seed=400),DQN-TFC,400,1,0.8521358966827393,0.8500000238418579,0.85,6,Isolate,12715,attack
98,DQN-TFC (seed=400),DQN-TFC,400,1,0.8409515619277954,0.8399999737739563,0.85,6,Isolate,12891,attack
99,DQN-TFC (seed=400),DQN-TFC,400,1,0.8435349464416504,0.8399999737739563,0.85,0,Forward,12963,attack
100,DQN-TFC (seed=400),DQN-TFC,400,0,0.8321276307106018,0.8299999833106995,0.83,0,Forward,13036,benign
101,DQN-TFC (seed=400),DQN-TFC,400,0,0.8130981922149658,0.8100000023841858,0.81,0,Forward,13047,benign
102,DQN-TFC (seed=400),DQN-TFC,400,0,0.8230418562889099,0.8199999928474426,0.82,0,Forward,13058,benign
103,DQN-TFC (seed=400),DQN-TFC,400,1,0.8648033142089844,0.8600000143051147,0.86,6,Isolate,13189,attack
104,DQN-TFC (seed=400),DQN-TFC,400,1,0.8940011858940125,0.8899999856948853,0.89,5,Drop,13220,attack
105,DQN-TFC (seed=400),DQN-TFC,400,1,0.8817206621170044,0.8799999952316284,0.89,6,Isolate,13229,attack
106,DQN-TFC (seed=400),DQN-TFC,400,0,0.789798378944397,0.7900000214576721,0.79,0,Forward,13418,benign
107,DQN-TFC (seed=400),DQN-TFC,400,0,0.799791693687439,0.800000011920929,0.8,0,Forward,13422,benign
108,DQN-TFC (seed=400),DQN-TFC,400,1,0.8395397067070007,0.8399999737739563,0.85,0,Forward,13790,attack
109,DQN-TFC (seed=400),DQN-TFC,400,0,0.8311482071876526,0.8299999833106995,0.84,0,Forward,13821,benign
110,DQN-TFC (seed=400),DQN-TFC,400,1,0.8897304534912109,0.8899999856948853,0.89,6,Isolate,13896,attack
111,DQN-TFC (seed=400),DQN-TFC,400,1,0.8981784582138062,0.8999999761581421,0.9,6,Isolate,13941,attack
112,DQN-TFC (seed=400),DQN-TFC,400,0,0.8418792486190796,0.8500000238418579,0.84,0,Forward,14060,benign
113,DQN-TFC (seed=400),DQN-TFC,400,0,0.8191235065460205,0.8100000023841858,0.8,0,Forward,14233,benign
114,DQN-TFC (seed=400),DQN-TFC,400,1,0.8727867007255554,0.8700000047683716,0.88,6,Isolate,14309,attack
115,DQN-TFC (seed=400),DQN-TFC,400,1,0.859923243522644,0.8600000143051147,0.86,6,Isolate,15051,attack
116,DQN-TFC (seed=400),DQN-TFC,400,1,0.8823280930519104,0.8799999952316284,0.88,6,Isolate,15187,attack
117,DQN-TFC (seed=400),DQN-TFC,400,0,0.8324939608573914,0.8299999833106995,0.83,0,Forward,15211,benign
118,DQN-TFC (seed=400),DQN-TFC,400,1,0.8637133836746216,0.8600000143051147,0.86,6,Isolate,15308,attack
119,DQN-TFC (seed=400),DQN-TFC,400,0,0.8160220384597778,0.8100000023841858,0.82,0,Forward,15325,benign
120,DQN-TFC (seed=400),DQN-TFC,400,0,0.754787802696228,0.75,0.76,0,Forward,15412,benign
121,DQN-TFC (seed=400),DQN-TFC,400,1,0.851523756980896,0.8500000238418579,0.85,6,Isolate,15587,attack
122,DQN-TFC (seed=400),DQN-TFC,400,1,0.8701123595237732,0.8700000047683716,0.87,6,Isolate,15646,attack
123,DQN-TFC (seed=400),DQN-TFC,400,1,0.8801069855690002,0.8799999952316284,0.88,6,Isolate,15647,attack
124,DQN-TFC (seed=400),DQN-TFC,400,1,0.9189636707305908,0.9200000166893005,0.91,5,Drop,15731,attack
125,DQN-TFC (seed=400),DQN-TFC,400,0,0.8464939594268799,0.8500000238418579,0.84,6,Isolate,16024,benign
126,DQN-TFC (seed=400),DQN-TFC,400,1,0.8612254858016968,0.8600000143051147,0.87,6,Isolate,16469,attack
127,DQN-TFC (seed=400),DQN-TFC,400,1,0.8597354292869568,0.8600000143051147,0.87,6,Isolate,16492,attack
128,DQN-TFC (seed=400),DQN-TFC,400,1,0.8625316619873047,0.8600000143051147,0.86,6,Isolate,16621,attack
129,DQN-TFC (seed=400),DQN-TFC,400,1,0.8625324964523315,0.8600000143051147,0.86,6,Isolate,16622,attack
130,DQN-TFC (seed=400),DQN-TFC,400,0,0.8334140777587891,0.8299999833106995,0.84,6,Isolate,16712,benign
131,DQN-TFC (seed=400),DQN-TFC,400,1,0.8998856544494629,0.8999999761581421,0.9,6,Isolate,16856,attack
132,DQN-TFC (seed=400),DQN-TFC,400,1,0.8994457721710205,0.8999999761581421,0.9,5,Drop,16929,attack
133,DQN-TFC (seed=400),DQN-TFC,400,1,0.8741875290870667,0.8700000047683716,0.88,6,Isolate,17031,attack
134,DQN-TFC (seed=400),DQN-TFC,400,0,0.8287768363952637,0.8199999928474426,0.84,6,Isolate,17229,benign
135,DQN-TFC (seed=400),DQN-TFC,400,0,0.8439942002296448,0.8399999737739563,0.84,6,Isolate,17474,benign
136,DQN-TFC (seed=400),DQN-TFC,400,0,0.8278783559799194,0.8199999928474426,0.82,6,Isolate,17678,benign
137,DQN-TFC (seed=400),DQN-TFC,400,0,0.8066718578338623,0.800000011920929,0.8,0,Forward,17719,benign
138,DQN-TFC (seed=400),DQN-TFC,400,0,0.8577614426612854,0.8500000238418579,0.84,6,Isolate,18102,benign
139,DQN-TFC (seed=400),DQN-TFC,400,1,0.8832355737686157,0.8799999952316284,0.87,6,Isolate,18120,attack
140,DQN-TFC (seed=400),DQN-TFC,400,1,0.8787582516670227,0.8799999952316284,0.88,6,Isolate,18188,attack
141,DQN-TFC (seed=400),DQN-TFC,400,1,0.9003291130065918,0.8999999761581421,0.9,6,Isolate,18373,attack
142,DQN-TFC (seed=400),DQN-TFC,400,0,0.8293827176094055,0.8299999833106995,0.83,6,Isolate,18429,benign
143,DQN-TFC (seed=400),DQN-TFC,400,0,0.8019344806671143,0.800000011920929,0.8,0,Forward,18605,benign
144,DQN-TFC (seed=400),DQN-TFC,400,0,0.7719220519065857,0.7699999809265137,0.77,0,Forward,18629,benign
145,DQN-TFC (seed=400),DQN-TFC,400,1,0.8580705523490906,0.8600000143051147,0.86,6,Isolate,19034,attack
146,DQN-TFC (seed=400),DQN-TFC,400,1,0.8591589331626892,0.8600000143051147,0.86,6,Isolate,19261,attack
147,DQN-TFC (seed=400),DQN-TFC,400,0,0.8198917508125305,0.8199999928474426,0.82,0,Forward,19568,benign
148,DQN-TFC (seed=400),DQN-TFC,400,0,0.8346434831619263,0.8299999833106995,0.84,6,Isolate,19606,benign
149,DQN-TFC (seed=400),DQN-TFC,400,0,0.6925909519195557,0.6899999976158142,0.69,0,Forward,19803,benign
150,DQN-TFC (seed=400),DQN-TFC,400,1,0.8533068895339966,0.8500000238418579,0.85,6,Isolate,19973,attack
151,DQN-TFC (seed=400),DQN-TFC,400,1,0.9491422176361084,0.949999988079071,0.95,5,Drop,20134,attack
152,DQN-TFC (seed=400),DQN-TFC,400,1,0.8576992154121399,0.8600000143051147,0.86,6,Isolate,20261,attack
153,DQN-TFC (seed=400),DQN-TFC,400,0,0.837689220905304,0.8399999737739563,0.84,6,Isolate,20271,benign
154,DQN-TFC (seed=400),DQN-TFC,400,1,0.8698458075523376,0.8700000047683716,0.87,6,Isolate,20328,attack
155,DQN-TFC (seed=400),DQN-TFC,400,1,0.8497189879417419,0.8500000238418579,0.85,6,Isolate,20578,attack
156,DQN-TFC (seed=400),DQN-TFC,400,1,0.8485469818115234,0.8500000238418579,0.85,6,Isolate,20712,attack
157,DQN-TFC (seed=400),DQN-TFC,400,1,0.8510622978210449,0.8500000238418579,0.86,6,Isolate,20838,attack
158,DQN-TFC (seed=400),DQN-TFC,400,0,0.8205698132514954,0.8199999928474426,0.82,6,Isolate,20916,benign
159,DQN-TFC (seed=400),DQN-TFC,400,0,0.7999889254570007,0.800000011920929,0.8,6,Isolate,21203,benign
160,DQN-TFC (seed=400),DQN-TFC,400,0,0.7922539710998535,0.7900000214576721,0.8,0,Forward,21295,benign
161,DQN-TFC (seed=400),DQN-TFC,400,0,0.7913861870765686,0.7900000214576721,0.8,0,Forward,21299,benign
162,DQN-TFC (seed=400),DQN-TFC,400,0,0.830646812915802,0.8299999833106995,0.84,0,Forward,21508,benign
163,DQN-TFC (seed=400),DQN-TFC,400,1,0.8479499816894531,0.8500000238418579,0.85,6,Isolate,21600,attack
164,DQN-TFC (seed=400),DQN-TFC,400,0,0.8187517523765564,0.8199999928474426,0.81,0,Forward,21733,benign
165,DQN-TFC (seed=400),DQN-TFC,400,0,0.7671636343002319,0.7599999904632568,0.76,0,Forward,21806,benign
166,DQN-TFC (seed=400),DQN-TFC,400,1,0.8541373610496521,0.8399999737739563,0.86,6,Isolate,21948,attack
167,DQN-TFC (seed=400),DQN-TFC,400,1,0.876903235912323,0.8700000047683716,0.87,6,Isolate,22082,attack
168,DQN-TFC (seed=400),DQN-TFC,400,1,0.9052704572677612,0.8999999761581421,0.9,6,Isolate,22110,attack
169,DQN-TFC (seed=400),DQN-TFC,400,0,0.8391054272651672,0.8399999737739563,0.83,6,Isolate,22171,benign
170,DQN-TFC (seed=400),DQN-TFC,400,1,0.8498303294181824,0.8500000238418579,0.85,6,Isolate,22284,attack
171,DQN-TFC (seed=400),DQN-TFC,400,1,0.8491634130477905,0.8500000238418579,0.85,6,Isolate,22317,attack
172,DQN-TFC (seed=400),DQN-TFC,400,1,0.8691211938858032,0.8700000047683716,0.87,6,Isolate,22329,attack
173,DQN-TFC (seed=400),DQN-TFC,400,1,0.8876321911811829,0.8899999856948853,0.89,5,Drop,22468,attack
174,DQN-TFC (seed=400),DQN-TFC,400,1,0.8775237202644348,0.8799999952316284,0.88,6,Isolate,22501,attack
175,DQN-TFC (seed=400),DQN-TFC,400,0,0.8302080035209656,0.8299999833106995,0.83,0,Forward,22708,benign
176,DQN-TFC (seed=400),DQN-TFC,400,1,0.8703062534332275,0.8700000047683716,0.87,6,Isolate,22853,attack
177,DQN-TFC (seed=400),DQN-TFC,400,0,0.8237143158912659,0.8199999928474426,0.82,0,Forward,22944,benign
178,DQN-TFC (seed=400),DQN-TFC,400,1,0.8696657419204712,0.8600000143051147,0.86,6,Isolate,23025,attack
179,DQN-TFC (seed=400),DQN-TFC,400,1,0.8847257494926453,0.8799999952316284,0.88,5,Drop,23094,attack
180,DQN-TFC (seed=400),DQN-TFC,400,1,0.8747749924659729,0.8700000047683716,0.87,6,Isolate,23112,attack
181,DQN-TFC (seed=400),DQN-TFC,400,0,0.8125288486480713,0.8100000023841858,0.81,0,Forward,23209,benign
182,DQN-TFC (seed=400),DQN-TFC,400,0,0.8284656405448914,0.8299999833106995,0.83,0,Forward,23431,benign
183,DQN-TFC (seed=400),DQN-TFC,400,1,0.8589532971382141,0.8600000143051147,0.86,6,Isolate,23733,attack
184,DQN-TFC (seed=400),DQN-TFC,400,1,0.8488499522209167,0.8500000238418579,0.85,5,Drop,23759,attack
185,DQN-TFC (seed=400),DQN-TFC,400,0,0.8388105034828186,0.8399999737739563,0.84,6,Isolate,23778,benign
186,DQN-TFC (seed=400),DQN-TFC,400,0,0.8340607285499573,0.8299999833106995,0.83,6,Isolate,23811,benign
187,DQN-TFC (seed=400),DQN-TFC,400,0,0.8036412000656128,0.800000011920929,0.8,0,Forward,24133,benign
188,DQN-TFC (seed=400),DQN-TFC,400,0,0.7837530374526978,0.7799999713897705,0.78,0,Forward,24191,benign
189,DQN-TFC (seed=400),DQN-TFC,400,0,0.7800889611244202,0.7799999713897705,0.78,0,Forward,24211,benign
190,DQN-TFC (seed=400),DQN-TFC,400,1,0.8676241040229797,0.8600000143051147,0.87,6,Isolate,24373,attack
191,DQN-TFC (seed=400),DQN-TFC,400,0,0.8401661515235901,0.8399999737739563,0.84,6,Isolate,24560,benign
192,DQN-TFC (seed=400),DQN-TFC,400,1,0.8799384832382202,0.8799999952316284,0.88,6,Isolate,24613,attack
193,DQN-TFC (seed=400),DQN-TFC,400,1,0.889945924282074,0.8899999856948853,0.89,6,Isolate,24618,attack
194,DQN-TFC (seed=400),DQN-TFC,400,1,0.8958290219306946,0.8899999856948853,0.91,6,Isolate,24726,attack
195,DQN-TFC (seed=400),DQN-TFC,400,1,0.8804629445075989,0.8799999952316284,0.88,6,Isolate,24772,attack
196,DQN-TFC (seed=400),DQN-TFC,400,0,0.843108594417572,0.8399999737739563,0.84,6,Isolate,24837,benign
197,DQN-TFC (seed=400),DQN-TFC,400,0,0.8299122452735901,0.8299999833106995,0.83,6,Isolate,24967,benign
198,DQN-TFC (seed=400),DQN-TFC,400,0,0.8168489336967468,0.8199999928474426,0.82,6,Isolate,24996,benign
199,DQN-TFC (seed=400),DQN-TFC,400,0,0.7699838280677795,0.7599999904632568,0.77,0,Forward,25212,benign
200,DQN-TFC (seed=400),DQN-TFC,400,1,0.8604229688644409,0.8600000143051147,0.86,6,Isolate,25323,attack
201,DQN-TFC (seed=400),DQN-TFC,400,1,0.8699449300765991,0.8700000047683716,0.87,6,Isolate,25341,attack
202,DQN-TFC (seed=400),DQN-TFC,400,0,0.7626132369041443,0.7599999904632568,0.76,0,Forward,25525,benign
203,DQN-TFC (seed=400),DQN-TFC,400,0,0.7826955914497375,0.7799999713897705,0.78,0,Forward,25624,benign
204,DQN-TFC (seed=400),DQN-TFC,400,1,0.8601194024085999,0.8600000143051147,0.86,6,Isolate,25753,attack
205,DQN-TFC (seed=400),DQN-TFC,400,1,0.8498777151107788,0.8500000238418579,0.85,6,Isolate,25855,attack
206,DQN-TFC (seed=400),DQN-TFC,400,1,0.8552750945091248,0.8600000143051147,0.85,6,Isolate,25924,attack
207,DQN-TFC (seed=400),DQN-TFC,400,1,0.8599913120269775,0.8600000143051147,0.86,6,Isolate,26023,attack
208,DQN-TFC (seed=400),DQN-TFC,400,0,0.8406216502189636,0.8399999737739563,0.84,6,Isolate,26138,benign
209,DQN-TFC (seed=400),DQN-TFC,400,0,0.8106439113616943,0.8100000023841858,0.81,0,Forward,26215,benign
210,DQN-TFC (seed=400),DQN-TFC,400,1,0.8734425902366638,0.8700000047683716,0.88,6,Isolate,26320,attack
211,DQN-TFC (seed=400),DQN-TFC,400,1,0.8734425902366638,0.8700000047683716,0.88,6,Isolate,26321,attack
212,DQN-TFC (seed=400),DQN-TFC,400,0,0.8274185657501221,0.8199999928474426,0.82,6,Isolate,26485,benign
213,DQN-TFC (seed=400),DQN-TFC,400,0,0.7977456450462341,0.7900000214576721,0.8,0,Forward,26629,benign
214,DQN-TFC (seed=400),DQN-TFC,400,0,0.7860429883003235,0.7799999713897705,0.79,0,Forward,26652,benign
215,DQN-TFC (seed=400),DQN-TFC,400,0,0.8211085796356201,0.8199999928474426,0.82,0,Forward,27007,benign
216,DQN-TFC (seed=400),DQN-TFC,400,0,0.8113611340522766,0.8100000023841858,0.81,0,Forward,27027,benign
217,DQN-TFC (seed=400),DQN-TFC,400,0,0.8113600015640259,0.8100000023841858,0.81,0,Forward,27028,benign
218,DQN-TFC (seed=400),DQN-TFC,400,1,0.8569684028625488,0.8500000238418579,0.86,6,Isolate,27099,attack
219,DQN-TFC (seed=400),DQN-TFC,400,1,0.8499709963798523,0.8500000238418579,0.85,6,Isolate,27290,attack
220,DQN-TFC (seed=400),DQN-TFC,400,0,0.8199859857559204,0.8199999928474426,0.82,0,Forward,27385,benign
221,DQN-TFC (seed=400),DQN-TFC,400,0,0.8246893286705017,0.8199999928474426,0.82,0,Forward,27475,benign
222,DQN-TFC (seed=400),DQN-TFC,400,1,0.8756607174873352,0.8799999952316284,0.88,6,Isolate,27647,attack
223,DQN-TFC (seed=400),DQN-TFC,400,1,0.8587411642074585,0.8600000143051147,0.86,6,Isolate,27708,attack
224,DQN-TFC (seed=400),DQN-TFC,400,0,0.8176383972167969,0.8199999928474426,0.81,0,Forward,27800,benign
225,DQN-TFC (seed=400),DQN-TFC,400,0,0.8300334215164185,0.8299999833106995,0.82,0,Forward,27874,benign
226,DQN-TFC (seed=400),DQN-TFC,400,1,0.8468767404556274,0.8399999737739563,0.85,6,Isolate,28068,attack
227,DQN-TFC (seed=400),DQN-TFC,400,0,0.8368855118751526,0.8299999833106995,0.84,6,Isolate,28073,benign
228,DQN-TFC (seed=400),DQN-TFC,400,1,0.879469096660614,0.8799999952316284,0.87,6,Isolate,28281,attack
229,DQN-TFC (seed=400),DQN-TFC,400,0,0.8395709991455078,0.8399999737739563,0.83,6,Isolate,28318,benign
230,DQN-TFC (seed=400),DQN-TFC,400,0,0.8398676514625549,0.8399999737739563,0.84,6,Isolate,28618,benign
231,DQN-TFC (seed=400),DQN-TFC,400,0,0.824093222618103,0.8199999928474426,0.83,6,Isolate,28794,benign
232,DQN-TFC (seed=400),DQN-TFC,400,0,0.8240866661071777,0.8199999928474426,0.83,6,Isolate,28804,benign
233,DQN-TFC (seed=400),DQN-TFC,400,1,0.8526306748390198,0.8500000238418579,0.85,6,Isolate,28906,attack
234,DQN-TFC (seed=400),DQN-TFC,400,1,0.8526313900947571,0.8500000238418579,0.85,6,Isolate,28907,attack
235,DQN-TFC (seed=400),DQN-TFC,400,1,0.8500974178314209,0.8500000238418579,0.85,6,Isolate,29018,attack
236,DQN-TFC (seed=400),DQN-TFC,400,0,0.8424707651138306,0.8399999737739563,0.84,6,Isolate,29042,benign
237,DQN-TFC (seed=400),DQN-TFC,400,0,0.8119410872459412,0.8100000023841858,0.81,6,Isolate,29145,benign
238,DQN-TFC (seed=400),DQN-TFC,400,0,0.8217334747314453,0.8199999928474426,0.82,6,Isolate,29234,benign
239,DQN-TFC (seed=400),DQN-TFC,400,0,0.8317458629608154,0.8299999833106995,0.83,6,Isolate,29238,benign
240,DQN-TFC (seed=400),DQN-TFC,400,0,0.8088564872741699,0.8100000023841858,0.81,0,Forward,29334,benign
241,DQN-TFC (seed=400),DQN-TFC,400,1,0.8475148677825928,0.8500000238418579,0.85,6,Isolate,29394,attack
242,DQN-TFC (seed=400),DQN-TFC,400,0,0.8201691508293152,0.8199999928474426,0.83,6,Isolate,29434,benign
243,DQN-TFC (seed=400),DQN-TFC,400,1,0.8426319360733032,0.8399999737739563,0.85,6,Isolate,29457,attack
244,DQN-TFC (seed=400),DQN-TFC,400,0,0.8261587023735046,0.8299999833106995,0.83,6,Isolate,29590,benign
245,DQN-TFC (seed=400),DQN-TFC,400,0,0.8141408562660217,0.8100000023841858,0.82,6,Isolate,29634,benign
246,DQN-TFC (seed=400),DQN-TFC,400,0,0.8041713237762451,0.800000011920929,0.81,6,Isolate,29644,benign
247,DQN-TFC (seed=400),DQN-TFC,400,0,0.8383910655975342,0.8399999737739563,0.84,6,Isolate,29713,benign
248,DQN-TFC (seed=400),DQN-TFC,400,1,0.9029292464256287,0.8999999761581421,0.9,5,Drop,29828,attack
0,DQN-TFC (seed=500),DQN-TFC,500,1,0.879833996295929,0.8799999952316284,0.88,5,Drop,34,attack
1,DQN-TFC (seed=500),DQN-TFC,500,0,0.8099673390388489,0.8100000023841858,0.81,0,Forward,163,benign
2,DQN-TFC (seed=500),DQN-TFC,500,0,0.8290244936943054,0.8299999833106995,0.82,5,Drop,359,benign
3,DQN-TFC (seed=500),DQN-TFC,500,1,0.8779748678207397,0.8799999952316284,0.87,5,Drop,543,attack
4,DQN-TFC (seed=500),DQN-TFC,500,1,0.8908616900444031,0.8899999856948853,0.89,5,Drop,788,attack
5,DQN-TFC (seed=500),DQN-TFC,500,0,0.8184310793876648,0.8199999928474426,0.83,0,Forward,1007,benign
6,DQN-TFC (seed=500),DQN-TFC,500,1,0.8630930185317993,0.8700000047683716,0.86,5,Drop,1077,attack
7,DQN-TFC (seed=500),DQN-TFC,500,0,0.7812010049819946,0.7799999713897705,0.78,0,Forward,1173,benign
8,DQN-TFC (seed=500),DQN-TFC,500,0,0.7988349199295044,0.800000011920929,0.8,0,Forward,1338,benign
9,DQN-TFC (seed=500),DQN-TFC,500,1,0.8783858418464661,0.8799999952316284,0.88,5,Drop,1589,attack
10,DQN-TFC (seed=500),DQN-TFC,500,1,0.9270837903022766,0.9300000071525574,0.93,5,Drop,1711,attack
11,DQN-TFC (seed=500),DQN-TFC,500,1,0.9204261302947998,0.9200000166893005,0.92,5,Drop,1755,attack
12,DQN-TFC (seed=500),DQN-TFC,500,1,0.8790686726570129,0.8799999952316284,0.88,0,Forward,1826,attack
13,DQN-TFC (seed=500),DQN-TFC,500,1,0.8598487377166748,0.8600000143051147,0.86,5,Drop,2303,attack
14,DQN-TFC (seed=500),DQN-TFC,500,1,0.8559197187423706,0.8500000238418579,0.87,0,Forward,2509,attack
15,DQN-TFC (seed=500),DQN-TFC,500,1,0.8448888659477234,0.8399999737739563,0.85,5,Drop,2579,attack
16,DQN-TFC (seed=500),DQN-TFC,500,1,0.8343343138694763,0.8299999833106995,0.85,0,Forward,2704,attack
17,DQN-TFC (seed=500),DQN-TFC,500,1,0.909209668636322,0.9100000262260437,0.91,5,Drop,2984,attack
18,DQN-TFC (seed=500),DQN-TFC,500,1,0.892710268497467,0.8899999856948853,0.89,5,Drop,3042,attack
19,DQN-TFC (seed=500),DQN-TFC,500,0,0.779188334941864,0.7799999713897705,0.78,0,Forward,3187,benign
20,DQN-TFC (seed=500),DQN-TFC,500,0,0.7874859571456909,0.7900000214576721,0.79,0,Forward,3200,benign
21,DQN-TFC (seed=500),DQN-TFC,500,1,0.8884751200675964,0.8899999856948853,0.88,5,Drop,3480,attack
22,DQN-TFC (seed=500),DQN-TFC,500,0,0.8297797441482544,0.8299999833106995,0.83,0,Forward,3603,benign
23,DQN-TFC (seed=500),DQN-TFC,500,1,0.8987791538238525,0.8999999761581421,0.9,5,Drop,4036,attack
24,DQN-TFC (seed=500),DQN-TFC,500,1,0.9100563526153564,0.9100000262260437,0.91,5,Drop,4096,attack
25,DQN-TFC (seed=500),DQN-TFC,500,0,0.7760412693023682,0.7799999713897705,0.78,0,Forward,4223,benign
26,DQN-TFC (seed=500),DQN-TFC,500,0,0.7967140674591064,0.7900000214576721,0.8,0,Forward,4492,benign
27,DQN-TFC (seed=500),DQN-TFC,500,0,0.773356556892395,0.7699999809265137,0.78,0,Forward,4724,benign
28,DQN-TFC (seed=500),DQN-TFC,500,1,0.9137651920318604,0.9100000262260437,0.92,5,Drop,4794,attack
29,DQN-TFC (seed=500),DQN-TFC,500,1,0.8725376129150391,0.8700000047683716,0.88,0,Forward,4856,attack
30,DQN-TFC (seed=500),DQN-TFC,500,1,0.8711929321289062,0.8700000047683716,0.88,0,Forward,4879,attack
31,DQN-TFC (seed=500),DQN-TFC,500,1,0.8682050108909607,0.8700000047683716,0.87,6,Isolate,5004,attack
32,DQN-TFC (seed=500),DQN-TFC,500,1,0.8684120178222656,0.8700000047683716,0.87,6,Isolate,5015,attack
33,DQN-TFC (seed=500),DQN-TFC,500,1,0.9081689715385437,0.9100000262260437,0.91,5,Drop,5100,attack
34,DQN-TFC (seed=500),DQN-TFC,500,1,0.8976726531982422,0.8999999761581421,0.9,5,Drop,5137,attack
35,DQN-TFC (seed=500),DQN-TFC,500,0,0.8373674154281616,0.8399999737739563,0.83,0,Forward,5188,benign
36,DQN-TFC (seed=500),DQN-TFC,500,1,0.862047553062439,0.8600000143051147,0.86,5,Drop,5222,attack
37,DQN-TFC (seed=500),DQN-TFC,500,1,0.8858568668365479,0.8799999952316284,0.89,6,Isolate,5375,attack
38,DQN-TFC (seed=500),DQN-TFC,500,1,0.8564433455467224,0.8500000238418579,0.86,5,Drop,5529,attack
39,DQN-TFC (seed=500),DQN-TFC,500,0,0.8269306421279907,0.8199999928474426,0.83,0,Forward,5615,benign
40,DQN-TFC (seed=500),DQN-TFC,500,0,0.813768208026886,0.8100000023841858,0.8,0,Forward,5691,benign
41,DQN-TFC (seed=500),DQN-TFC,500,0,0.8197215795516968,0.8100000023841858,0.81,0,Forward,5747,benign
42,DQN-TFC (seed=500),DQN-TFC,500,0,0.8220182061195374,0.8100000023841858,0.81,0,Forward,5774,benign
43,DQN-TFC (seed=500),DQN-TFC,500,1,0.8663164377212524,0.8600000143051147,0.86,6,Isolate,5933,attack
44,DQN-TFC (seed=500),DQN-TFC,500,0,0.849316418170929,0.8399999737739563,0.84,6,Isolate,5966,benign
45,DQN-TFC (seed=500),DQN-TFC,500,0,0.8093292713165283,0.800000011920929,0.8,0,Forward,6009,benign
46,DQN-TFC (seed=500),DQN-TFC,500,0,0.8414927124977112,0.8399999737739563,0.83,0,Forward,6047,benign
47,DQN-TFC (seed=500),DQN-TFC,500,0,0.7934058308601379,0.7900000214576721,0.79,0,Forward,6156,benign
48,DQN-TFC (seed=500),DQN-TFC,500,0,0.7934057116508484,0.7900000214576721,0.79,0,Forward,6158,benign
49,DQN-TFC (seed=500),DQN-TFC,500,0,0.8012173175811768,0.800000011920929,0.8,0,Forward,6161,benign
50,DQN-TFC (seed=500),DQN-TFC,500,1,0.8523243069648743,0.8500000238418579,0.85,6,Isolate,6544,attack
51,DQN-TFC (seed=500),DQN-TFC,500,1,0.8538548350334167,0.8500000238418579,0.85,0,Forward,6691,attack
52,DQN-TFC (seed=500),DQN-TFC,500,0,0.8254052996635437,0.8299999833106995,0.83,0,Forward,7158,benign
53,DQN-TFC (seed=500),DQN-TFC,500,0,0.7887188196182251,0.7900000214576721,0.79,0,Forward,7298,benign
54,DQN-TFC (seed=500),DQN-TFC,500,1,0.8693459033966064,0.8700000047683716,0.87,6,Isolate,7805,attack
55,DQN-TFC (seed=500),DQN-TFC,500,0,0.8328465819358826,0.8299999833106995,0.83,0,Forward,7938,benign
56,DQN-TFC (seed=500),DQN-TFC,500,1,0.8672149181365967,0.8700000047683716,0.87,5,Drop,8112,attack
57,DQN-TFC (seed=500),DQN-TFC,500,1,0.8870208859443665,0.8899999856948853,0.89,5,Drop,8169,attack
58,DQN-TFC (seed=500),DQN-TFC,500,1,0.8547448515892029,0.8600000143051147,0.86,0,Forward,8187,attack
59,DQN-TFC (seed=500),DQN-TFC,500,1,0.8655512928962708,0.8700000047683716,0.87,6,Isolate,8323,attack
60,DQN-TFC (seed=500),DQN-TFC,500,0,0.7602249383926392,0.7599999904632568,0.76,0,Forward,8570,benign
61,DQN-TFC (seed=500),DQN-TFC,500,0,0.7500377893447876,0.75,0.75,0,Forward,8585,benign
62,DQN-TFC (seed=500),DQN-TFC,500,0,0.7400667071342468,0.7400000095367432,0.74,0,Forward,8593,benign
63,DQN-TFC (seed=500),DQN-TFC,500,1,0.8890588283538818,0.8899999856948853,0.88,5,Drop,8699,attack
64,DQN-TFC (seed=500),DQN-TFC,500,1,0.8890588879585266,0.8899999856948853,0.88,5,Drop,8700,attack
65,DQN-TFC (seed=500),DQN-TFC,500,0,0.8400719165802002,0.8399999737739563,0.84,6,Isolate,8758,benign
66,DQN-TFC (seed=500),DQN-TFC,500,0,0.800307035446167,0.7900000214576721,0.79,0,Forward,8963,benign
67,DQN-TFC (seed=500),DQN-TFC,500,0,0.8101561069488525,0.8100000023841858,0.81,0,Forward,9413,benign
68,DQN-TFC (seed=500),DQN-TFC,500,1,0.8594833612442017,0.8600000143051147,0.86,6,Isolate,9754,attack
69,DQN-TFC (seed=500),DQN-TFC,500,0,0.8076704144477844,0.8100000023841858,0.81,0,Forward,9871,benign
70,DQN-TFC (seed=500),DQN-TFC,500,0,0.7902960777282715,0.7900000214576721,0.79,0,Forward,9907,benign
71,DQN-TFC (seed=500),DQN-TFC,500,1,0.9019876718521118,0.8999999761581421,0.9,5,Drop,10288,attack
72,DQN-TFC (seed=500),DQN-TFC,500,1,0.8918544054031372,0.8899999856948853,0.89,5,Drop,10301,attack
73,DQN-TFC (seed=500),DQN-TFC,500,1,0.8455605506896973,0.8500000238418579,0.85,5,Drop,10545,attack
74,DQN-TFC (seed=500),DQN-TFC,500,0,0.8055262565612793,0.800000011920929,0.79,0,Forward,10720,benign
75,DQN-TFC (seed=500),DQN-TFC,500,1,0.8840524554252625,0.8700000047683716,0.88,6,Isolate,10844,attack
76,DQN-TFC (seed=500),DQN-TFC,500,1,0.8640789985656738,0.8500000238418579,0.86,6,Isolate,10855,attack
77,DQN-TFC (seed=500),DQN-TFC,500,0,0.7940945625305176,0.7799999713897705,0.79,0,Forward,10888,benign
78,DQN-TFC (seed=500),DQN-TFC,500,0,0.7955327033996582,0.7900000214576721,0.8,0,Forward,10926,benign
79,DQN-TFC (seed=500),DQN-TFC,500,0,0.8359295725822449,0.8299999833106995,0.84,0,Forward,11013,benign
80,DQN-TFC (seed=500),DQN-TFC,500,0,0.8027329444885254,0.7900000214576721,0.79,0,Forward,11177,benign
81,DQN-TFC (seed=500),DQN-TFC,500,0,0.8449897170066833,0.8399999737739563,0.84,0,Forward,11275,benign
82,DQN-TFC (seed=500),DQN-TFC,500,0,0.8350366950035095,0.8299999833106995,0.83,0,Forward,11301,benign
83,DQN-TFC (seed=500),DQN-TFC,500,0,0.8350360989570618,0.8299999833106995,0.83,0,Forward,11302,benign
84,DQN-TFC (seed=500),DQN-TFC,500,0,0.81482994556427,0.8100000023841858,0.81,0,Forward,11352,benign
85,DQN-TFC (seed=500),DQN-TFC,500,1,0.8718368411064148,0.8700000047683716,0.87,6,Isolate,11464,attack
86,DQN-TFC (seed=500),DQN-TFC,500,1,0.8501495122909546,0.8500000238418579,0.86,6,Isolate,11772,attack
87,DQN-TFC (seed=500),DQN-TFC,500,0,0.8084815144538879,0.800000011920929,0.81,0,Forward,11813,benign
88,DQN-TFC (seed=500),DQN-TFC,500,0,0.8098862171173096,0.8100000023841858,0.81,0,Forward,11881,benign
89,DQN-TFC (seed=500),DQN-TFC,500,1,0.8678771257400513,0.8700000047683716,0.86,5,Drop,12061,attack
90,DQN-TFC (seed=500),DQN-TFC,500,0,0.8481305837631226,0.8500000238418579,0.84,5,Drop,12088,benign
91,DQN-TFC (seed=500),DQN-TFC,500,1,0.858406126499176,0.8600000143051147,0.85,6,Isolate,12109,attack
92,DQN-TFC (seed=500),DQN-TFC,500,1,0.8504123091697693,0.8500000238418579,0.85,5,Drop,12137,attack
93,DQN-TFC (seed=500),DQN-TFC,500,0,0.8224881887435913,0.8199999928474426,0.82,0,Forward,12176,benign
94,DQN-TFC (seed=500),DQN-TFC,500,0,0.8422060608863831,0.8399999737739563,0.84,0,Forward,12187,benign
95,DQN-TFC (seed=500),DQN-TFC,500,0,0.8399506211280823,0.8399999737739563,0.84,6,Isolate,12297,benign
96,DQN-TFC (seed=500),DQN-TFC,500,1,0.8687772154808044,0.8700000047683716,0.87,6,Isolate,12464,attack
97,DQN-TFC (seed=500),DQN-TFC,500,1,0.8521358966827393,0.8500000238418579,0.85,6,Isolate,12715,attack
98,DQN-TFC (seed=500),DQN-TFC,500,1,0.8409515619277954,0.8399999737739563,0.85,5,Drop,12891,attack
99,DQN-TFC (seed=500),DQN-TFC,500,1,0.8435349464416504,0.8399999737739563,0.85,0,Forward,12963,attack
100,DQN-TFC (seed=500),DQN-TFC,500,0,0.8321276307106018,0.8299999833106995,0.83,0,Forward,13036,benign
101,DQN-TFC (seed=500),DQN-TFC,500,0,0.8130981922149658,0.8100000023841858,0.81,0,Forward,13047,benign
102,DQN-TFC (seed=500),DQN-TFC,500,0,0.8230418562889099,0.8199999928474426,0.82,0,Forward,13058,benign
103,DQN-TFC (seed=500),DQN-TFC,500,1,0.8648033142089844,0.8600000143051147,0.86,6,Isolate,13189,attack
104,DQN-TFC (seed=500),DQN-TFC,500,1,0.8940011858940125,0.8899999856948853,0.89,6,Isolate,13220,attack
105,DQN-TFC (seed=500),DQN-TFC,500,1,0.8817206621170044,0.8799999952316284,0.89,6,Isolate,13229,attack
106,DQN-TFC (seed=500),DQN-TFC,500,0,0.789798378944397,0.7900000214576721,0.79,0,Forward,13418,benign
107,DQN-TFC (seed=500),DQN-TFC,500,0,0.799791693687439,0.800000011920929,0.8,0,Forward,13422,benign
108,DQN-TFC (seed=500),DQN-TFC,500,1,0.8395397067070007,0.8399999737739563,0.85,0,Forward,13790,attack
109,DQN-TFC (seed=500),DQN-TFC,500,0,0.8311482071876526,0.8299999833106995,0.84,0,Forward,13821,benign
110,DQN-TFC (seed=500),DQN-TFC,500,1,0.8897304534912109,0.8899999856948853,0.89,5,Drop,13896,attack
111,DQN-TFC (seed=500),DQN-TFC,500,1,0.8981784582138062,0.8999999761581421,0.9,5,Drop,13941,attack
112,DQN-TFC (seed=500),DQN-TFC,500,0,0.8418792486190796,0.8500000238418579,0.84,0,Forward,14060,benign
113,DQN-TFC (seed=500),DQN-TFC,500,0,0.8191235065460205,0.8100000023841858,0.8,0,Forward,14233,benign
114,DQN-TFC (seed=500),DQN-TFC,500,1,0.8727867007255554,0.8700000047683716,0.88,6,Isolate,14309,attack
115,DQN-TFC (seed=500),DQN-TFC,500,1,0.859923243522644,0.8600000143051147,0.86,6,Isolate,15051,attack
116,DQN-TFC (seed=500),DQN-TFC,500,1,0.8823280930519104,0.8799999952316284,0.88,5,Drop,15187,attack
117,DQN-TFC (seed=500),DQN-TFC,500,0,0.8324939608573914,0.8299999833106995,0.83,0,Forward,15211,benign
118,DQN-TFC (seed=500),DQN-TFC,500,1,0.8637133836746216,0.8600000143051147,0.86,6,Isolate,15308,attack
119,DQN-TFC (seed=500),DQN-TFC,500,0,0.8160220384597778,0.8100000023841858,0.82,0,Forward,15325,benign
120,DQN-TFC (seed=500),DQN-TFC,500,0,0.754787802696228,0.75,0.76,0,Forward,15412,benign
121,DQN-TFC (seed=500),DQN-TFC,500,1,0.851523756980896,0.8500000238418579,0.85,6,Isolate,15587,attack
122,DQN-TFC (seed=500),DQN-TFC,500,1,0.8701123595237732,0.8700000047683716,0.87,5,Drop,15646,attack
123,DQN-TFC (seed=500),DQN-TFC,500,1,0.8801069855690002,0.8799999952316284,0.88,5,Drop,15647,attack
124,DQN-TFC (seed=500),DQN-TFC,500,1,0.9189636707305908,0.9200000166893005,0.91,6,Isolate,15731,attack
125,DQN-TFC (seed=500),DQN-TFC,500,0,0.8464939594268799,0.8500000238418579,0.84,6,Isolate,16024,benign
126,DQN-TFC (seed=500),DQN-TFC,500,1,0.8612254858016968,0.8600000143051147,0.87,5,Drop,16469,attack
127,DQN-TFC (seed=500),DQN-TFC,500,1,0.8597354292869568,0.8600000143051147,0.87,5,Drop,16492,attack
128,DQN-TFC (seed=500),DQN-TFC,500,1,0.8625316619873047,0.8600000143051147,0.86,6,Isolate,16621,attack
129,DQN-TFC (seed=500),DQN-TFC,500,1,0.8625324964523315,0.8600000143051147,0.86,6,Isolate,16622,attack
130,DQN-TFC (seed=500),DQN-TFC,500,0,0.8334140777587891,0.8299999833106995,0.84,0,Forward,16712,benign
131,DQN-TFC (seed=500),DQN-TFC,500,1,0.8998856544494629,0.8999999761581421,0.9,5,Drop,16856,attack
132,DQN-TFC (seed=500),DQN-TFC,500,1,0.8994457721710205,0.8999999761581421,0.9,5,Drop,16929,attack
133,DQN-TFC (seed=500),DQN-TFC,500,1,0.8741875290870667,0.8700000047683716,0.88,5,Drop,17031,attack
134,DQN-TFC (seed=500),DQN-TFC,500,0,0.8287768363952637,0.8199999928474426,0.84,0,Forward,17229,benign
135,DQN-TFC (seed=500),DQN-TFC,500,0,0.8439942002296448,0.8399999737739563,0.84,6,Isolate,17474,benign
136,DQN-TFC (seed=500),DQN-TFC,500,0,0.8278783559799194,0.8199999928474426,0.82,0,Forward,17678,benign
137,DQN-TFC (seed=500),DQN-TFC,500,0,0.8066718578338623,0.800000011920929,0.8,0,Forward,17719,benign
138,DQN-TFC (seed=500),DQN-TFC,500,0,0.8577614426612854,0.8500000238418579,0.84,6,Isolate,18102,benign
139,DQN-TFC (seed=500),DQN-TFC,500,1,0.8832355737686157,0.8799999952316284,0.87,6,Isolate,18120,attack
140,DQN-TFC (seed=500),DQN-TFC,500,1,0.8787582516670227,0.8799999952316284,0.88,5,Drop,18188,attack
141,DQN-TFC (seed=500),DQN-TFC,500,1,0.9003291130065918,0.8999999761581421,0.9,5,Drop,18373,attack
142,DQN-TFC (seed=500),DQN-TFC,500,0,0.8293827176094055,0.8299999833106995,0.83,0,Forward,18429,benign
143,DQN-TFC (seed=500),DQN-TFC,500,0,0.8019344806671143,0.800000011920929,0.8,0,Forward,18605,benign
144,DQN-TFC (seed=500),DQN-TFC,500,0,0.7719220519065857,0.7699999809265137,0.77,0,Forward,18629,benign
145,DQN-TFC (seed=500),DQN-TFC,500,1,0.8580705523490906,0.8600000143051147,0.86,5,Drop,19034,attack
146,DQN-TFC (seed=500),DQN-TFC,500,1,0.8591589331626892,0.8600000143051147,0.86,6,Isolate,19261,attack
147,DQN-TFC (seed=500),DQN-TFC,500,0,0.8198917508125305,0.8199999928474426,0.82,0,Forward,19568,benign
148,DQN-TFC (seed=500),DQN-TFC,500,0,0.8346434831619263,0.8299999833106995,0.84,0,Forward,19606,benign
149,DQN-TFC (seed=500),DQN-TFC,500,0,0.6925909519195557,0.6899999976158142,0.69,0,Forward,19803,benign
150,DQN-TFC (seed=500),DQN-TFC,500,1,0.8533068895339966,0.8500000238418579,0.85,5,Drop,19973,attack
151,DQN-TFC (seed=500),DQN-TFC,500,1,0.9491422176361084,0.949999988079071,0.95,5,Drop,20134,attack
152,DQN-TFC (seed=500),DQN-TFC,500,1,0.8576992154121399,0.8600000143051147,0.86,5,Drop,20261,attack
153,DQN-TFC (seed=500),DQN-TFC,500,0,0.837689220905304,0.8399999737739563,0.84,0,Forward,20271,benign
154,DQN-TFC (seed=500),DQN-TFC,500,1,0.8698458075523376,0.8700000047683716,0.87,6,Isolate,20328,attack
155,DQN-TFC (seed=500),DQN-TFC,500,1,0.8497189879417419,0.8500000238418579,0.85,6,Isolate,20578,attack
156,DQN-TFC (seed=500),DQN-TFC,500,1,0.8485469818115234,0.8500000238418579,0.85,6,Isolate,20712,attack
157,DQN-TFC (seed=500),DQN-TFC,500,1,0.8510622978210449,0.8500000238418579,0.86,6,Isolate,20838,attack
158,DQN-TFC (seed=500),DQN-TFC,500,0,0.8205698132514954,0.8199999928474426,0.82,0,Forward,20916,benign
159,DQN-TFC (seed=500),DQN-TFC,500,0,0.7999889254570007,0.800000011920929,0.8,0,Forward,21203,benign
160,DQN-TFC (seed=500),DQN-TFC,500,0,0.7922539710998535,0.7900000214576721,0.8,0,Forward,21295,benign
161,DQN-TFC (seed=500),DQN-TFC,500,0,0.7913861870765686,0.7900000214576721,0.8,0,Forward,21299,benign
162,DQN-TFC (seed=500),DQN-TFC,500,0,0.830646812915802,0.8299999833106995,0.84,0,Forward,21508,benign
163,DQN-TFC (seed=500),DQN-TFC,500,1,0.8479499816894531,0.8500000238418579,0.85,5,Drop,21600,attack
164,DQN-TFC (seed=500),DQN-TFC,500,0,0.8187517523765564,0.8199999928474426,0.81,0,Forward,21733,benign
165,DQN-TFC (seed=500),DQN-TFC,500,0,0.7671636343002319,0.7599999904632568,0.76,0,Forward,21806,benign
166,DQN-TFC (seed=500),DQN-TFC,500,1,0.8541373610496521,0.8399999737739563,0.86,6,Isolate,21948,attack
167,DQN-TFC (seed=500),DQN-TFC,500,1,0.876903235912323,0.8700000047683716,0.87,6,Isolate,22082,attack
168,DQN-TFC (seed=500),DQN-TFC,500,1,0.9052704572677612,0.8999999761581421,0.9,5,Drop,22110,attack
169,DQN-TFC (seed=500),DQN-TFC,500,0,0.8391054272651672,0.8399999737739563,0.83,0,Forward,22171,benign
170,DQN-TFC (seed=500),DQN-TFC,500,1,0.8498303294181824,0.8500000238418579,0.85,6,Isolate,22284,attack
171,DQN-TFC (seed=500),DQN-TFC,500,1,0.8491634130477905,0.8500000238418579,0.85,6,Isolate,22317,attack
172,DQN-TFC (seed=500),DQN-TFC,500,1,0.8691211938858032,0.8700000047683716,0.87,5,Drop,22329,attack
173,DQN-TFC (seed=500),DQN-TFC,500,1,0.8876321911811829,0.8899999856948853,0.89,6,Isolate,22468,attack
174,DQN-TFC (seed=500),DQN-TFC,500,1,0.8775237202644348,0.8799999952316284,0.88,5,Drop,22501,attack
175,DQN-TFC (seed=500),DQN-TFC,500,0,0.8302080035209656,0.8299999833106995,0.83,0,Forward,22708,benign
176,DQN-TFC (seed=500),DQN-TFC,500,1,0.8703062534332275,0.8700000047683716,0.87,6,Isolate,22853,attack
177,DQN-TFC (seed=500),DQN-TFC,500,0,0.8237143158912659,0.8199999928474426,0.82,0,Forward,22944,benign
178,DQN-TFC (seed=500),DQN-TFC,500,1,0.8696657419204712,0.8600000143051147,0.86,5,Drop,23025,attack
179,DQN-TFC (seed=500),DQN-TFC,500,1,0.8847257494926453,0.8799999952316284,0.88,6,Isolate,23094,attack
180,DQN-TFC (seed=500),DQN-TFC,500,1,0.8747749924659729,0.8700000047683716,0.87,6,Isolate,23112,attack
181,DQN-TFC (seed=500),DQN-TFC,500,0,0.8125288486480713,0.8100000023841858,0.81,0,Forward,23209,benign
182,DQN-TFC (seed=500),DQN-TFC,500,0,0.8284656405448914,0.8299999833106995,0.83,0,Forward,23431,benign
183,DQN-TFC (seed=500),DQN-TFC,500,1,0.8589532971382141,0.8600000143051147,0.86,6,Isolate,23733,attack
184,DQN-TFC (seed=500),DQN-TFC,500,1,0.8488499522209167,0.8500000238418579,0.85,6,Isolate,23759,attack
185,DQN-TFC (seed=500),DQN-TFC,500,0,0.8388105034828186,0.8399999737739563,0.84,6,Isolate,23778,benign
186,DQN-TFC (seed=500),DQN-TFC,500,0,0.8340607285499573,0.8299999833106995,0.83,5,Drop,23811,benign
187,DQN-TFC (seed=500),DQN-TFC,500,0,0.8036412000656128,0.800000011920929,0.8,0,Forward,24133,benign
188,DQN-TFC (seed=500),DQN-TFC,500,0,0.7837530374526978,0.7799999713897705,0.78,0,Forward,24191,benign
189,DQN-TFC (seed=500),DQN-TFC,500,0,0.7800889611244202,0.7799999713897705,0.78,0,Forward,24211,benign
190,DQN-TFC (seed=500),DQN-TFC,500,1,0.8676241040229797,0.8600000143051147,0.87,6,Isolate,24373,attack
191,DQN-TFC (seed=500),DQN-TFC,500,0,0.8401661515235901,0.8399999737739563,0.84,5,Drop,24560,benign
192,DQN-TFC (seed=500),DQN-TFC,500,1,0.8799384832382202,0.8799999952316284,0.88,5,Drop,24613,attack
193,DQN-TFC (seed=500),DQN-TFC,500,1,0.889945924282074,0.8899999856948853,0.89,5,Drop,24618,attack
194,DQN-TFC (seed=500),DQN-TFC,500,1,0.8958290219306946,0.8899999856948853,0.91,5,Drop,24726,attack
195,DQN-TFC (seed=500),DQN-TFC,500,1,0.8804629445075989,0.8799999952316284,0.88,5,Drop,24772,attack
196,DQN-TFC (seed=500),DQN-TFC,500,0,0.843108594417572,0.8399999737739563,0.84,6,Isolate,24837,benign
197,DQN-TFC (seed=500),DQN-TFC,500,0,0.8299122452735901,0.8299999833106995,0.83,0,Forward,24967,benign
198,DQN-TFC (seed=500),DQN-TFC,500,0,0.8168489336967468,0.8199999928474426,0.82,0,Forward,24996,benign
199,DQN-TFC (seed=500),DQN-TFC,500,0,0.7699838280677795,0.7599999904632568,0.77,0,Forward,25212,benign
200,DQN-TFC (seed=500),DQN-TFC,500,1,0.8604229688644409,0.8600000143051147,0.86,6,Isolate,25323,attack
201,DQN-TFC (seed=500),DQN-TFC,500,1,0.8699449300765991,0.8700000047683716,0.87,5,Drop,25341,attack
202,DQN-TFC (seed=500),DQN-TFC,500,0,0.7626132369041443,0.7599999904632568,0.76,0,Forward,25525,benign
203,DQN-TFC (seed=500),DQN-TFC,500,0,0.7826955914497375,0.7799999713897705,0.78,0,Forward,25624,benign
204,DQN-TFC (seed=500),DQN-TFC,500,1,0.8601194024085999,0.8600000143051147,0.86,6,Isolate,25753,attack
205,DQN-TFC (seed=500),DQN-TFC,500,1,0.8498777151107788,0.8500000238418579,0.85,6,Isolate,25855,attack
206,DQN-TFC (seed=500),DQN-TFC,500,1,0.8552750945091248,0.8600000143051147,0.85,5,Drop,25924,attack
207,DQN-TFC (seed=500),DQN-TFC,500,1,0.8599913120269775,0.8600000143051147,0.86,6,Isolate,26023,attack
208,DQN-TFC (seed=500),DQN-TFC,500,0,0.8406216502189636,0.8399999737739563,0.84,0,Forward,26138,benign
209,DQN-TFC (seed=500),DQN-TFC,500,0,0.8106439113616943,0.8100000023841858,0.81,0,Forward,26215,benign
210,DQN-TFC (seed=500),DQN-TFC,500,1,0.8734425902366638,0.8700000047683716,0.88,6,Isolate,26320,attack
211,DQN-TFC (seed=500),DQN-TFC,500,1,0.8734425902366638,0.8700000047683716,0.88,6,Isolate,26321,attack
212,DQN-TFC (seed=500),DQN-TFC,500,0,0.8274185657501221,0.8199999928474426,0.82,0,Forward,26485,benign
213,DQN-TFC (seed=500),DQN-TFC,500,0,0.7977456450462341,0.7900000214576721,0.8,0,Forward,26629,benign
214,DQN-TFC (seed=500),DQN-TFC,500,0,0.7860429883003235,0.7799999713897705,0.79,0,Forward,26652,benign
215,DQN-TFC (seed=500),DQN-TFC,500,0,0.8211085796356201,0.8199999928474426,0.82,0,Forward,27007,benign
216,DQN-TFC (seed=500),DQN-TFC,500,0,0.8113611340522766,0.8100000023841858,0.81,0,Forward,27027,benign
217,DQN-TFC (seed=500),DQN-TFC,500,0,0.8113600015640259,0.8100000023841858,0.81,0,Forward,27028,benign
218,DQN-TFC (seed=500),DQN-TFC,500,1,0.8569684028625488,0.8500000238418579,0.86,6,Isolate,27099,attack
219,DQN-TFC (seed=500),DQN-TFC,500,1,0.8499709963798523,0.8500000238418579,0.85,6,Isolate,27290,attack
220,DQN-TFC (seed=500),DQN-TFC,500,0,0.8199859857559204,0.8199999928474426,0.82,0,Forward,27385,benign
221,DQN-TFC (seed=500),DQN-TFC,500,0,0.8246893286705017,0.8199999928474426,0.82,0,Forward,27475,benign
222,DQN-TFC (seed=500),DQN-TFC,500,1,0.8756607174873352,0.8799999952316284,0.88,5,Drop,27647,attack
223,DQN-TFC (seed=500),DQN-TFC,500,1,0.8587411642074585,0.8600000143051147,0.86,5,Drop,27708,attack
224,DQN-TFC (seed=500),DQN-TFC,500,0,0.8176383972167969,0.8199999928474426,0.81,0,Forward,27800,benign
225,DQN-TFC (seed=500),DQN-TFC,500,0,0.8300334215164185,0.8299999833106995,0.82,0,Forward,27874,benign
226,DQN-TFC (seed=500),DQN-TFC,500,1,0.8468767404556274,0.8399999737739563,0.85,5,Drop,28068,attack
227,DQN-TFC (seed=500),DQN-TFC,500,0,0.8368855118751526,0.8299999833106995,0.84,0,Forward,28073,benign
228,DQN-TFC (seed=500),DQN-TFC,500,1,0.879469096660614,0.8799999952316284,0.87,6,Isolate,28281,attack
229,DQN-TFC (seed=500),DQN-TFC,500,0,0.8395709991455078,0.8399999737739563,0.83,6,Isolate,28318,benign
230,DQN-TFC (seed=500),DQN-TFC,500,0,0.8398676514625549,0.8399999737739563,0.84,5,Drop,28618,benign
231,DQN-TFC (seed=500),DQN-TFC,500,0,0.824093222618103,0.8199999928474426,0.83,0,Forward,28794,benign
232,DQN-TFC (seed=500),DQN-TFC,500,0,0.8240866661071777,0.8199999928474426,0.83,0,Forward,28804,benign
233,DQN-TFC (seed=500),DQN-TFC,500,1,0.8526306748390198,0.8500000238418579,0.85,6,Isolate,28906,attack
234,DQN-TFC (seed=500),DQN-TFC,500,1,0.8526313900947571,0.8500000238418579,0.85,6,Isolate,28907,attack
235,DQN-TFC (seed=500),DQN-TFC,500,1,0.8500974178314209,0.8500000238418579,0.85,0,Forward,29018,attack
236,DQN-TFC (seed=500),DQN-TFC,500,0,0.8424707651138306,0.8399999737739563,0.84,0,Forward,29042,benign
237,DQN-TFC (seed=500),DQN-TFC,500,0,0.8119410872459412,0.8100000023841858,0.81,0,Forward,29145,benign
238,DQN-TFC (seed=500),DQN-TFC,500,0,0.8217334747314453,0.8199999928474426,0.82,0,Forward,29234,benign
239,DQN-TFC (seed=500),DQN-TFC,500,0,0.8317458629608154,0.8299999833106995,0.83,0,Forward,29238,benign
240,DQN-TFC (seed=500),DQN-TFC,500,0,0.8088564872741699,0.8100000023841858,0.81,0,Forward,29334,benign
241,DQN-TFC (seed=500),DQN-TFC,500,1,0.8475148677825928,0.8500000238418579,0.85,6,Isolate,29394,attack
242,DQN-TFC (seed=500),DQN-TFC,500,0,0.8201691508293152,0.8199999928474426,0.83,0,Forward,29434,benign
243,DQN-TFC (seed=500),DQN-TFC,500,1,0.8426319360733032,0.8399999737739563,0.85,5,Drop,29457,attack
244,DQN-TFC (seed=500),DQN-TFC,500,0,0.8261587023735046,0.8299999833106995,0.83,0,Forward,29590,benign
245,DQN-TFC (seed=500),DQN-TFC,500,0,0.8141408562660217,0.8100000023841858,0.82,0,Forward,29634,benign
246,DQN-TFC (seed=500),DQN-TFC,500,0,0.8041713237762451,0.800000011920929,0.81,0,Forward,29644,benign
247,DQN-TFC (seed=500),DQN-TFC,500,0,0.8383910655975342,0.8399999737739563,0.84,0,Forward,29713,benign
248,DQN-TFC (seed=500),DQN-TFC,500,1,0.9029292464256287,0.8999999761581421,0.9,5,Drop,29828,attack
0,DQN-TFC (seed=600),DQN-TFC,600,1,0.879833996295929,0.8799999952316284,0.88,0,Forward,34,attack
1,DQN-TFC (seed=600),DQN-TFC,600,0,0.8099673390388489,0.8100000023841858,0.81,0,Forward,163,benign
2,DQN-TFC (seed=600),DQN-TFC,600,0,0.8290244936943054,0.8299999833106995,0.82,6,Isolate,359,benign
3,DQN-TFC (seed=600),DQN-TFC,600,1,0.8779748678207397,0.8799999952316284,0.87,0,Forward,543,attack
4,DQN-TFC (seed=600),DQN-TFC,600,1,0.8908616900444031,0.8899999856948853,0.89,0,Forward,788,attack
5,DQN-TFC (seed=600),DQN-TFC,600,0,0.8184310793876648,0.8199999928474426,0.83,0,Forward,1007,benign
6,DQN-TFC (seed=600),DQN-TFC,600,1,0.8630930185317993,0.8700000047683716,0.86,6,Isolate,1077,attack
7,DQN-TFC (seed=600),DQN-TFC,600,0,0.7812010049819946,0.7799999713897705,0.78,0,Forward,1173,benign
8,DQN-TFC (seed=600),DQN-TFC,600,0,0.7988349199295044,0.800000011920929,0.8,0,Forward,1338,benign
9,DQN-TFC (seed=600),DQN-TFC,600,1,0.8783858418464661,0.8799999952316284,0.88,3,Throttle,1589,attack
10,DQN-TFC (seed=600),DQN-TFC,600,1,0.9270837903022766,0.9300000071525574,0.93,6,Isolate,1711,attack
11,DQN-TFC (seed=600),DQN-TFC,600,1,0.9204261302947998,0.9200000166893005,0.92,6,Isolate,1755,attack
12,DQN-TFC (seed=600),DQN-TFC,600,1,0.8790686726570129,0.8799999952316284,0.88,0,Forward,1826,attack
13,DQN-TFC (seed=600),DQN-TFC,600,1,0.8598487377166748,0.8600000143051147,0.86,6,Isolate,2303,attack
14,DQN-TFC (seed=600),DQN-TFC,600,1,0.8559197187423706,0.8500000238418579,0.87,0,Forward,2509,attack
15,DQN-TFC (seed=600),DQN-TFC,600,1,0.8448888659477234,0.8399999737739563,0.85,6,Isolate,2579,attack
16,DQN-TFC (seed=600),DQN-TFC,600,1,0.8343343138694763,0.8299999833106995,0.85,0,Forward,2704,attack
17,DQN-TFC (seed=600),DQN-TFC,600,1,0.909209668636322,0.9100000262260437,0.91,0,Forward,2984,attack
18,DQN-TFC (seed=600),DQN-TFC,600,1,0.892710268497467,0.8899999856948853,0.89,6,Isolate,3042,attack
19,DQN-TFC (seed=600),DQN-TFC,600,0,0.779188334941864,0.7799999713897705,0.78,0,Forward,3187,benign
20,DQN-TFC (seed=600),DQN-TFC,600,0,0.7874859571456909,0.7900000214576721,0.79,5,Drop,3200,benign
21,DQN-TFC (seed=600),DQN-TFC,600,1,0.8884751200675964,0.8899999856948853,0.88,6,Isolate,3480,attack
22,DQN-TFC (seed=600),DQN-TFC,600,0,0.8297797441482544,0.8299999833106995,0.83,0,Forward,3603,benign
23,DQN-TFC (seed=600),DQN-TFC,600,1,0.8987791538238525,0.8999999761581421,0.9,5,Drop,4036,attack
24,DQN-TFC (seed=600),DQN-TFC,600,1,0.9100563526153564,0.9100000262260437,0.91,6,Isolate,4096,attack
25,DQN-TFC (seed=600),DQN-TFC,600,0,0.7760412693023682,0.7799999713897705,0.78,0,Forward,4223,benign
26,DQN-TFC (seed=600),DQN-TFC,600,0,0.7967140674591064,0.7900000214576721,0.8,0,Forward,4492,benign
27,DQN-TFC (seed=600),DQN-TFC,600,0,0.773356556892395,0.7699999809265137,0.78,0,Forward,4724,benign
28,DQN-TFC (seed=600),DQN-TFC,600,1,0.9137651920318604,0.9100000262260437,0.92,0,Forward,4794,attack
29,DQN-TFC (seed=600),DQN-TFC,600,1,0.8725376129150391,0.8700000047683716,0.88,0,Forward,4856,attack
30,DQN-TFC (seed=600),DQN-TFC,600,1,0.8711929321289062,0.8700000047683716,0.88,5,Drop,4879,attack
31,DQN-TFC (seed=600),DQN-TFC,600,1,0.8682050108909607,0.8700000047683716,0.87,5,Drop,5004,attack
32,DQN-TFC (seed=600),DQN-TFC,600,1,0.8684120178222656,0.8700000047683716,0.87,5,Drop,5015,attack
33,DQN-TFC (seed=600),DQN-TFC,600,1,0.9081689715385437,0.9100000262260437,0.91,5,Drop,5100,attack
34,DQN-TFC (seed=600),DQN-TFC,600,1,0.8976726531982422,0.8999999761581421,0.9,5,Drop,5137,attack
35,DQN-TFC (seed=600),DQN-TFC,600,0,0.8373674154281616,0.8399999737739563,0.83,5,Drop,5188,benign
36,DQN-TFC (seed=600),DQN-TFC,600,1,0.862047553062439,0.8600000143051147,0.86,5,Drop,5222,attack
37,DQN-TFC (seed=600),DQN-TFC,600,1,0.8858568668365479,0.8799999952316284,0.89,5,Drop,5375,attack
38,DQN-TFC (seed=600),DQN-TFC,600,1,0.8564433455467224,0.8500000238418579,0.86,5,Drop,5529,attack
39,DQN-TFC (seed=600),DQN-TFC,600,0,0.8269306421279907,0.8199999928474426,0.83,5,Drop,5615,benign
40,DQN-TFC (seed=600),DQN-TFC,600,0,0.813768208026886,0.8100000023841858,0.8,5,Drop,5691,benign
41,DQN-TFC (seed=600),DQN-TFC,600,0,0.8197215795516968,0.8100000023841858,0.81,0,Forward,5747,benign
42,DQN-TFC (seed=600),DQN-TFC,600,0,0.8220182061195374,0.8100000023841858,0.81,0,Forward,5774,benign
43,DQN-TFC (seed=600),DQN-TFC,600,1,0.8663164377212524,0.8600000143051147,0.86,5,Drop,5933,attack
44,DQN-TFC (seed=600),DQN-TFC,600,0,0.849316418170929,0.8399999737739563,0.84,5,Drop,5966,benign
45,DQN-TFC (seed=600),DQN-TFC,600,0,0.8093292713165283,0.800000011920929,0.8,5,Drop,6009,benign
46,DQN-TFC (seed=600),DQN-TFC,600,0,0.8414927124977112,0.8399999737739563,0.83,5,Drop,6047,benign
47,DQN-TFC (seed=600),DQN-TFC,600,0,0.7934058308601379,0.7900000214576721,0.79,0,Forward,6156,benign
48,DQN-TFC (seed=600),DQN-TFC,600,0,0.7934057116508484,0.7900000214576721,0.79,0,Forward,6158,benign
49,DQN-TFC (seed=600),DQN-TFC,600,0,0.8012173175811768,0.800000011920929,0.8,0,Forward,6161,benign
50,DQN-TFC (seed=600),DQN-TFC,600,1,0.8523243069648743,0.8500000238418579,0.85,5,Drop,6544,attack
51,DQN-TFC (seed=600),DQN-TFC,600,1,0.8538548350334167,0.8500000238418579,0.85,5,Drop,6691,attack
52,DQN-TFC (seed=600),DQN-TFC,600,0,0.8254052996635437,0.8299999833106995,0.83,0,Forward,7158,benign
53,DQN-TFC (seed=600),DQN-TFC,600,0,0.7887188196182251,0.7900000214576721,0.79,0,Forward,7298,benign
54,DQN-TFC (seed=600),DQN-TFC,600,1,0.8693459033966064,0.8700000047683716,0.87,5,Drop,7805,attack
55,DQN-TFC (seed=600),DQN-TFC,600,0,0.8328465819358826,0.8299999833106995,0.83,5,Drop,7938,benign
56,DQN-TFC (seed=600),DQN-TFC,600,1,0.8672149181365967,0.8700000047683716,0.87,5,Drop,8112,attack
57,DQN-TFC (seed=600),DQN-TFC,600,1,0.8870208859443665,0.8899999856948853,0.89,5,Drop,8169,attack
58,DQN-TFC (seed=600),DQN-TFC,600,1,0.8547448515892029,0.8600000143051147,0.86,5,Drop,8187,attack
59,DQN-TFC (seed=600),DQN-TFC,600,1,0.8655512928962708,0.8700000047683716,0.87,5,Drop,8323,attack
60,DQN-TFC (seed=600),DQN-TFC,600,0,0.7602249383926392,0.7599999904632568,0.76,0,Forward,8570,benign
61,DQN-TFC (seed=600),DQN-TFC,600,0,0.7500377893447876,0.75,0.75,0,Forward,8585,benign
62,DQN-TFC (seed=600),DQN-TFC,600,0,0.7400667071342468,0.7400000095367432,0.74,0,Forward,8593,benign
63,DQN-TFC (seed=600),DQN-TFC,600,1,0.8890588283538818,0.8899999856948853,0.88,5,Drop,8699,attack
64,DQN-TFC (seed=600),DQN-TFC,600,1,0.8890588879585266,0.8899999856948853,0.88,5,Drop,8700,attack
65,DQN-TFC (seed=600),DQN-TFC,600,0,0.8400719165802002,0.8399999737739563,0.84,5,Drop,8758,benign
66,DQN-TFC (seed=600),DQN-TFC,600,0,0.800307035446167,0.7900000214576721,0.79,0,Forward,8963,benign
67,DQN-TFC (seed=600),DQN-TFC,600,0,0.8101561069488525,0.8100000023841858,0.81,0,Forward,9413,benign
68,DQN-TFC (seed=600),DQN-TFC,600,1,0.8594833612442017,0.8600000143051147,0.86,5,Drop,9754,attack
69,DQN-TFC (seed=600),DQN-TFC,600,0,0.8076704144477844,0.8100000023841858,0.81,0,Forward,9871,benign
70,DQN-TFC (seed=600),DQN-TFC,600,0,0.7902960777282715,0.7900000214576721,0.79,0,Forward,9907,benign
71,DQN-TFC (seed=600),DQN-TFC,600,1,0.9019876718521118,0.8999999761581421,0.9,5,Drop,10288,attack
72,DQN-TFC (seed=600),DQN-TFC,600,1,0.8918544054031372,0.8899999856948853,0.89,5,Drop,10301,attack
73,DQN-TFC (seed=600),DQN-TFC,600,1,0.8455605506896973,0.8500000238418579,0.85,5,Drop,10545,attack
74,DQN-TFC (seed=600),DQN-TFC,600,0,0.8055262565612793,0.800000011920929,0.79,0,Forward,10720,benign
75,DQN-TFC (seed=600),DQN-TFC,600,1,0.8840524554252625,0.8700000047683716,0.88,5,Drop,10844,attack
76,DQN-TFC (seed=600),DQN-TFC,600,1,0.8640789985656738,0.8500000238418579,0.86,5,Drop,10855,attack
77,DQN-TFC (seed=600),DQN-TFC,600,0,0.7940945625305176,0.7799999713897705,0.79,0,Forward,10888,benign
78,DQN-TFC (seed=600),DQN-TFC,600,0,0.7955327033996582,0.7900000214576721,0.8,0,Forward,10926,benign
79,DQN-TFC (seed=600),DQN-TFC,600,0,0.8359295725822449,0.8299999833106995,0.84,0,Forward,11013,benign
80,DQN-TFC (seed=600),DQN-TFC,600,0,0.8027329444885254,0.7900000214576721,0.79,0,Forward,11177,benign
81,DQN-TFC (seed=600),DQN-TFC,600,0,0.8449897170066833,0.8399999737739563,0.84,5,Drop,11275,benign
82,DQN-TFC (seed=600),DQN-TFC,600,0,0.8350366950035095,0.8299999833106995,0.83,5,Drop,11301,benign
83,DQN-TFC (seed=600),DQN-TFC,600,0,0.8350360989570618,0.8299999833106995,0.83,5,Drop,11302,benign
84,DQN-TFC (seed=600),DQN-TFC,600,0,0.81482994556427,0.8100000023841858,0.81,0,Forward,11352,benign
85,DQN-TFC (seed=600),DQN-TFC,600,1,0.8718368411064148,0.8700000047683716,0.87,5,Drop,11464,attack
86,DQN-TFC (seed=600),DQN-TFC,600,1,0.8501495122909546,0.8500000238418579,0.86,5,Drop,11772,attack
87,DQN-TFC (seed=600),DQN-TFC,600,0,0.8084815144538879,0.800000011920929,0.81,0,Forward,11813,benign
88,DQN-TFC (seed=600),DQN-TFC,600,0,0.8098862171173096,0.8100000023841858,0.81,0,Forward,11881,benign
89,DQN-TFC (seed=600),DQN-TFC,600,1,0.8678771257400513,0.8700000047683716,0.86,5,Drop,12061,attack
90,DQN-TFC (seed=600),DQN-TFC,600,0,0.8481305837631226,0.8500000238418579,0.84,5,Drop,12088,benign
91,DQN-TFC (seed=600),DQN-TFC,600,1,0.858406126499176,0.8600000143051147,0.85,5,Drop,12109,attack
92,DQN-TFC (seed=600),DQN-TFC,600,1,0.8504123091697693,0.8500000238418579,0.85,5,Drop,12137,attack
93,DQN-TFC (seed=600),DQN-TFC,600,0,0.8224881887435913,0.8199999928474426,0.82,0,Forward,12176,benign
94,DQN-TFC (seed=600),DQN-TFC,600,0,0.8422060608863831,0.8399999737739563,0.84,0,Forward,12187,benign
95,DQN-TFC (seed=600),DQN-TFC,600,0,0.8399506211280823,0.8399999737739563,0.84,5,Drop,12297,benign
96,DQN-TFC (seed=600),DQN-TFC,600,1,0.8687772154808044,0.8700000047683716,0.87,5,Drop,12464,attack
97,DQN-TFC (seed=600),DQN-TFC,600,1,0.8521358966827393,0.8500000238418579,0.85,5,Drop,12715,attack
98,DQN-TFC (seed=600),DQN-TFC,600,1,0.8409515619277954,0.8399999737739563,0.85,5,Drop,12891,attack
99,DQN-TFC (seed=600),DQN-TFC,600,1,0.8435349464416504,0.8399999737739563,0.85,0,Forward,12963,attack
100,DQN-TFC (seed=600),DQN-TFC,600,0,0.8321276307106018,0.8299999833106995,0.83,0,Forward,13036,benign
101,DQN-TFC (seed=600),DQN-TFC,600,0,0.8130981922149658,0.8100000023841858,0.81,0,Forward,13047,benign
102,DQN-TFC (seed=600),DQN-TFC,600,0,0.8230418562889099,0.8199999928474426,0.82,0,Forward,13058,benign
103,DQN-TFC (seed=600),DQN-TFC,600,1,0.8648033142089844,0.8600000143051147,0.86,5,Drop,13189,attack
104,DQN-TFC (seed=600),DQN-TFC,600,1,0.8940011858940125,0.8899999856948853,0.89,5,Drop,13220,attack
105,DQN-TFC (seed=600),DQN-TFC,600,1,0.8817206621170044,0.8799999952316284,0.89,5,Drop,13229,attack
106,DQN-TFC (seed=600),DQN-TFC,600,0,0.789798378944397,0.7900000214576721,0.79,0,Forward,13418,benign
107,DQN-TFC (seed=600),DQN-TFC,600,0,0.799791693687439,0.800000011920929,0.8,0,Forward,13422,benign
108,DQN-TFC (seed=600),DQN-TFC,600,1,0.8395397067070007,0.8399999737739563,0.85,0,Forward,13790,attack
109,DQN-TFC (seed=600),DQN-TFC,600,0,0.8311482071876526,0.8299999833106995,0.84,0,Forward,13821,benign
110,DQN-TFC (seed=600),DQN-TFC,600,1,0.8897304534912109,0.8899999856948853,0.89,5,Drop,13896,attack
111,DQN-TFC (seed=600),DQN-TFC,600,1,0.8981784582138062,0.8999999761581421,0.9,5,Drop,13941,attack
112,DQN-TFC (seed=600),DQN-TFC,600,0,0.8418792486190796,0.8500000238418579,0.84,0,Forward,14060,benign
113,DQN-TFC (seed=600),DQN-TFC,600,0,0.8191235065460205,0.8100000023841858,0.8,0,Forward,14233,benign
114,DQN-TFC (seed=600),DQN-TFC,600,1,0.8727867007255554,0.8700000047683716,0.88,5,Drop,14309,attack
115,DQN-TFC (seed=600),DQN-TFC,600,1,0.859923243522644,0.8600000143051147,0.86,5,Drop,15051,attack
116,DQN-TFC (seed=600),DQN-TFC,600,1,0.8823280930519104,0.8799999952316284,0.88,5,Drop,15187,attack
117,DQN-TFC (seed=600),DQN-TFC,600,0,0.8324939608573914,0.8299999833106995,0.83,0,Forward,15211,benign
118,DQN-TFC (seed=600),DQN-TFC,600,1,0.8637133836746216,0.8600000143051147,0.86,5,Drop,15308,attack
119,DQN-TFC (seed=600),DQN-TFC,600,0,0.8160220384597778,0.8100000023841858,0.82,0,Forward,15325,benign
120,DQN-TFC (seed=600),DQN-TFC,600,0,0.754787802696228,0.75,0.76,0,Forward,15412,benign
121,DQN-TFC (seed=600),DQN-TFC,600,1,0.851523756980896,0.8500000238418579,0.85,5,Drop,15587,attack
122,DQN-TFC (seed=600),DQN-TFC,600,1,0.8701123595237732,0.8700000047683716,0.87,5,Drop,15646,attack
123,DQN-TFC (seed=600),DQN-TFC,600,1,0.8801069855690002,0.8799999952316284,0.88,5,Drop,15647,attack
124,DQN-TFC (seed=600),DQN-TFC,600,1,0.9189636707305908,0.9200000166893005,0.91,5,Drop,15731,attack
125,DQN-TFC (seed=600),DQN-TFC,600,0,0.8464939594268799,0.8500000238418579,0.84,5,Drop,16024,benign
126,DQN-TFC (seed=600),DQN-TFC,600,1,0.8612254858016968,0.8600000143051147,0.87,5,Drop,16469,attack
127,DQN-TFC (seed=600),DQN-TFC,600,1,0.8597354292869568,0.8600000143051147,0.87,5,Drop,16492,attack
128,DQN-TFC (seed=600),DQN-TFC,600,1,0.8625316619873047,0.8600000143051147,0.86,5,Drop,16621,attack
129,DQN-TFC (seed=600),DQN-TFC,600,1,0.8625324964523315,0.8600000143051147,0.86,5,Drop,16622,attack
130,DQN-TFC (seed=600),DQN-TFC,600,0,0.8334140777587891,0.8299999833106995,0.84,5,Drop,16712,benign
131,DQN-TFC (seed=600),DQN-TFC,600,1,0.8998856544494629,0.8999999761581421,0.9,5,Drop,16856,attack
132,DQN-TFC (seed=600),DQN-TFC,600,1,0.8994457721710205,0.8999999761581421,0.9,5,Drop,16929,attack
133,DQN-TFC (seed=600),DQN-TFC,600,1,0.8741875290870667,0.8700000047683716,0.88,5,Drop,17031,attack
134,DQN-TFC (seed=600),DQN-TFC,600,0,0.8287768363952637,0.8199999928474426,0.84,0,Forward,17229,benign
135,DQN-TFC (seed=600),DQN-TFC,600,0,0.8439942002296448,0.8399999737739563,0.84,5,Drop,17474,benign
136,DQN-TFC (seed=600),DQN-TFC,600,0,0.8278783559799194,0.8199999928474426,0.82,0,Forward,17678,benign
137,DQN-TFC (seed=600),DQN-TFC,600,0,0.8066718578338623,0.800000011920929,0.8,0,Forward,17719,benign
138,DQN-TFC (seed=600),DQN-TFC,600,0,0.8577614426612854,0.8500000238418579,0.84,5,Drop,18102,benign
139,DQN-TFC (seed=600),DQN-TFC,600,1,0.8832355737686157,0.8799999952316284,0.87,5,Drop,18120,attack
140,DQN-TFC (seed=600),DQN-TFC,600,1,0.8787582516670227,0.8799999952316284,0.88,5,Drop,18188,attack
141,DQN-TFC (seed=600),DQN-TFC,600,1,0.9003291130065918,0.8999999761581421,0.9,5,Drop,18373,attack
142,DQN-TFC (seed=600),DQN-TFC,600,0,0.8293827176094055,0.8299999833106995,0.83,0,Forward,18429,benign
143,DQN-TFC (seed=600),DQN-TFC,600,0,0.8019344806671143,0.800000011920929,0.8,0,Forward,18605,benign
144,DQN-TFC (seed=600),DQN-TFC,600,0,0.7719220519065857,0.7699999809265137,0.77,0,Forward,18629,benign
145,DQN-TFC (seed=600),DQN-TFC,600,1,0.8580705523490906,0.8600000143051147,0.86,5,Drop,19034,attack
146,DQN-TFC (seed=600),DQN-TFC,600,1,0.8591589331626892,0.8600000143051147,0.86,5,Drop,19261,attack
147,DQN-TFC (seed=600),DQN-TFC,600,0,0.8198917508125305,0.8199999928474426,0.82,0,Forward,19568,benign
148,DQN-TFC (seed=600),DQN-TFC,600,0,0.8346434831619263,0.8299999833106995,0.84,0,Forward,19606,benign
149,DQN-TFC (seed=600),DQN-TFC,600,0,0.6925909519195557,0.6899999976158142,0.69,0,Forward,19803,benign
150,DQN-TFC (seed=600),DQN-TFC,600,1,0.8533068895339966,0.8500000238418579,0.85,5,Drop,19973,attack
151,DQN-TFC (seed=600),DQN-TFC,600,1,0.9491422176361084,0.949999988079071,0.95,5,Drop,20134,attack
152,DQN-TFC (seed=600),DQN-TFC,600,1,0.8576992154121399,0.8600000143051147,0.86,5,Drop,20261,attack
153,DQN-TFC (seed=600),DQN-TFC,600,0,0.837689220905304,0.8399999737739563,0.84,5,Drop,20271,benign
154,DQN-TFC (seed=600),DQN-TFC,600,1,0.8698458075523376,0.8700000047683716,0.87,5,Drop,20328,attack
155,DQN-TFC (seed=600),DQN-TFC,600,1,0.8497189879417419,0.8500000238418579,0.85,5,Drop,20578,attack
156,DQN-TFC (seed=600),DQN-TFC,600,1,0.8485469818115234,0.8500000238418579,0.85,5,Drop,20712,attack
157,DQN-TFC (seed=600),DQN-TFC,600,1,0.8510622978210449,0.8500000238418579,0.86,5,Drop,20838,attack
158,DQN-TFC (seed=600),DQN-TFC,600,0,0.8205698132514954,0.8199999928474426,0.82,0,Forward,20916,benign
159,DQN-TFC (seed=600),DQN-TFC,600,0,0.7999889254570007,0.800000011920929,0.8,0,Forward,21203,benign
160,DQN-TFC (seed=600),DQN-TFC,600,0,0.7922539710998535,0.7900000214576721,0.8,0,Forward,21295,benign
161,DQN-TFC (seed=600),DQN-TFC,600,0,0.7913861870765686,0.7900000214576721,0.8,0,Forward,21299,benign
162,DQN-TFC (seed=600),DQN-TFC,600,0,0.830646812915802,0.8299999833106995,0.84,0,Forward,21508,benign
163,DQN-TFC (seed=600),DQN-TFC,600,1,0.8479499816894531,0.8500000238418579,0.85,5,Drop,21600,attack
164,DQN-TFC (seed=600),DQN-TFC,600,0,0.8187517523765564,0.8199999928474426,0.81,0,Forward,21733,benign
165,DQN-TFC (seed=600),DQN-TFC,600,0,0.7671636343002319,0.7599999904632568,0.76,0,Forward,21806,benign
166,DQN-TFC (seed=600),DQN-TFC,600,1,0.8541373610496521,0.8399999737739563,0.86,5,Drop,21948,attack
167,DQN-TFC (seed=600),DQN-TFC,600,1,0.876903235912323,0.8700000047683716,0.87,5,Drop,22082,attack
168,DQN-TFC (seed=600),DQN-TFC,600,1,0.9052704572677612,0.8999999761581421,0.9,5,Drop,22110,attack
169,DQN-TFC (seed=600),DQN-TFC,600,0,0.8391054272651672,0.8399999737739563,0.83,5,Drop,22171,benign
170,DQN-TFC (seed=600),DQN-TFC,600,1,0.8498303294181824,0.8500000238418579,0.85,5,Drop,22284,attack
171,DQN-TFC (seed=600),DQN-TFC,600,1,0.8491634130477905,0.8500000238418579,0.85,5,Drop,22317,attack
172,DQN-TFC (seed=600),DQN-TFC,600,1,0.8691211938858032,0.8700000047683716,0.87,5,Drop,22329,attack
173,DQN-TFC (seed=600),DQN-TFC,600,1,0.8876321911811829,0.8899999856948853,0.89,5,Drop,22468,attack
174,DQN-TFC (seed=600),DQN-TFC,600,1,0.8775237202644348,0.8799999952316284,0.88,5,Drop,22501,attack
175,DQN-TFC (seed=600),DQN-TFC,600,0,0.8302080035209656,0.8299999833106995,0.83,0,Forward,22708,benign
176,DQN-TFC (seed=600),DQN-TFC,600,1,0.8703062534332275,0.8700000047683716,0.87,5,Drop,22853,attack
177,DQN-TFC (seed=600),DQN-TFC,600,0,0.8237143158912659,0.8199999928474426,0.82,0,Forward,22944,benign
178,DQN-TFC (seed=600),DQN-TFC,600,1,0.8696657419204712,0.8600000143051147,0.86,5,Drop,23025,attack
179,DQN-TFC (seed=600),DQN-TFC,600,1,0.8847257494926453,0.8799999952316284,0.88,5,Drop,23094,attack
180,DQN-TFC (seed=600),DQN-TFC,600,1,0.8747749924659729,0.8700000047683716,0.87,5,Drop,23112,attack
181,DQN-TFC (seed=600),DQN-TFC,600,0,0.8125288486480713,0.8100000023841858,0.81,0,Forward,23209,benign
182,DQN-TFC (seed=600),DQN-TFC,600,0,0.8284656405448914,0.8299999833106995,0.83,0,Forward,23431,benign
183,DQN-TFC (seed=600),DQN-TFC,600,1,0.8589532971382141,0.8600000143051147,0.86,5,Drop,23733,attack
184,DQN-TFC (seed=600),DQN-TFC,600,1,0.8488499522209167,0.8500000238418579,0.85,5,Drop,23759,attack
185,DQN-TFC (seed=600),DQN-TFC,600,0,0.8388105034828186,0.8399999737739563,0.84,5,Drop,23778,benign
186,DQN-TFC (seed=600),DQN-TFC,600,0,0.8340607285499573,0.8299999833106995,0.83,0,Forward,23811,benign
187,DQN-TFC (seed=600),DQN-TFC,600,0,0.8036412000656128,0.800000011920929,0.8,0,Forward,24133,benign
188,DQN-TFC (seed=600),DQN-TFC,600,0,0.7837530374526978,0.7799999713897705,0.78,0,Forward,24191,benign
189,DQN-TFC (seed=600),DQN-TFC,600,0,0.7800889611244202,0.7799999713897705,0.78,0,Forward,24211,benign
190,DQN-TFC (seed=600),DQN-TFC,600,1,0.8676241040229797,0.8600000143051147,0.87,5,Drop,24373,attack
191,DQN-TFC (seed=600),DQN-TFC,600,0,0.8401661515235901,0.8399999737739563,0.84,5,Drop,24560,benign
192,DQN-TFC (seed=600),DQN-TFC,600,1,0.8799384832382202,0.8799999952316284,0.88,5,Drop,24613,attack
193,DQN-TFC (seed=600),DQN-TFC,600,1,0.889945924282074,0.8899999856948853,0.89,5,Drop,24618,attack
194,DQN-TFC (seed=600),DQN-TFC,600,1,0.8958290219306946,0.8899999856948853,0.91,5,Drop,24726,attack
195,DQN-TFC (seed=600),DQN-TFC,600,1,0.8804629445075989,0.8799999952316284,0.88,5,Drop,24772,attack
196,DQN-TFC (seed=600),DQN-TFC,600,0,0.843108594417572,0.8399999737739563,0.84,5,Drop,24837,benign
197,DQN-TFC (seed=600),DQN-TFC,600,0,0.8299122452735901,0.8299999833106995,0.83,0,Forward,24967,benign
198,DQN-TFC (seed=600),DQN-TFC,600,0,0.8168489336967468,0.8199999928474426,0.82,0,Forward,24996,benign
199,DQN-TFC (seed=600),DQN-TFC,600,0,0.7699838280677795,0.7599999904632568,0.77,0,Forward,25212,benign
200,DQN-TFC (seed=600),DQN-TFC,600,1,0.8604229688644409,0.8600000143051147,0.86,5,Drop,25323,attack
201,DQN-TFC (seed=600),DQN-TFC,600,1,0.8699449300765991,0.8700000047683716,0.87,5,Drop,25341,attack
202,DQN-TFC (seed=600),DQN-TFC,600,0,0.7626132369041443,0.7599999904632568,0.76,0,Forward,25525,benign
203,DQN-TFC (seed=600),DQN-TFC,600,0,0.7826955914497375,0.7799999713897705,0.78,0,Forward,25624,benign
204,DQN-TFC (seed=600),DQN-TFC,600,1,0.8601194024085999,0.8600000143051147,0.86,5,Drop,25753,attack
205,DQN-TFC (seed=600),DQN-TFC,600,1,0.8498777151107788,0.8500000238418579,0.85,5,Drop,25855,attack
206,DQN-TFC (seed=600),DQN-TFC,600,1,0.8552750945091248,0.8600000143051147,0.85,5,Drop,25924,attack
207,DQN-TFC (seed=600),DQN-TFC,600,1,0.8599913120269775,0.8600000143051147,0.86,5,Drop,26023,attack
208,DQN-TFC (seed=600),DQN-TFC,600,0,0.8406216502189636,0.8399999737739563,0.84,5,Drop,26138,benign
209,DQN-TFC (seed=600),DQN-TFC,600,0,0.8106439113616943,0.8100000023841858,0.81,0,Forward,26215,benign
210,DQN-TFC (seed=600),DQN-TFC,600,1,0.8734425902366638,0.8700000047683716,0.88,5,Drop,26320,attack
211,DQN-TFC (seed=600),DQN-TFC,600,1,0.8734425902366638,0.8700000047683716,0.88,5,Drop,26321,attack
212,DQN-TFC (seed=600),DQN-TFC,600,0,0.8274185657501221,0.8199999928474426,0.82,0,Forward,26485,benign
213,DQN-TFC (seed=600),DQN-TFC,600,0,0.7977456450462341,0.7900000214576721,0.8,0,Forward,26629,benign
214,DQN-TFC (seed=600),DQN-TFC,600,0,0.7860429883003235,0.7799999713897705,0.79,0,Forward,26652,benign
215,DQN-TFC (seed=600),DQN-TFC,600,0,0.8211085796356201,0.8199999928474426,0.82,0,Forward,27007,benign
216,DQN-TFC (seed=600),DQN-TFC,600,0,0.8113611340522766,0.8100000023841858,0.81,0,Forward,27027,benign
217,DQN-TFC (seed=600),DQN-TFC,600,0,0.8113600015640259,0.8100000023841858,0.81,0,Forward,27028,benign
218,DQN-TFC (seed=600),DQN-TFC,600,1,0.8569684028625488,0.8500000238418579,0.86,5,Drop,27099,attack
219,DQN-TFC (seed=600),DQN-TFC,600,1,0.8499709963798523,0.8500000238418579,0.85,5,Drop,27290,attack
220,DQN-TFC (seed=600),DQN-TFC,600,0,0.8199859857559204,0.8199999928474426,0.82,0,Forward,27385,benign
221,DQN-TFC (seed=600),DQN-TFC,600,0,0.8246893286705017,0.8199999928474426,0.82,0,Forward,27475,benign
222,DQN-TFC (seed=600),DQN-TFC,600,1,0.8756607174873352,0.8799999952316284,0.88,5,Drop,27647,attack
223,DQN-TFC (seed=600),DQN-TFC,600,1,0.8587411642074585,0.8600000143051147,0.86,5,Drop,27708,attack
224,DQN-TFC (seed=600),DQN-TFC,600,0,0.8176383972167969,0.8199999928474426,0.81,0,Forward,27800,benign
225,DQN-TFC (seed=600),DQN-TFC,600,0,0.8300334215164185,0.8299999833106995,0.82,0,Forward,27874,benign
226,DQN-TFC (seed=600),DQN-TFC,600,1,0.8468767404556274,0.8399999737739563,0.85,5,Drop,28068,attack
227,DQN-TFC (seed=600),DQN-TFC,600,0,0.8368855118751526,0.8299999833106995,0.84,0,Forward,28073,benign
228,DQN-TFC (seed=600),DQN-TFC,600,1,0.879469096660614,0.8799999952316284,0.87,5,Drop,28281,attack
229,DQN-TFC (seed=600),DQN-TFC,600,0,0.8395709991455078,0.8399999737739563,0.83,5,Drop,28318,benign
230,DQN-TFC (seed=600),DQN-TFC,600,0,0.8398676514625549,0.8399999737739563,0.84,5,Drop,28618,benign
231,DQN-TFC (seed=600),DQN-TFC,600,0,0.824093222618103,0.8199999928474426,0.83,0,Forward,28794,benign
232,DQN-TFC (seed=600),DQN-TFC,600,0,0.8240866661071777,0.8199999928474426,0.83,0,Forward,28804,benign
233,DQN-TFC (seed=600),DQN-TFC,600,1,0.8526306748390198,0.8500000238418579,0.85,5,Drop,28906,attack
234,DQN-TFC (seed=600),DQN-TFC,600,1,0.8526313900947571,0.8500000238418579,0.85,5,Drop,28907,attack
235,DQN-TFC (seed=600),DQN-TFC,600,1,0.8500974178314209,0.8500000238418579,0.85,0,Forward,29018,attack
236,DQN-TFC (seed=600),DQN-TFC,600,0,0.8424707651138306,0.8399999737739563,0.84,0,Forward,29042,benign
237,DQN-TFC (seed=600),DQN-TFC,600,0,0.8119410872459412,0.8100000023841858,0.81,0,Forward,29145,benign
238,DQN-TFC (seed=600),DQN-TFC,600,0,0.8217334747314453,0.8199999928474426,0.82,0,Forward,29234,benign
239,DQN-TFC (seed=600),DQN-TFC,600,0,0.8317458629608154,0.8299999833106995,0.83,0,Forward,29238,benign
240,DQN-TFC (seed=600),DQN-TFC,600,0,0.8088564872741699,0.8100000023841858,0.81,0,Forward,29334,benign
241,DQN-TFC (seed=600),DQN-TFC,600,1,0.8475148677825928,0.8500000238418579,0.85,5,Drop,29394,attack
242,DQN-TFC (seed=600),DQN-TFC,600,0,0.8201691508293152,0.8199999928474426,0.83,0,Forward,29434,benign
243,DQN-TFC (seed=600),DQN-TFC,600,1,0.8426319360733032,0.8399999737739563,0.85,5,Drop,29457,attack
244,DQN-TFC (seed=600),DQN-TFC,600,0,0.8261587023735046,0.8299999833106995,0.83,0,Forward,29590,benign
245,DQN-TFC (seed=600),DQN-TFC,600,0,0.8141408562660217,0.8100000023841858,0.82,0,Forward,29634,benign
246,DQN-TFC (seed=600),DQN-TFC,600,0,0.8041713237762451,0.800000011920929,0.81,0,Forward,29644,benign
247,DQN-TFC (seed=600),DQN-TFC,600,0,0.8383910655975342,0.8399999737739563,0.84,0,Forward,29713,benign
248,DQN-TFC (seed=600),DQN-TFC,600,1,0.9029292464256287,0.8999999761581421,0.9,5,Drop,29828,attack
0,DQN-TFC (seed=700),DQN-TFC,700,1,0.879833996295929,0.8799999952316284,0.88,6,Isolate,34,attack
1,DQN-TFC (seed=700),DQN-TFC,700,0,0.8099673390388489,0.8100000023841858,0.81,5,Drop,163,benign
2,DQN-TFC (seed=700),DQN-TFC,700,0,0.8290244936943054,0.8299999833106995,0.82,6,Isolate,359,benign
3,DQN-TFC (seed=700),DQN-TFC,700,1,0.8779748678207397,0.8799999952316284,0.87,6,Isolate,543,attack
4,DQN-TFC (seed=700),DQN-TFC,700,1,0.8908616900444031,0.8899999856948853,0.89,6,Isolate,788,attack
5,DQN-TFC (seed=700),DQN-TFC,700,0,0.8184310793876648,0.8199999928474426,0.83,6,Isolate,1007,benign
6,DQN-TFC (seed=700),DQN-TFC,700,1,0.8630930185317993,0.8700000047683716,0.86,6,Isolate,1077,attack
7,DQN-TFC (seed=700),DQN-TFC,700,0,0.7812010049819946,0.7799999713897705,0.78,6,Isolate,1173,benign
8,DQN-TFC (seed=700),DQN-TFC,700,0,0.7988349199295044,0.800000011920929,0.8,6,Isolate,1338,benign
9,DQN-TFC (seed=700),DQN-TFC,700,1,0.8783858418464661,0.8799999952316284,0.88,6,Isolate,1589,attack
10,DQN-TFC (seed=700),DQN-TFC,700,1,0.9270837903022766,0.9300000071525574,0.93,6,Isolate,1711,attack
11,DQN-TFC (seed=700),DQN-TFC,700,1,0.9204261302947998,0.9200000166893005,0.92,6,Isolate,1755,attack
12,DQN-TFC (seed=700),DQN-TFC,700,1,0.8790686726570129,0.8799999952316284,0.88,6,Isolate,1826,attack
13,DQN-TFC (seed=700),DQN-TFC,700,1,0.8598487377166748,0.8600000143051147,0.86,6,Isolate,2303,attack
14,DQN-TFC (seed=700),DQN-TFC,700,1,0.8559197187423706,0.8500000238418579,0.87,6,Isolate,2509,attack
15,DQN-TFC (seed=700),DQN-TFC,700,1,0.8448888659477234,0.8399999737739563,0.85,6,Isolate,2579,attack
16,DQN-TFC (seed=700),DQN-TFC,700,1,0.8343343138694763,0.8299999833106995,0.85,6,Isolate,2704,attack
17,DQN-TFC (seed=700),DQN-TFC,700,1,0.909209668636322,0.9100000262260437,0.91,6,Isolate,2984,attack
18,DQN-TFC (seed=700),DQN-TFC,700,1,0.892710268497467,0.8899999856948853,0.89,6,Isolate,3042,attack
19,DQN-TFC (seed=700),DQN-TFC,700,0,0.779188334941864,0.7799999713897705,0.78,6,Isolate,3187,benign
20,DQN-TFC (seed=700),DQN-TFC,700,0,0.7874859571456909,0.7900000214576721,0.79,6,Isolate,3200,benign
21,DQN-TFC (seed=700),DQN-TFC,700,1,0.8884751200675964,0.8899999856948853,0.88,6,Isolate,3480,attack
22,DQN-TFC (seed=700),DQN-TFC,700,0,0.8297797441482544,0.8299999833106995,0.83,6,Isolate,3603,benign
23,DQN-TFC (seed=700),DQN-TFC,700,1,0.8987791538238525,0.8999999761581421,0.9,6,Isolate,4036,attack
24,DQN-TFC (seed=700),DQN-TFC,700,1,0.9100563526153564,0.9100000262260437,0.91,6,Isolate,4096,attack
25,DQN-TFC (seed=700),DQN-TFC,700,0,0.7760412693023682,0.7799999713897705,0.78,5,Drop,4223,benign
26,DQN-TFC (seed=700),DQN-TFC,700,0,0.7967140674591064,0.7900000214576721,0.8,6,Isolate,4492,benign
27,DQN-TFC (seed=700),DQN-TFC,700,0,0.773356556892395,0.7699999809265137,0.78,6,Isolate,4724,benign
28,DQN-TFC (seed=700),DQN-TFC,700,1,0.9137651920318604,0.9100000262260437,0.92,6,Isolate,4794,attack
29,DQN-TFC (seed=700),DQN-TFC,700,1,0.8725376129150391,0.8700000047683716,0.88,6,Isolate,4856,attack
30,DQN-TFC (seed=700),DQN-TFC,700,1,0.8711929321289062,0.8700000047683716,0.88,6,Isolate,4879,attack
31,DQN-TFC (seed=700),DQN-TFC,700,1,0.8682050108909607,0.8700000047683716,0.87,6,Isolate,5004,attack
32,DQN-TFC (seed=700),DQN-TFC,700,1,0.8684120178222656,0.8700000047683716,0.87,6,Isolate,5015,attack
33,DQN-TFC (seed=700),DQN-TFC,700,1,0.9081689715385437,0.9100000262260437,0.91,6,Isolate,5100,attack
34,DQN-TFC (seed=700),DQN-TFC,700,1,0.8976726531982422,0.8999999761581421,0.9,6,Isolate,5137,attack
35,DQN-TFC (seed=700),DQN-TFC,700,0,0.8373674154281616,0.8399999737739563,0.83,6,Isolate,5188,benign
36,DQN-TFC (seed=700),DQN-TFC,700,1,0.862047553062439,0.8600000143051147,0.86,6,Isolate,5222,attack
37,DQN-TFC (seed=700),DQN-TFC,700,1,0.8858568668365479,0.8799999952316284,0.89,6,Isolate,5375,attack
38,DQN-TFC (seed=700),DQN-TFC,700,1,0.8564433455467224,0.8500000238418579,0.86,6,Isolate,5529,attack
39,DQN-TFC (seed=700),DQN-TFC,700,0,0.8269306421279907,0.8199999928474426,0.83,6,Isolate,5615,benign
40,DQN-TFC (seed=700),DQN-TFC,700,0,0.813768208026886,0.8100000023841858,0.8,6,Isolate,5691,benign
41,DQN-TFC (seed=700),DQN-TFC,700,0,0.8197215795516968,0.8100000023841858,0.81,6,Isolate,5747,benign
42,DQN-TFC (seed=700),DQN-TFC,700,0,0.8220182061195374,0.8100000023841858,0.81,6,Isolate,5774,benign
43,DQN-TFC (seed=700),DQN-TFC,700,1,0.8663164377212524,0.8600000143051147,0.86,6,Isolate,5933,attack
44,DQN-TFC (seed=700),DQN-TFC,700,0,0.849316418170929,0.8399999737739563,0.84,6,Isolate,5966,benign
45,DQN-TFC (seed=700),DQN-TFC,700,0,0.8093292713165283,0.800000011920929,0.8,6,Isolate,6009,benign
46,DQN-TFC (seed=700),DQN-TFC,700,0,0.8414927124977112,0.8399999737739563,0.83,6,Isolate,6047,benign
47,DQN-TFC (seed=700),DQN-TFC,700,0,0.7934058308601379,0.7900000214576721,0.79,5,Drop,6156,benign
48,DQN-TFC (seed=700),DQN-TFC,700,0,0.7934057116508484,0.7900000214576721,0.79,5,Drop,6158,benign
49,DQN-TFC (seed=700),DQN-TFC,700,0,0.8012173175811768,0.800000011920929,0.8,5,Drop,6161,benign
50,DQN-TFC (seed=700),DQN-TFC,700,1,0.8523243069648743,0.8500000238418579,0.85,6,Isolate,6544,attack
51,DQN-TFC (seed=700),DQN-TFC,700,1,0.8538548350334167,0.8500000238418579,0.85,6,Isolate,6691,attack
52,DQN-TFC (seed=700),DQN-TFC,700,0,0.8254052996635437,0.8299999833106995,0.83,6,Isolate,7158,benign
53,DQN-TFC (seed=700),DQN-TFC,700,0,0.7887188196182251,0.7900000214576721,0.79,6,Isolate,7298,benign
54,DQN-TFC (seed=700),DQN-TFC,700,1,0.8693459033966064,0.8700000047683716,0.87,6,Isolate,7805,attack
55,DQN-TFC (seed=700),DQN-TFC,700,0,0.8328465819358826,0.8299999833106995,0.83,6,Isolate,7938,benign
56,DQN-TFC (seed=700),DQN-TFC,700,1,0.8672149181365967,0.8700000047683716,0.87,6,Isolate,8112,attack
57,DQN-TFC (seed=700),DQN-TFC,700,1,0.8870208859443665,0.8899999856948853,0.89,6,Isolate,8169,attack
58,DQN-TFC (seed=700),DQN-TFC,700,1,0.8547448515892029,0.8600000143051147,0.86,6,Isolate,8187,attack
59,DQN-TFC (seed=700),DQN-TFC,700,1,0.8655512928962708,0.8700000047683716,0.87,6,Isolate,8323,attack
60,DQN-TFC (seed=700),DQN-TFC,700,0,0.7602249383926392,0.7599999904632568,0.76,6,Isolate,8570,benign
61,DQN-TFC (seed=700),DQN-TFC,700,0,0.7500377893447876,0.75,0.75,6,Isolate,8585,benign
62,DQN-TFC (seed=700),DQN-TFC,700,0,0.7400667071342468,0.7400000095367432,0.74,6,Isolate,8593,benign
63,DQN-TFC (seed=700),DQN-TFC,700,1,0.8890588283538818,0.8899999856948853,0.88,6,Isolate,8699,attack
64,DQN-TFC (seed=700),DQN-TFC,700,1,0.8890588879585266,0.8899999856948853,0.88,6,Isolate,8700,attack
65,DQN-TFC (seed=700),DQN-TFC,700,0,0.8400719165802002,0.8399999737739563,0.84,6,Isolate,8758,benign
66,DQN-TFC (seed=700),DQN-TFC,700,0,0.800307035446167,0.7900000214576721,0.79,6,Isolate,8963,benign
67,DQN-TFC (seed=700),DQN-TFC,700,0,0.8101561069488525,0.8100000023841858,0.81,6,Isolate,9413,benign
68,DQN-TFC (seed=700),DQN-TFC,700,1,0.8594833612442017,0.8600000143051147,0.86,6,Isolate,9754,attack
69,DQN-TFC (seed=700),DQN-TFC,700,0,0.8076704144477844,0.8100000023841858,0.81,6,Isolate,9871,benign
70,DQN-TFC (seed=700),DQN-TFC,700,0,0.7902960777282715,0.7900000214576721,0.79,5,Drop,9907,benign
71,DQN-TFC (seed=700),DQN-TFC,700,1,0.9019876718521118,0.8999999761581421,0.9,6,Isolate,10288,attack
72,DQN-TFC (seed=700),DQN-TFC,700,1,0.8918544054031372,0.8899999856948853,0.89,6,Isolate,10301,attack
73,DQN-TFC (seed=700),DQN-TFC,700,1,0.8455605506896973,0.8500000238418579,0.85,6,Isolate,10545,attack
74,DQN-TFC (seed=700),DQN-TFC,700,0,0.8055262565612793,0.800000011920929,0.79,6,Isolate,10720,benign
75,DQN-TFC (seed=700),DQN-TFC,700,1,0.8840524554252625,0.8700000047683716,0.88,6,Isolate,10844,attack
76,DQN-TFC (seed=700),DQN-TFC,700,1,0.8640789985656738,0.8500000238418579,0.86,6,Isolate,10855,attack
77,DQN-TFC (seed=700),DQN-TFC,700,0,0.7940945625305176,0.7799999713897705,0.79,6,Isolate,10888,benign
78,DQN-TFC (seed=700),DQN-TFC,700,0,0.7955327033996582,0.7900000214576721,0.8,6,Isolate,10926,benign
79,DQN-TFC (seed=700),DQN-TFC,700,0,0.8359295725822449,0.8299999833106995,0.84,5,Drop,11013,benign
80,DQN-TFC (seed=700),DQN-TFC,700,0,0.8027329444885254,0.7900000214576721,0.79,6,Isolate,11177,benign
81,DQN-TFC (seed=700),DQN-TFC,700,0,0.8449897170066833,0.8399999737739563,0.84,6,Isolate,11275,benign
82,DQN-TFC (seed=700),DQN-TFC,700,0,0.8350366950035095,0.8299999833106995,0.83,6,Isolate,11301,benign
83,DQN-TFC (seed=700),DQN-TFC,700,0,0.8350360989570618,0.8299999833106995,0.83,6,Isolate,11302,benign
84,DQN-TFC (seed=700),DQN-TFC,700,0,0.81482994556427,0.8100000023841858,0.81,6,Isolate,11352,benign
85,DQN-TFC (seed=700),DQN-TFC,700,1,0.8718368411064148,0.8700000047683716,0.87,6,Isolate,11464,attack
86,DQN-TFC (seed=700),DQN-TFC,700,1,0.8501495122909546,0.8500000238418579,0.86,6,Isolate,11772,attack
87,DQN-TFC (seed=700),DQN-TFC,700,0,0.8084815144538879,0.800000011920929,0.81,6,Isolate,11813,benign
88,DQN-TFC (seed=700),DQN-TFC,700,0,0.8098862171173096,0.8100000023841858,0.81,6,Isolate,11881,benign
89,DQN-TFC (seed=700),DQN-TFC,700,1,0.8678771257400513,0.8700000047683716,0.86,6,Isolate,12061,attack
90,DQN-TFC (seed=700),DQN-TFC,700,0,0.8481305837631226,0.8500000238418579,0.84,6,Isolate,12088,benign
91,DQN-TFC (seed=700),DQN-TFC,700,1,0.858406126499176,0.8600000143051147,0.85,6,Isolate,12109,attack
92,DQN-TFC (seed=700),DQN-TFC,700,1,0.8504123091697693,0.8500000238418579,0.85,6,Isolate,12137,attack
93,DQN-TFC (seed=700),DQN-TFC,700,0,0.8224881887435913,0.8199999928474426,0.82,6,Isolate,12176,benign
94,DQN-TFC (seed=700),DQN-TFC,700,0,0.8422060608863831,0.8399999737739563,0.84,5,Drop,12187,benign
95,DQN-TFC (seed=700),DQN-TFC,700,0,0.8399506211280823,0.8399999737739563,0.84,6,Isolate,12297,benign
96,DQN-TFC (seed=700),DQN-TFC,700,1,0.8687772154808044,0.8700000047683716,0.87,6,Isolate,12464,attack
97,DQN-TFC (seed=700),DQN-TFC,700,1,0.8521358966827393,0.8500000238418579,0.85,6,Isolate,12715,attack
98,DQN-TFC (seed=700),DQN-TFC,700,1,0.8409515619277954,0.8399999737739563,0.85,6,Isolate,12891,attack
99,DQN-TFC (seed=700),DQN-TFC,700,1,0.8435349464416504,0.8399999737739563,0.85,5,Drop,12963,attack
100,DQN-TFC (seed=700),DQN-TFC,700,0,0.8321276307106018,0.8299999833106995,0.83,6,Isolate,13036,benign
101,DQN-TFC (seed=700),DQN-TFC,700,0,0.8130981922149658,0.8100000023841858,0.81,6,Isolate,13047,benign
102,DQN-TFC (seed=700),DQN-TFC,700,0,0.8230418562889099,0.8199999928474426,0.82,6,Isolate,13058,benign
103,DQN-TFC (seed=700),DQN-TFC,700,1,0.8648033142089844,0.8600000143051147,0.86,6,Isolate,13189,attack
104,DQN-TFC (seed=700),DQN-TFC,700,1,0.8940011858940125,0.8899999856948853,0.89,6,Isolate,13220,attack
105,DQN-TFC (seed=700),DQN-TFC,700,1,0.8817206621170044,0.8799999952316284,0.89,6,Isolate,13229,attack
106,DQN-TFC (seed=700),DQN-TFC,700,0,0.789798378944397,0.7900000214576721,0.79,5,Drop,13418,benign
107,DQN-TFC (seed=700),DQN-TFC,700,0,0.799791693687439,0.800000011920929,0.8,5,Drop,13422,benign
108,DQN-TFC (seed=700),DQN-TFC,700,1,0.8395397067070007,0.8399999737739563,0.85,6,Isolate,13790,attack
109,DQN-TFC (seed=700),DQN-TFC,700,0,0.8311482071876526,0.8299999833106995,0.84,5,Drop,13821,benign
110,DQN-TFC (seed=700),DQN-TFC,700,1,0.8897304534912109,0.8899999856948853,0.89,6,Isolate,13896,attack
111,DQN-TFC (seed=700),DQN-TFC,700,1,0.8981784582138062,0.8999999761581421,0.9,6,Isolate,13941,attack
112,DQN-TFC (seed=700),DQN-TFC,700,0,0.8418792486190796,0.8500000238418579,0.84,5,Drop,14060,benign
113,DQN-TFC (seed=700),DQN-TFC,700,0,0.8191235065460205,0.8100000023841858,0.8,6,Isolate,14233,benign
114,DQN-TFC (seed=700),DQN-TFC,700,1,0.8727867007255554,0.8700000047683716,0.88,6,Isolate,14309,attack
115,DQN-TFC (seed=700),DQN-TFC,700,1,0.859923243522644,0.8600000143051147,0.86,6,Isolate,15051,attack
116,DQN-TFC (seed=700),DQN-TFC,700,1,0.8823280930519104,0.8799999952316284,0.88,6,Isolate,15187,attack
117,DQN-TFC (seed=700),DQN-TFC,700,0,0.8324939608573914,0.8299999833106995,0.83,6,Isolate,15211,benign
118,DQN-TFC (seed=700),DQN-TFC,700,1,0.8637133836746216,0.8600000143051147,0.86,6,Isolate,15308,attack
119,DQN-TFC (seed=700),DQN-TFC,700,0,0.8160220384597778,0.8100000023841858,0.82,6,Isolate,15325,benign
120,DQN-TFC (seed=700),DQN-TFC,700,0,0.754787802696228,0.75,0.76,6,Isolate,15412,benign
121,DQN-TFC (seed=700),DQN-TFC,700,1,0.851523756980896,0.8500000238418579,0.85,6,Isolate,15587,attack
122,DQN-TFC (seed=700),DQN-TFC,700,1,0.8701123595237732,0.8700000047683716,0.87,6,Isolate,15646,attack
123,DQN-TFC (seed=700),DQN-TFC,700,1,0.8801069855690002,0.8799999952316284,0.88,6,Isolate,15647,attack
124,DQN-TFC (seed=700),DQN-TFC,700,1,0.9189636707305908,0.9200000166893005,0.91,6,Isolate,15731,attack
125,DQN-TFC (seed=700),DQN-TFC,700,0,0.8464939594268799,0.8500000238418579,0.84,6,Isolate,16024,benign
126,DQN-TFC (seed=700),DQN-TFC,700,1,0.8612254858016968,0.8600000143051147,0.87,6,Isolate,16469,attack
127,DQN-TFC (seed=700),DQN-TFC,700,1,0.8597354292869568,0.8600000143051147,0.87,6,Isolate,16492,attack
128,DQN-TFC (seed=700),DQN-TFC,700,1,0.8625316619873047,0.8600000143051147,0.86,6,Isolate,16621,attack
129,DQN-TFC (seed=700),DQN-TFC,700,1,0.8625324964523315,0.8600000143051147,0.86,6,Isolate,16622,attack
130,DQN-TFC (seed=700),DQN-TFC,700,0,0.8334140777587891,0.8299999833106995,0.84,6,Isolate,16712,benign
131,DQN-TFC (seed=700),DQN-TFC,700,1,0.8998856544494629,0.8999999761581421,0.9,6,Isolate,16856,attack
132,DQN-TFC (seed=700),DQN-TFC,700,1,0.8994457721710205,0.8999999761581421,0.9,6,Isolate,16929,attack
133,DQN-TFC (seed=700),DQN-TFC,700,1,0.8741875290870667,0.8700000047683716,0.88,6,Isolate,17031,attack
134,DQN-TFC (seed=700),DQN-TFC,700,0,0.8287768363952637,0.8199999928474426,0.84,6,Isolate,17229,benign
135,DQN-TFC (seed=700),DQN-TFC,700,0,0.8439942002296448,0.8399999737739563,0.84,6,Isolate,17474,benign
136,DQN-TFC (seed=700),DQN-TFC,700,0,0.8278783559799194,0.8199999928474426,0.82,6,Isolate,17678,benign
137,DQN-TFC (seed=700),DQN-TFC,700,0,0.8066718578338623,0.800000011920929,0.8,6,Isolate,17719,benign
138,DQN-TFC (seed=700),DQN-TFC,700,0,0.8577614426612854,0.8500000238418579,0.84,6,Isolate,18102,benign
139,DQN-TFC (seed=700),DQN-TFC,700,1,0.8832355737686157,0.8799999952316284,0.87,6,Isolate,18120,attack
140,DQN-TFC (seed=700),DQN-TFC,700,1,0.8787582516670227,0.8799999952316284,0.88,6,Isolate,18188,attack
141,DQN-TFC (seed=700),DQN-TFC,700,1,0.9003291130065918,0.8999999761581421,0.9,6,Isolate,18373,attack
142,DQN-TFC (seed=700),DQN-TFC,700,0,0.8293827176094055,0.8299999833106995,0.83,6,Isolate,18429,benign
143,DQN-TFC (seed=700),DQN-TFC,700,0,0.8019344806671143,0.800000011920929,0.8,5,Drop,18605,benign
144,DQN-TFC (seed=700),DQN-TFC,700,0,0.7719220519065857,0.7699999809265137,0.77,5,Drop,18629,benign
145,DQN-TFC (seed=700),DQN-TFC,700,1,0.8580705523490906,0.8600000143051147,0.86,6,Isolate,19034,attack
146,DQN-TFC (seed=700),DQN-TFC,700,1,0.8591589331626892,0.8600000143051147,0.86,6,Isolate,19261,attack
147,DQN-TFC (seed=700),DQN-TFC,700,0,0.8198917508125305,0.8199999928474426,0.82,6,Isolate,19568,benign
148,DQN-TFC (seed=700),DQN-TFC,700,0,0.8346434831619263,0.8299999833106995,0.84,6,Isolate,19606,benign
149,DQN-TFC (seed=700),DQN-TFC,700,0,0.6925909519195557,0.6899999976158142,0.69,5,Drop,19803,benign
150,DQN-TFC (seed=700),DQN-TFC,700,1,0.8533068895339966,0.8500000238418579,0.85,6,Isolate,19973,attack
151,DQN-TFC (seed=700),DQN-TFC,700,1,0.9491422176361084,0.949999988079071,0.95,6,Isolate,20134,attack
152,DQN-TFC (seed=700),DQN-TFC,700,1,0.8576992154121399,0.8600000143051147,0.86,6,Isolate,20261,attack
153,DQN-TFC (seed=700),DQN-TFC,700,0,0.837689220905304,0.8399999737739563,0.84,6,Isolate,20271,benign
154,DQN-TFC (seed=700),DQN-TFC,700,1,0.8698458075523376,0.8700000047683716,0.87,6,Isolate,20328,attack
155,DQN-TFC (seed=700),DQN-TFC,700,1,0.8497189879417419,0.8500000238418579,0.85,6,Isolate,20578,attack
156,DQN-TFC (seed=700),DQN-TFC,700,1,0.8485469818115234,0.8500000238418579,0.85,6,Isolate,20712,attack
157,DQN-TFC (seed=700),DQN-TFC,700,1,0.8510622978210449,0.8500000238418579,0.86,6,Isolate,20838,attack
158,DQN-TFC (seed=700),DQN-TFC,700,0,0.8205698132514954,0.8199999928474426,0.82,6,Isolate,20916,benign
159,DQN-TFC (seed=700),DQN-TFC,700,0,0.7999889254570007,0.800000011920929,0.8,6,Isolate,21203,benign
160,DQN-TFC (seed=700),DQN-TFC,700,0,0.7922539710998535,0.7900000214576721,0.8,6,Isolate,21295,benign
161,DQN-TFC (seed=700),DQN-TFC,700,0,0.7913861870765686,0.7900000214576721,0.8,6,Isolate,21299,benign
162,DQN-TFC (seed=700),DQN-TFC,700,0,0.830646812915802,0.8299999833106995,0.84,6,Isolate,21508,benign
163,DQN-TFC (seed=700),DQN-TFC,700,1,0.8479499816894531,0.8500000238418579,0.85,6,Isolate,21600,attack
164,DQN-TFC (seed=700),DQN-TFC,700,0,0.8187517523765564,0.8199999928474426,0.81,5,Drop,21733,benign
165,DQN-TFC (seed=700),DQN-TFC,700,0,0.7671636343002319,0.7599999904632568,0.76,5,Drop,21806,benign
166,DQN-TFC (seed=700),DQN-TFC,700,1,0.8541373610496521,0.8399999737739563,0.86,6,Isolate,21948,attack
167,DQN-TFC (seed=700),DQN-TFC,700,1,0.876903235912323,0.8700000047683716,0.87,6,Isolate,22082,attack
168,DQN-TFC (seed=700),DQN-TFC,700,1,0.9052704572677612,0.8999999761581421,0.9,6,Isolate,22110,attack
169,DQN-TFC (seed=700),DQN-TFC,700,0,0.8391054272651672,0.8399999737739563,0.83,6,Isolate,22171,benign
170,DQN-TFC (seed=700),DQN-TFC,700,1,0.8498303294181824,0.8500000238418579,0.85,6,Isolate,22284,attack
171,DQN-TFC (seed=700),DQN-TFC,700,1,0.8491634130477905,0.8500000238418579,0.85,6,Isolate,22317,attack
172,DQN-TFC (seed=700),DQN-TFC,700,1,0.8691211938858032,0.8700000047683716,0.87,6,Isolate,22329,attack
173,DQN-TFC (seed=700),DQN-TFC,700,1,0.8876321911811829,0.8899999856948853,0.89,6,Isolate,22468,attack
174,DQN-TFC (seed=700),DQN-TFC,700,1,0.8775237202644348,0.8799999952316284,0.88,6,Isolate,22501,attack
175,DQN-TFC (seed=700),DQN-TFC,700,0,0.8302080035209656,0.8299999833106995,0.83,6,Isolate,22708,benign
176,DQN-TFC (seed=700),DQN-TFC,700,1,0.8703062534332275,0.8700000047683716,0.87,6,Isolate,22853,attack
177,DQN-TFC (seed=700),DQN-TFC,700,0,0.8237143158912659,0.8199999928474426,0.82,6,Isolate,22944,benign
178,DQN-TFC (seed=700),DQN-TFC,700,1,0.8696657419204712,0.8600000143051147,0.86,6,Isolate,23025,attack
179,DQN-TFC (seed=700),DQN-TFC,700,1,0.8847257494926453,0.8799999952316284,0.88,6,Isolate,23094,attack
180,DQN-TFC (seed=700),DQN-TFC,700,1,0.8747749924659729,0.8700000047683716,0.87,6,Isolate,23112,attack
181,DQN-TFC (seed=700),DQN-TFC,700,0,0.8125288486480713,0.8100000023841858,0.81,6,Isolate,23209,benign
182,DQN-TFC (seed=700),DQN-TFC,700,0,0.8284656405448914,0.8299999833106995,0.83,6,Isolate,23431,benign
183,DQN-TFC (seed=700),DQN-TFC,700,1,0.8589532971382141,0.8600000143051147,0.86,6,Isolate,23733,attack
184,DQN-TFC (seed=700),DQN-TFC,700,1,0.8488499522209167,0.8500000238418579,0.85,6,Isolate,23759,attack
185,DQN-TFC (seed=700),DQN-TFC,700,0,0.8388105034828186,0.8399999737739563,0.84,6,Isolate,23778,benign
186,DQN-TFC (seed=700),DQN-TFC,700,0,0.8340607285499573,0.8299999833106995,0.83,6,Isolate,23811,benign
187,DQN-TFC (seed=700),DQN-TFC,700,0,0.8036412000656128,0.800000011920929,0.8,6,Isolate,24133,benign
188,DQN-TFC (seed=700),DQN-TFC,700,0,0.7837530374526978,0.7799999713897705,0.78,6,Isolate,24191,benign
189,DQN-TFC (seed=700),DQN-TFC,700,0,0.7800889611244202,0.7799999713897705,0.78,6,Isolate,24211,benign
190,DQN-TFC (seed=700),DQN-TFC,700,1,0.8676241040229797,0.8600000143051147,0.87,6,Isolate,24373,attack
191,DQN-TFC (seed=700),DQN-TFC,700,0,0.8401661515235901,0.8399999737739563,0.84,6,Isolate,24560,benign
192,DQN-TFC (seed=700),DQN-TFC,700,1,0.8799384832382202,0.8799999952316284,0.88,6,Isolate,24613,attack
193,DQN-TFC (seed=700),DQN-TFC,700,1,0.889945924282074,0.8899999856948853,0.89,6,Isolate,24618,attack
194,DQN-TFC (seed=700),DQN-TFC,700,1,0.8958290219306946,0.8899999856948853,0.91,6,Isolate,24726,attack
195,DQN-TFC (seed=700),DQN-TFC,700,1,0.8804629445075989,0.8799999952316284,0.88,6,Isolate,24772,attack
196,DQN-TFC (seed=700),DQN-TFC,700,0,0.843108594417572,0.8399999737739563,0.84,6,Isolate,24837,benign
197,DQN-TFC (seed=700),DQN-TFC,700,0,0.8299122452735901,0.8299999833106995,0.83,6,Isolate,24967,benign
198,DQN-TFC (seed=700),DQN-TFC,700,0,0.8168489336967468,0.8199999928474426,0.82,6,Isolate,24996,benign
199,DQN-TFC (seed=700),DQN-TFC,700,0,0.7699838280677795,0.7599999904632568,0.77,6,Isolate,25212,benign
200,DQN-TFC (seed=700),DQN-TFC,700,1,0.8604229688644409,0.8600000143051147,0.86,6,Isolate,25323,attack
201,DQN-TFC (seed=700),DQN-TFC,700,1,0.8699449300765991,0.8700000047683716,0.87,6,Isolate,25341,attack
202,DQN-TFC (seed=700),DQN-TFC,700,0,0.7626132369041443,0.7599999904632568,0.76,5,Drop,25525,benign
203,DQN-TFC (seed=700),DQN-TFC,700,0,0.7826955914497375,0.7799999713897705,0.78,6,Isolate,25624,benign
204,DQN-TFC (seed=700),DQN-TFC,700,1,0.8601194024085999,0.8600000143051147,0.86,6,Isolate,25753,attack
205,DQN-TFC (seed=700),DQN-TFC,700,1,0.8498777151107788,0.8500000238418579,0.85,6,Isolate,25855,attack
206,DQN-TFC (seed=700),DQN-TFC,700,1,0.8552750945091248,0.8600000143051147,0.85,6,Isolate,25924,attack
207,DQN-TFC (seed=700),DQN-TFC,700,1,0.8599913120269775,0.8600000143051147,0.86,6,Isolate,26023,attack
208,DQN-TFC (seed=700),DQN-TFC,700,0,0.8406216502189636,0.8399999737739563,0.84,6,Isolate,26138,benign
209,DQN-TFC (seed=700),DQN-TFC,700,0,0.8106439113616943,0.8100000023841858,0.81,5,Drop,26215,benign
210,DQN-TFC (seed=700),DQN-TFC,700,1,0.8734425902366638,0.8700000047683716,0.88,6,Isolate,26320,attack
211,DQN-TFC (seed=700),DQN-TFC,700,1,0.8734425902366638,0.8700000047683716,0.88,6,Isolate,26321,attack
212,DQN-TFC (seed=700),DQN-TFC,700,0,0.8274185657501221,0.8199999928474426,0.82,6,Isolate,26485,benign
213,DQN-TFC (seed=700),DQN-TFC,700,0,0.7977456450462341,0.7900000214576721,0.8,5,Drop,26629,benign
214,DQN-TFC (seed=700),DQN-TFC,700,0,0.7860429883003235,0.7799999713897705,0.79,5,Drop,26652,benign
215,DQN-TFC (seed=700),DQN-TFC,700,0,0.8211085796356201,0.8199999928474426,0.82,5,Drop,27007,benign
216,DQN-TFC (seed=700),DQN-TFC,700,0,0.8113611340522766,0.8100000023841858,0.81,6,Isolate,27027,benign
217,DQN-TFC (seed=700),DQN-TFC,700,0,0.8113600015640259,0.8100000023841858,0.81,6,Isolate,27028,benign
218,DQN-TFC (seed=700),DQN-TFC,700,1,0.8569684028625488,0.8500000238418579,0.86,6,Isolate,27099,attack
219,DQN-TFC (seed=700),DQN-TFC,700,1,0.8499709963798523,0.8500000238418579,0.85,6,Isolate,27290,attack
220,DQN-TFC (seed=700),DQN-TFC,700,0,0.8199859857559204,0.8199999928474426,0.82,6,Isolate,27385,benign
221,DQN-TFC (seed=700),DQN-TFC,700,0,0.8246893286705017,0.8199999928474426,0.82,6,Isolate,27475,benign
222,DQN-TFC (seed=700),DQN-TFC,700,1,0.8756607174873352,0.8799999952316284,0.88,6,Isolate,27647,attack
223,DQN-TFC (seed=700),DQN-TFC,700,1,0.8587411642074585,0.8600000143051147,0.86,6,Isolate,27708,attack
224,DQN-TFC (seed=700),DQN-TFC,700,0,0.8176383972167969,0.8199999928474426,0.81,6,Isolate,27800,benign
225,DQN-TFC (seed=700),DQN-TFC,700,0,0.8300334215164185,0.8299999833106995,0.82,6,Isolate,27874,benign
226,DQN-TFC (seed=700),DQN-TFC,700,1,0.8468767404556274,0.8399999737739563,0.85,6,Isolate,28068,attack
227,DQN-TFC (seed=700),DQN-TFC,700,0,0.8368855118751526,0.8299999833106995,0.84,6,Isolate,28073,benign
228,DQN-TFC (seed=700),DQN-TFC,700,1,0.879469096660614,0.8799999952316284,0.87,6,Isolate,28281,attack
229,DQN-TFC (seed=700),DQN-TFC,700,0,0.8395709991455078,0.8399999737739563,0.83,6,Isolate,28318,benign
230,DQN-TFC (seed=700),DQN-TFC,700,0,0.8398676514625549,0.8399999737739563,0.84,6,Isolate,28618,benign
231,DQN-TFC (seed=700),DQN-TFC,700,0,0.824093222618103,0.8199999928474426,0.83,6,Isolate,28794,benign
232,DQN-TFC (seed=700),DQN-TFC,700,0,0.8240866661071777,0.8199999928474426,0.83,6,Isolate,28804,benign
233,DQN-TFC (seed=700),DQN-TFC,700,1,0.8526306748390198,0.8500000238418579,0.85,6,Isolate,28906,attack
234,DQN-TFC (seed=700),DQN-TFC,700,1,0.8526313900947571,0.8500000238418579,0.85,6,Isolate,28907,attack
235,DQN-TFC (seed=700),DQN-TFC,700,1,0.8500974178314209,0.8500000238418579,0.85,5,Drop,29018,attack
236,DQN-TFC (seed=700),DQN-TFC,700,0,0.8424707651138306,0.8399999737739563,0.84,5,Drop,29042,benign
237,DQN-TFC (seed=700),DQN-TFC,700,0,0.8119410872459412,0.8100000023841858,0.81,5,Drop,29145,benign
238,DQN-TFC (seed=700),DQN-TFC,700,0,0.8217334747314453,0.8199999928474426,0.82,6,Isolate,29234,benign
239,DQN-TFC (seed=700),DQN-TFC,700,0,0.8317458629608154,0.8299999833106995,0.83,6,Isolate,29238,benign
240,DQN-TFC (seed=700),DQN-TFC,700,0,0.8088564872741699,0.8100000023841858,0.81,5,Drop,29334,benign
241,DQN-TFC (seed=700),DQN-TFC,700,1,0.8475148677825928,0.8500000238418579,0.85,6,Isolate,29394,attack
242,DQN-TFC (seed=700),DQN-TFC,700,0,0.8201691508293152,0.8199999928474426,0.83,6,Isolate,29434,benign
243,DQN-TFC (seed=700),DQN-TFC,700,1,0.8426319360733032,0.8399999737739563,0.85,6,Isolate,29457,attack
244,DQN-TFC (seed=700),DQN-TFC,700,0,0.8261587023735046,0.8299999833106995,0.83,6,Isolate,29590,benign
245,DQN-TFC (seed=700),DQN-TFC,700,0,0.8141408562660217,0.8100000023841858,0.82,5,Drop,29634,benign
246,DQN-TFC (seed=700),DQN-TFC,700,0,0.8041713237762451,0.800000011920929,0.81,5,Drop,29644,benign
247,DQN-TFC (seed=700),DQN-TFC,700,0,0.8383910655975342,0.8399999737739563,0.84,5,Drop,29713,benign
248,DQN-TFC (seed=700),DQN-TFC,700,1,0.9029292464256287,0.8999999761581421,0.9,6,Isolate,29828,attack
0,DQN-TFC (seed=2024),DQN-TFC,2024,1,0.879833996295929,0.8799999952316284,0.88,5,Drop,34,attack
1,DQN-TFC (seed=2024),DQN-TFC,2024,0,0.8099673390388489,0.8100000023841858,0.81,2,Mirror,163,benign
2,DQN-TFC (seed=2024),DQN-TFC,2024,0,0.8290244936943054,0.8299999833106995,0.82,5,Drop,359,benign
3,DQN-TFC (seed=2024),DQN-TFC,2024,1,0.8779748678207397,0.8799999952316284,0.87,2,Mirror,543,attack
4,DQN-TFC (seed=2024),DQN-TFC,2024,1,0.8908616900444031,0.8899999856948853,0.89,5,Drop,788,attack
5,DQN-TFC (seed=2024),DQN-TFC,2024,0,0.8184310793876648,0.8199999928474426,0.83,2,Mirror,1007,benign
6,DQN-TFC (seed=2024),DQN-TFC,2024,1,0.8630930185317993,0.8700000047683716,0.86,5,Drop,1077,attack
7,DQN-TFC (seed=2024),DQN-TFC,2024,0,0.7812010049819946,0.7799999713897705,0.78,0,Forward,1173,benign
8,DQN-TFC (seed=2024),DQN-TFC,2024,0,0.7988349199295044,0.800000011920929,0.8,2,Mirror,1338,benign
9,DQN-TFC (seed=2024),DQN-TFC,2024,1,0.8783858418464661,0.8799999952316284,0.88,5,Drop,1589,attack
10,DQN-TFC (seed=2024),DQN-TFC,2024,1,0.9270837903022766,0.9300000071525574,0.93,5,Drop,1711,attack
11,DQN-TFC (seed=2024),DQN-TFC,2024,1,0.9204261302947998,0.9200000166893005,0.92,5,Drop,1755,attack
12,DQN-TFC (seed=2024),DQN-TFC,2024,1,0.8790686726570129,0.8799999952316284,0.88,2,Mirror,1826,attack
13,DQN-TFC (seed=2024),DQN-TFC,2024,1,0.8598487377166748,0.8600000143051147,0.86,5,Drop,2303,attack
14,DQN-TFC (seed=2024),DQN-TFC,2024,1,0.8559197187423706,0.8500000238418579,0.87,2,Mirror,2509,attack
15,DQN-TFC (seed=2024),DQN-TFC,2024,1,0.8448888659477234,0.8399999737739563,0.85,5,Drop,2579,attack
16,DQN-TFC (seed=2024),DQN-TFC,2024,1,0.8343343138694763,0.8299999833106995,0.85,5,Drop,2704,attack
17,DQN-TFC (seed=2024),DQN-TFC,2024,1,0.909209668636322,0.9100000262260437,0.91,5,Drop,2984,attack
18,DQN-TFC (seed=2024),DQN-TFC,2024,1,0.892710268497467,0.8899999856948853,0.89,5,Drop,3042,attack
19,DQN-TFC (seed=2024),DQN-TFC,2024,0,0.779188334941864,0.7799999713897705,0.78,0,Forward,3187,benign
20,DQN-TFC (seed=2024),DQN-TFC,2024,0,0.7874859571456909,0.7900000214576721,0.79,0,Forward,3200,benign
21,DQN-TFC (seed=2024),DQN-TFC,2024,1,0.8884751200675964,0.8899999856948853,0.88,5,Drop,3480,attack
22,DQN-TFC (seed=2024),DQN-TFC,2024,0,0.8297797441482544,0.8299999833106995,0.83,0,Forward,3603,benign
23,DQN-TFC (seed=2024),DQN-TFC,2024,1,0.8987791538238525,0.8999999761581421,0.9,5,Drop,4036,attack
24,DQN-TFC (seed=2024),DQN-TFC,2024,1,0.9100563526153564,0.9100000262260437,0.91,5,Drop,4096,attack
25,DQN-TFC (seed=2024),DQN-TFC,2024,0,0.7760412693023682,0.7799999713897705,0.78,0,Forward,4223,benign
26,DQN-TFC (seed=2024),DQN-TFC,2024,0,0.7967140674591064,0.7900000214576721,0.8,0,Forward,4492,benign
27,DQN-TFC (seed=2024),DQN-TFC,2024,0,0.773356556892395,0.7699999809265137,0.78,0,Forward,4724,benign
28,DQN-TFC (seed=2024),DQN-TFC,2024,1,0.9137651920318604,0.9100000262260437,0.92,2,Mirror,4794,attack
29,DQN-TFC (seed=2024),DQN-TFC,2024,1,0.8725376129150391,0.8700000047683716,0.88,2,Mirror,4856,attack
30,DQN-TFC (seed=2024),DQN-TFC,2024,1,0.8711929321289062,0.8700000047683716,0.88,2,Mirror,4879,attack
31,DQN-TFC (seed=2024),DQN-TFC,2024,1,0.8682050108909607,0.8700000047683716,0.87,5,Drop,5004,attack
32,DQN-TFC (seed=2024),DQN-TFC,2024,1,0.8684120178222656,0.8700000047683716,0.87,5,Drop,5015,attack
33,DQN-TFC (seed=2024),DQN-TFC,2024,1,0.9081689715385437,0.9100000262260437,0.91,5,Drop,5100,attack
34,DQN-TFC (seed=2024),DQN-TFC,2024,1,0.8976726531982422,0.8999999761581421,0.9,0,Forward,5137,attack
35,DQN-TFC (seed=2024),DQN-TFC,2024,0,0.8373674154281616,0.8399999737739563,0.83,0,Forward,5188,benign
36,DQN-TFC (seed=2024),DQN-TFC,2024,1,0.862047553062439,0.8600000143051147,0.86,5,Drop,5222,attack
37,DQN-TFC (seed=2024),DQN-TFC,2024,1,0.8858568668365479,0.8799999952316284,0.89,5,Drop,5375,attack
38,DQN-TFC (seed=2024),DQN-TFC,2024,1,0.8564433455467224,0.8500000238418579,0.86,5,Drop,5529,attack
39,DQN-TFC (seed=2024),DQN-TFC,2024,0,0.8269306421279907,0.8199999928474426,0.83,0,Forward,5615,benign
40,DQN-TFC (seed=2024),DQN-TFC,2024,0,0.813768208026886,0.8100000023841858,0.8,0,Forward,5691,benign
41,DQN-TFC (seed=2024),DQN-TFC,2024,0,0.8197215795516968,0.8100000023841858,0.81,0,Forward,5747,benign
42,DQN-TFC (seed=2024),DQN-TFC,2024,0,0.8220182061195374,0.8100000023841858,0.81,0,Forward,5774,benign
43,DQN-TFC (seed=2024),DQN-TFC,2024,1,0.8663164377212524,0.8600000143051147,0.86,5,Drop,5933,attack
44,DQN-TFC (seed=2024),DQN-TFC,2024,0,0.849316418170929,0.8399999737739563,0.84,5,Drop,5966,benign
45,DQN-TFC (seed=2024),DQN-TFC,2024,0,0.8093292713165283,0.800000011920929,0.8,0,Forward,6009,benign
46,DQN-TFC (seed=2024),DQN-TFC,2024,0,0.8414927124977112,0.8399999737739563,0.83,0,Forward,6047,benign
47,DQN-TFC (seed=2024),DQN-TFC,2024,0,0.7934058308601379,0.7900000214576721,0.79,0,Forward,6156,benign
48,DQN-TFC (seed=2024),DQN-TFC,2024,0,0.7934057116508484,0.7900000214576721,0.79,0,Forward,6158,benign
49,DQN-TFC (seed=2024),DQN-TFC,2024,0,0.8012173175811768,0.800000011920929,0.8,0,Forward,6161,benign
50,DQN-TFC (seed=2024),DQN-TFC,2024,1,0.8523243069648743,0.8500000238418579,0.85,5,Drop,6544,attack
51,DQN-TFC (seed=2024),DQN-TFC,2024,1,0.8538548350334167,0.8500000238418579,0.85,0,Forward,6691,attack
52,DQN-TFC (seed=2024),DQN-TFC,2024,0,0.8254052996635437,0.8299999833106995,0.83,0,Forward,7158,benign
53,DQN-TFC (seed=2024),DQN-TFC,2024,0,0.7887188196182251,0.7900000214576721,0.79,0,Forward,7298,benign
54,DQN-TFC (seed=2024),DQN-TFC,2024,1,0.8693459033966064,0.8700000047683716,0.87,5,Drop,7805,attack
55,DQN-TFC (seed=2024),DQN-TFC,2024,0,0.8328465819358826,0.8299999833106995,0.83,0,Forward,7938,benign
56,DQN-TFC (seed=2024),DQN-TFC,2024,1,0.8672149181365967,0.8700000047683716,0.87,5,Drop,8112,attack
57,DQN-TFC (seed=2024),DQN-TFC,2024,1,0.8870208859443665,0.8899999856948853,0.89,5,Drop,8169,attack
58,DQN-TFC (seed=2024),DQN-TFC,2024,1,0.8547448515892029,0.8600000143051147,0.86,0,Forward,8187,attack
59,DQN-TFC (seed=2024),DQN-TFC,2024,1,0.8655512928962708,0.8700000047683716,0.87,5,Drop,8323,attack
60,DQN-TFC (seed=2024),DQN-TFC,2024,0,0.7602249383926392,0.7599999904632568,0.76,0,Forward,8570,benign
61,DQN-TFC (seed=2024),DQN-TFC,2024,0,0.7500377893447876,0.75,0.75,0,Forward,8585,benign
62,DQN-TFC (seed=2024),DQN-TFC,2024,0,0.7400667071342468,0.7400000095367432,0.74,0,Forward,8593,benign
63,DQN-TFC (seed=2024),DQN-TFC,2024,1,0.8890588283538818,0.8899999856948853,0.88,5,Drop,8699,attack
64,DQN-TFC (seed=2024),DQN-TFC,2024,1,0.8890588879585266,0.8899999856948853,0.88,5,Drop,8700,attack
65,DQN-TFC (seed=2024),DQN-TFC,2024,0,0.8400719165802002,0.8399999737739563,0.84,0,Forward,8758,benign
66,DQN-TFC (seed=2024),DQN-TFC,2024,0,0.800307035446167,0.7900000214576721,0.79,0,Forward,8963,benign
67,DQN-TFC (seed=2024),DQN-TFC,2024,0,0.8101561069488525,0.8100000023841858,0.81,0,Forward,9413,benign
68,DQN-TFC (seed=2024),DQN-TFC,2024,1,0.8594833612442017,0.8600000143051147,0.86,0,Forward,9754,attack
69,DQN-TFC (seed=2024),DQN-TFC,2024,0,0.8076704144477844,0.8100000023841858,0.81,0,Forward,9871,benign
70,DQN-TFC (seed=2024),DQN-TFC,2024,0,0.7902960777282715,0.7900000214576721,0.79,0,Forward,9907,benign
71,DQN-TFC (seed=2024),DQN-TFC,2024,1,0.9019876718521118,0.8999999761581421,0.9,5,Drop,10288,attack
72,DQN-TFC (seed=2024),DQN-TFC,2024,1,0.8918544054031372,0.8899999856948853,0.89,5,Drop,10301,attack
73,DQN-TFC (seed=2024),DQN-TFC,2024,1,0.8455605506896973,0.8500000238418579,0.85,0,Forward,10545,attack
74,DQN-TFC (seed=2024),DQN-TFC,2024,0,0.8055262565612793,0.800000011920929,0.79,0,Forward,10720,benign
75,DQN-TFC (seed=2024),DQN-TFC,2024,1,0.8840524554252625,0.8700000047683716,0.88,5,Drop,10844,attack
76,DQN-TFC (seed=2024),DQN-TFC,2024,1,0.8640789985656738,0.8500000238418579,0.86,5,Drop,10855,attack
77,DQN-TFC (seed=2024),DQN-TFC,2024,0,0.7940945625305176,0.7799999713897705,0.79,0,Forward,10888,benign
78,DQN-TFC (seed=2024),DQN-TFC,2024,0,0.7955327033996582,0.7900000214576721,0.8,0,Forward,10926,benign
79,DQN-TFC (seed=2024),DQN-TFC,2024,0,0.8359295725822449,0.8299999833106995,0.84,0,Forward,11013,benign
80,DQN-TFC (seed=2024),DQN-TFC,2024,0,0.8027329444885254,0.7900000214576721,0.79,0,Forward,11177,benign
81,DQN-TFC (seed=2024),DQN-TFC,2024,0,0.8449897170066833,0.8399999737739563,0.84,5,Drop,11275,benign
82,DQN-TFC (seed=2024),DQN-TFC,2024,0,0.8350366950035095,0.8299999833106995,0.83,0,Forward,11301,benign
83,DQN-TFC (seed=2024),DQN-TFC,2024,0,0.8350360989570618,0.8299999833106995,0.83,0,Forward,11302,benign
84,DQN-TFC (seed=2024),DQN-TFC,2024,0,0.81482994556427,0.8100000023841858,0.81,0,Forward,11352,benign
85,DQN-TFC (seed=2024),DQN-TFC,2024,1,0.8718368411064148,0.8700000047683716,0.87,5,Drop,11464,attack
86,DQN-TFC (seed=2024),DQN-TFC,2024,1,0.8501495122909546,0.8500000238418579,0.86,5,Drop,11772,attack
87,DQN-TFC (seed=2024),DQN-TFC,2024,0,0.8084815144538879,0.800000011920929,0.81,0,Forward,11813,benign
88,DQN-TFC (seed=2024),DQN-TFC,2024,0,0.8098862171173096,0.8100000023841858,0.81,0,Forward,11881,benign
89,DQN-TFC (seed=2024),DQN-TFC,2024,1,0.8678771257400513,0.8700000047683716,0.86,5,Drop,12061,attack
90,DQN-TFC (seed=2024),DQN-TFC,2024,0,0.8481305837631226,0.8500000238418579,0.84,0,Forward,12088,benign
91,DQN-TFC (seed=2024),DQN-TFC,2024,1,0.858406126499176,0.8600000143051147,0.85,5,Drop,12109,attack
92,DQN-TFC (seed=2024),DQN-TFC,2024,1,0.8504123091697693,0.8500000238418579,0.85,0,Forward,12137,attack
93,DQN-TFC (seed=2024),DQN-TFC,2024,0,0.8224881887435913,0.8199999928474426,0.82,0,Forward,12176,benign
94,DQN-TFC (seed=2024),DQN-TFC,2024,0,0.8422060608863831,0.8399999737739563,0.84,0,Forward,12187,benign
95,DQN-TFC (seed=2024),DQN-TFC,2024,0,0.8399506211280823,0.8399999737739563,0.84,5,Drop,12297,benign
96,DQN-TFC (seed=2024),DQN-TFC,2024,1,0.8687772154808044,0.8700000047683716,0.87,5,Drop,12464,attack
97,DQN-TFC (seed=2024),DQN-TFC,2024,1,0.8521358966827393,0.8500000238418579,0.85,5,Drop,12715,attack
98,DQN-TFC (seed=2024),DQN-TFC,2024,1,0.8409515619277954,0.8399999737739563,0.85,0,Forward,12891,attack
99,DQN-TFC (seed=2024),DQN-TFC,2024,1,0.8435349464416504,0.8399999737739563,0.85,0,Forward,12963,attack
100,DQN-TFC (seed=2024),DQN-TFC,2024,0,0.8321276307106018,0.8299999833106995,0.83,0,Forward,13036,benign
101,DQN-TFC (seed=2024),DQN-TFC,2024,0,0.8130981922149658,0.8100000023841858,0.81,0,Forward,13047,benign
102,DQN-TFC (seed=2024),DQN-TFC,2024,0,0.8230418562889099,0.8199999928474426,0.82,0,Forward,13058,benign
103,DQN-TFC (seed=2024),DQN-TFC,2024,1,0.8648033142089844,0.8600000143051147,0.86,5,Drop,13189,attack
104,DQN-TFC (seed=2024),DQN-TFC,2024,1,0.8940011858940125,0.8899999856948853,0.89,5,Drop,13220,attack
105,DQN-TFC (seed=2024),DQN-TFC,2024,1,0.8817206621170044,0.8799999952316284,0.89,5,Drop,13229,attack
106,DQN-TFC (seed=2024),DQN-TFC,2024,0,0.789798378944397,0.7900000214576721,0.79,0,Forward,13418,benign
107,DQN-TFC (seed=2024),DQN-TFC,2024,0,0.799791693687439,0.800000011920929,0.8,0,Forward,13422,benign
108,DQN-TFC (seed=2024),DQN-TFC,2024,1,0.8395397067070007,0.8399999737739563,0.85,0,Forward,13790,attack
109,DQN-TFC (seed=2024),DQN-TFC,2024,0,0.8311482071876526,0.8299999833106995,0.84,0,Forward,13821,benign
110,DQN-TFC (seed=2024),DQN-TFC,2024,1,0.8897304534912109,0.8899999856948853,0.89,5,Drop,13896,attack
111,DQN-TFC (seed=2024),DQN-TFC,2024,1,0.8981784582138062,0.8999999761581421,0.9,5,Drop,13941,attack
112,DQN-TFC (seed=2024),DQN-TFC,2024,0,0.8418792486190796,0.8500000238418579,0.84,0,Forward,14060,benign
113,DQN-TFC (seed=2024),DQN-TFC,2024,0,0.8191235065460205,0.8100000023841858,0.8,0,Forward,14233,benign
114,DQN-TFC (seed=2024),DQN-TFC,2024,1,0.8727867007255554,0.8700000047683716,0.88,5,Drop,14309,attack
115,DQN-TFC (seed=2024),DQN-TFC,2024,1,0.859923243522644,0.8600000143051147,0.86,5,Drop,15051,attack
116,DQN-TFC (seed=2024),DQN-TFC,2024,1,0.8823280930519104,0.8799999952316284,0.88,5,Drop,15187,attack
117,DQN-TFC (seed=2024),DQN-TFC,2024,0,0.8324939608573914,0.8299999833106995,0.83,0,Forward,15211,benign
118,DQN-TFC (seed=2024),DQN-TFC,2024,1,0.8637133836746216,0.8600000143051147,0.86,5,Drop,15308,attack
119,DQN-TFC (seed=2024),DQN-TFC,2024,0,0.8160220384597778,0.8100000023841858,0.82,0,Forward,15325,benign
120,DQN-TFC (seed=2024),DQN-TFC,2024,0,0.754787802696228,0.75,0.76,0,Forward,15412,benign
121,DQN-TFC (seed=2024),DQN-TFC,2024,1,0.851523756980896,0.8500000238418579,0.85,5,Drop,15587,attack
122,DQN-TFC (seed=2024),DQN-TFC,2024,1,0.8701123595237732,0.8700000047683716,0.87,5,Drop,15646,attack
123,DQN-TFC (seed=2024),DQN-TFC,2024,1,0.8801069855690002,0.8799999952316284,0.88,5,Drop,15647,attack
124,DQN-TFC (seed=2024),DQN-TFC,2024,1,0.9189636707305908,0.9200000166893005,0.91,5,Drop,15731,attack
125,DQN-TFC (seed=2024),DQN-TFC,2024,0,0.8464939594268799,0.8500000238418579,0.84,5,Drop,16024,benign
126,DQN-TFC (seed=2024),DQN-TFC,2024,1,0.8612254858016968,0.8600000143051147,0.87,5,Drop,16469,attack
127,DQN-TFC (seed=2024),DQN-TFC,2024,1,0.8597354292869568,0.8600000143051147,0.87,5,Drop,16492,attack
128,DQN-TFC (seed=2024),DQN-TFC,2024,1,0.8625316619873047,0.8600000143051147,0.86,5,Drop,16621,attack
129,DQN-TFC (seed=2024),DQN-TFC,2024,1,0.8625324964523315,0.8600000143051147,0.86,5,Drop,16622,attack
130,DQN-TFC (seed=2024),DQN-TFC,2024,0,0.8334140777587891,0.8299999833106995,0.84,0,Forward,16712,benign
131,DQN-TFC (seed=2024),DQN-TFC,2024,1,0.8998856544494629,0.8999999761581421,0.9,5,Drop,16856,attack
132,DQN-TFC (seed=2024),DQN-TFC,2024,1,0.8994457721710205,0.8999999761581421,0.9,5,Drop,16929,attack
133,DQN-TFC (seed=2024),DQN-TFC,2024,1,0.8741875290870667,0.8700000047683716,0.88,5,Drop,17031,attack
134,DQN-TFC (seed=2024),DQN-TFC,2024,0,0.8287768363952637,0.8199999928474426,0.84,0,Forward,17229,benign
135,DQN-TFC (seed=2024),DQN-TFC,2024,0,0.8439942002296448,0.8399999737739563,0.84,5,Drop,17474,benign
136,DQN-TFC (seed=2024),DQN-TFC,2024,0,0.8278783559799194,0.8199999928474426,0.82,0,Forward,17678,benign
137,DQN-TFC (seed=2024),DQN-TFC,2024,0,0.8066718578338623,0.800000011920929,0.8,0,Forward,17719,benign
138,DQN-TFC (seed=2024),DQN-TFC,2024,0,0.8577614426612854,0.8500000238418579,0.84,5,Drop,18102,benign
139,DQN-TFC (seed=2024),DQN-TFC,2024,1,0.8832355737686157,0.8799999952316284,0.87,5,Drop,18120,attack
140,DQN-TFC (seed=2024),DQN-TFC,2024,1,0.8787582516670227,0.8799999952316284,0.88,5,Drop,18188,attack
141,DQN-TFC (seed=2024),DQN-TFC,2024,1,0.9003291130065918,0.8999999761581421,0.9,5,Drop,18373,attack
142,DQN-TFC (seed=2024),DQN-TFC,2024,0,0.8293827176094055,0.8299999833106995,0.83,0,Forward,18429,benign
143,DQN-TFC (seed=2024),DQN-TFC,2024,0,0.8019344806671143,0.800000011920929,0.8,0,Forward,18605,benign
144,DQN-TFC (seed=2024),DQN-TFC,2024,0,0.7719220519065857,0.7699999809265137,0.77,0,Forward,18629,benign
145,DQN-TFC (seed=2024),DQN-TFC,2024,1,0.8580705523490906,0.8600000143051147,0.86,0,Forward,19034,attack
146,DQN-TFC (seed=2024),DQN-TFC,2024,1,0.8591589331626892,0.8600000143051147,0.86,5,Drop,19261,attack
147,DQN-TFC (seed=2024),DQN-TFC,2024,0,0.8198917508125305,0.8199999928474426,0.82,0,Forward,19568,benign
148,DQN-TFC (seed=2024),DQN-TFC,2024,0,0.8346434831619263,0.8299999833106995,0.84,0,Forward,19606,benign
149,DQN-TFC (seed=2024),DQN-TFC,2024,0,0.6925909519195557,0.6899999976158142,0.69,0,Forward,19803,benign
150,DQN-TFC (seed=2024),DQN-TFC,2024,1,0.8533068895339966,0.8500000238418579,0.85,0,Forward,19973,attack
151,DQN-TFC (seed=2024),DQN-TFC,2024,1,0.9491422176361084,0.949999988079071,0.95,5,Drop,20134,attack
152,DQN-TFC (seed=2024),DQN-TFC,2024,1,0.8576992154121399,0.8600000143051147,0.86,5,Drop,20261,attack
153,DQN-TFC (seed=2024),DQN-TFC,2024,0,0.837689220905304,0.8399999737739563,0.84,0,Forward,20271,benign
154,DQN-TFC (seed=2024),DQN-TFC,2024,1,0.8698458075523376,0.8700000047683716,0.87,5,Drop,20328,attack
155,DQN-TFC (seed=2024),DQN-TFC,2024,1,0.8497189879417419,0.8500000238418579,0.85,5,Drop,20578,attack
156,DQN-TFC (seed=2024),DQN-TFC,2024,1,0.8485469818115234,0.8500000238418579,0.85,5,Drop,20712,attack
157,DQN-TFC (seed=2024),DQN-TFC,2024,1,0.8510622978210449,0.8500000238418579,0.86,5,Drop,20838,attack
158,DQN-TFC (seed=2024),DQN-TFC,2024,0,0.8205698132514954,0.8199999928474426,0.82,0,Forward,20916,benign
159,DQN-TFC (seed=2024),DQN-TFC,2024,0,0.7999889254570007,0.800000011920929,0.8,0,Forward,21203,benign
160,DQN-TFC (seed=2024),DQN-TFC,2024,0,0.7922539710998535,0.7900000214576721,0.8,0,Forward,21295,benign
161,DQN-TFC (seed=2024),DQN-TFC,2024,0,0.7913861870765686,0.7900000214576721,0.8,0,Forward,21299,benign
162,DQN-TFC (seed=2024),DQN-TFC,2024,0,0.830646812915802,0.8299999833106995,0.84,0,Forward,21508,benign
163,DQN-TFC (seed=2024),DQN-TFC,2024,1,0.8479499816894531,0.8500000238418579,0.85,0,Forward,21600,attack
164,DQN-TFC (seed=2024),DQN-TFC,2024,0,0.8187517523765564,0.8199999928474426,0.81,0,Forward,21733,benign
165,DQN-TFC (seed=2024),DQN-TFC,2024,0,0.7671636343002319,0.7599999904632568,0.76,0,Forward,21806,benign
166,DQN-TFC (seed=2024),DQN-TFC,2024,1,0.8541373610496521,0.8399999737739563,0.86,5,Drop,21948,attack
167,DQN-TFC (seed=2024),DQN-TFC,2024,1,0.876903235912323,0.8700000047683716,0.87,5,Drop,22082,attack
168,DQN-TFC (seed=2024),DQN-TFC,2024,1,0.9052704572677612,0.8999999761581421,0.9,5,Drop,22110,attack
169,DQN-TFC (seed=2024),DQN-TFC,2024,0,0.8391054272651672,0.8399999737739563,0.83,5,Drop,22171,benign
170,DQN-TFC (seed=2024),DQN-TFC,2024,1,0.8498303294181824,0.8500000238418579,0.85,5,Drop,22284,attack
171,DQN-TFC (seed=2024),DQN-TFC,2024,1,0.8491634130477905,0.8500000238418579,0.85,5,Drop,22317,attack
172,DQN-TFC (seed=2024),DQN-TFC,2024,1,0.8691211938858032,0.8700000047683716,0.87,5,Drop,22329,attack
173,DQN-TFC (seed=2024),DQN-TFC,2024,1,0.8876321911811829,0.8899999856948853,0.89,5,Drop,22468,attack
174,DQN-TFC (seed=2024),DQN-TFC,2024,1,0.8775237202644348,0.8799999952316284,0.88,5,Drop,22501,attack
175,DQN-TFC (seed=2024),DQN-TFC,2024,0,0.8302080035209656,0.8299999833106995,0.83,0,Forward,22708,benign
176,DQN-TFC (seed=2024),DQN-TFC,2024,1,0.8703062534332275,0.8700000047683716,0.87,5,Drop,22853,attack
177,DQN-TFC (seed=2024),DQN-TFC,2024,0,0.8237143158912659,0.8199999928474426,0.82,0,Forward,22944,benign
178,DQN-TFC (seed=2024),DQN-TFC,2024,1,0.8696657419204712,0.8600000143051147,0.86,5,Drop,23025,attack
179,DQN-TFC (seed=2024),DQN-TFC,2024,1,0.8847257494926453,0.8799999952316284,0.88,5,Drop,23094,attack
180,DQN-TFC (seed=2024),DQN-TFC,2024,1,0.8747749924659729,0.8700000047683716,0.87,5,Drop,23112,attack
181,DQN-TFC (seed=2024),DQN-TFC,2024,0,0.8125288486480713,0.8100000023841858,0.81,0,Forward,23209,benign
182,DQN-TFC (seed=2024),DQN-TFC,2024,0,0.8284656405448914,0.8299999833106995,0.83,0,Forward,23431,benign
183,DQN-TFC (seed=2024),DQN-TFC,2024,1,0.8589532971382141,0.8600000143051147,0.86,5,Drop,23733,attack
184,DQN-TFC (seed=2024),DQN-TFC,2024,1,0.8488499522209167,0.8500000238418579,0.85,5,Drop,23759,attack
185,DQN-TFC (seed=2024),DQN-TFC,2024,0,0.8388105034828186,0.8399999737739563,0.84,5,Drop,23778,benign
186,DQN-TFC (seed=2024),DQN-TFC,2024,0,0.8340607285499573,0.8299999833106995,0.83,5,Drop,23811,benign
187,DQN-TFC (seed=2024),DQN-TFC,2024,0,0.8036412000656128,0.800000011920929,0.8,0,Forward,24133,benign
188,DQN-TFC (seed=2024),DQN-TFC,2024,0,0.7837530374526978,0.7799999713897705,0.78,0,Forward,24191,benign
189,DQN-TFC (seed=2024),DQN-TFC,2024,0,0.7800889611244202,0.7799999713897705,0.78,0,Forward,24211,benign
190,DQN-TFC (seed=2024),DQN-TFC,2024,1,0.8676241040229797,0.8600000143051147,0.87,5,Drop,24373,attack
191,DQN-TFC (seed=2024),DQN-TFC,2024,0,0.8401661515235901,0.8399999737739563,0.84,0,Forward,24560,benign
192,DQN-TFC (seed=2024),DQN-TFC,2024,1,0.8799384832382202,0.8799999952316284,0.88,5,Drop,24613,attack
193,DQN-TFC (seed=2024),DQN-TFC,2024,1,0.889945924282074,0.8899999856948853,0.89,5,Drop,24618,attack
194,DQN-TFC (seed=2024),DQN-TFC,2024,1,0.8958290219306946,0.8899999856948853,0.91,5,Drop,24726,attack
195,DQN-TFC (seed=2024),DQN-TFC,2024,1,0.8804629445075989,0.8799999952316284,0.88,5,Drop,24772,attack
196,DQN-TFC (seed=2024),DQN-TFC,2024,0,0.843108594417572,0.8399999737739563,0.84,5,Drop,24837,benign
197,DQN-TFC (seed=2024),DQN-TFC,2024,0,0.8299122452735901,0.8299999833106995,0.83,0,Forward,24967,benign
198,DQN-TFC (seed=2024),DQN-TFC,2024,0,0.8168489336967468,0.8199999928474426,0.82,0,Forward,24996,benign
199,DQN-TFC (seed=2024),DQN-TFC,2024,0,0.7699838280677795,0.7599999904632568,0.77,0,Forward,25212,benign
200,DQN-TFC (seed=2024),DQN-TFC,2024,1,0.8604229688644409,0.8600000143051147,0.86,5,Drop,25323,attack
201,DQN-TFC (seed=2024),DQN-TFC,2024,1,0.8699449300765991,0.8700000047683716,0.87,5,Drop,25341,attack
202,DQN-TFC (seed=2024),DQN-TFC,2024,0,0.7626132369041443,0.7599999904632568,0.76,0,Forward,25525,benign
203,DQN-TFC (seed=2024),DQN-TFC,2024,0,0.7826955914497375,0.7799999713897705,0.78,0,Forward,25624,benign
204,DQN-TFC (seed=2024),DQN-TFC,2024,1,0.8601194024085999,0.8600000143051147,0.86,5,Drop,25753,attack
205,DQN-TFC (seed=2024),DQN-TFC,2024,1,0.8498777151107788,0.8500000238418579,0.85,5,Drop,25855,attack
206,DQN-TFC (seed=2024),DQN-TFC,2024,1,0.8552750945091248,0.8600000143051147,0.85,5,Drop,25924,attack
207,DQN-TFC (seed=2024),DQN-TFC,2024,1,0.8599913120269775,0.8600000143051147,0.86,5,Drop,26023,attack
208,DQN-TFC (seed=2024),DQN-TFC,2024,0,0.8406216502189636,0.8399999737739563,0.84,5,Drop,26138,benign
209,DQN-TFC (seed=2024),DQN-TFC,2024,0,0.8106439113616943,0.8100000023841858,0.81,0,Forward,26215,benign
210,DQN-TFC (seed=2024),DQN-TFC,2024,1,0.8734425902366638,0.8700000047683716,0.88,5,Drop,26320,attack
211,DQN-TFC (seed=2024),DQN-TFC,2024,1,0.8734425902366638,0.8700000047683716,0.88,5,Drop,26321,attack
212,DQN-TFC (seed=2024),DQN-TFC,2024,0,0.8274185657501221,0.8199999928474426,0.82,0,Forward,26485,benign
213,DQN-TFC (seed=2024),DQN-TFC,2024,0,0.7977456450462341,0.7900000214576721,0.8,0,Forward,26629,benign
214,DQN-TFC (seed=2024),DQN-TFC,2024,0,0.7860429883003235,0.7799999713897705,0.79,0,Forward,26652,benign
215,DQN-TFC (seed=2024),DQN-TFC,2024,0,0.8211085796356201,0.8199999928474426,0.82,0,Forward,27007,benign
216,DQN-TFC (seed=2024),DQN-TFC,2024,0,0.8113611340522766,0.8100000023841858,0.81,0,Forward,27027,benign
217,DQN-TFC (seed=2024),DQN-TFC,2024,0,0.8113600015640259,0.8100000023841858,0.81,0,Forward,27028,benign
218,DQN-TFC (seed=2024),DQN-TFC,2024,1,0.8569684028625488,0.8500000238418579,0.86,5,Drop,27099,attack
219,DQN-TFC (seed=2024),DQN-TFC,2024,1,0.8499709963798523,0.8500000238418579,0.85,5,Drop,27290,attack
220,DQN-TFC (seed=2024),DQN-TFC,2024,0,0.8199859857559204,0.8199999928474426,0.82,0,Forward,27385,benign
221,DQN-TFC (seed=2024),DQN-TFC,2024,0,0.8246893286705017,0.8199999928474426,0.82,0,Forward,27475,benign
222,DQN-TFC (seed=2024),DQN-TFC,2024,1,0.8756607174873352,0.8799999952316284,0.88,5,Drop,27647,attack
223,DQN-TFC (seed=2024),DQN-TFC,2024,1,0.8587411642074585,0.8600000143051147,0.86,5,Drop,27708,attack
224,DQN-TFC (seed=2024),DQN-TFC,2024,0,0.8176383972167969,0.8199999928474426,0.81,0,Forward,27800,benign
225,DQN-TFC (seed=2024),DQN-TFC,2024,0,0.8300334215164185,0.8299999833106995,0.82,0,Forward,27874,benign
226,DQN-TFC (seed=2024),DQN-TFC,2024,1,0.8468767404556274,0.8399999737739563,0.85,0,Forward,28068,attack
227,DQN-TFC (seed=2024),DQN-TFC,2024,0,0.8368855118751526,0.8299999833106995,0.84,0,Forward,28073,benign
228,DQN-TFC (seed=2024),DQN-TFC,2024,1,0.879469096660614,0.8799999952316284,0.87,5,Drop,28281,attack
229,DQN-TFC (seed=2024),DQN-TFC,2024,0,0.8395709991455078,0.8399999737739563,0.83,5,Drop,28318,benign
230,DQN-TFC (seed=2024),DQN-TFC,2024,0,0.8398676514625549,0.8399999737739563,0.84,5,Drop,28618,benign
231,DQN-TFC (seed=2024),DQN-TFC,2024,0,0.824093222618103,0.8199999928474426,0.83,0,Forward,28794,benign
232,DQN-TFC (seed=2024),DQN-TFC,2024,0,0.8240866661071777,0.8199999928474426,0.83,0,Forward,28804,benign
233,DQN-TFC (seed=2024),DQN-TFC,2024,1,0.8526306748390198,0.8500000238418579,0.85,5,Drop,28906,attack
234,DQN-TFC (seed=2024),DQN-TFC,2024,1,0.8526313900947571,0.8500000238418579,0.85,5,Drop,28907,attack
235,DQN-TFC (seed=2024),DQN-TFC,2024,1,0.8500974178314209,0.8500000238418579,0.85,0,Forward,29018,attack
236,DQN-TFC (seed=2024),DQN-TFC,2024,0,0.8424707651138306,0.8399999737739563,0.84,0,Forward,29042,benign
237,DQN-TFC (seed=2024),DQN-TFC,2024,0,0.8119410872459412,0.8100000023841858,0.81,0,Forward,29145,benign
238,DQN-TFC (seed=2024),DQN-TFC,2024,0,0.8217334747314453,0.8199999928474426,0.82,0,Forward,29234,benign
239,DQN-TFC (seed=2024),DQN-TFC,2024,0,0.8317458629608154,0.8299999833106995,0.83,0,Forward,29238,benign
240,DQN-TFC (seed=2024),DQN-TFC,2024,0,0.8088564872741699,0.8100000023841858,0.81,0,Forward,29334,benign
241,DQN-TFC (seed=2024),DQN-TFC,2024,1,0.8475148677825928,0.8500000238418579,0.85,5,Drop,29394,attack
242,DQN-TFC (seed=2024),DQN-TFC,2024,0,0.8201691508293152,0.8199999928474426,0.83,0,Forward,29434,benign
243,DQN-TFC (seed=2024),DQN-TFC,2024,1,0.8426319360733032,0.8399999737739563,0.85,0,Forward,29457,attack
244,DQN-TFC (seed=2024),DQN-TFC,2024,0,0.8261587023735046,0.8299999833106995,0.83,5,Drop,29590,benign
245,DQN-TFC (seed=2024),DQN-TFC,2024,0,0.8141408562660217,0.8100000023841858,0.82,0,Forward,29634,benign
246,DQN-TFC (seed=2024),DQN-TFC,2024,0,0.8041713237762451,0.800000011920929,0.81,0,Forward,29644,benign
247,DQN-TFC (seed=2024),DQN-TFC,2024,0,0.8383910655975342,0.8399999737739563,0.84,0,Forward,29713,benign
248,DQN-TFC (seed=2024),DQN-TFC,2024,1,0.9029292464256287,0.8999999761581421,0.9,5,Drop,29828,attack
0,DQN-TFC (seed=2025),DQN-TFC,2025,1,0.879833996295929,0.8799999952316284,0.88,6,Isolate,34,attack
1,DQN-TFC (seed=2025),DQN-TFC,2025,0,0.8099673390388489,0.8100000023841858,0.81,5,Drop,163,benign
2,DQN-TFC (seed=2025),DQN-TFC,2025,0,0.8290244936943054,0.8299999833106995,0.82,6,Isolate,359,benign
3,DQN-TFC (seed=2025),DQN-TFC,2025,1,0.8779748678207397,0.8799999952316284,0.87,6,Isolate,543,attack
4,DQN-TFC (seed=2025),DQN-TFC,2025,1,0.8908616900444031,0.8899999856948853,0.89,6,Isolate,788,attack
5,DQN-TFC (seed=2025),DQN-TFC,2025,0,0.8184310793876648,0.8199999928474426,0.83,6,Isolate,1007,benign
6,DQN-TFC (seed=2025),DQN-TFC,2025,1,0.8630930185317993,0.8700000047683716,0.86,6,Isolate,1077,attack
7,DQN-TFC (seed=2025),DQN-TFC,2025,0,0.7812010049819946,0.7799999713897705,0.78,6,Isolate,1173,benign
8,DQN-TFC (seed=2025),DQN-TFC,2025,0,0.7988349199295044,0.800000011920929,0.8,6,Isolate,1338,benign
9,DQN-TFC (seed=2025),DQN-TFC,2025,1,0.8783858418464661,0.8799999952316284,0.88,6,Isolate,1589,attack
10,DQN-TFC (seed=2025),DQN-TFC,2025,1,0.9270837903022766,0.9300000071525574,0.93,6,Isolate,1711,attack
11,DQN-TFC (seed=2025),DQN-TFC,2025,1,0.9204261302947998,0.9200000166893005,0.92,6,Isolate,1755,attack
12,DQN-TFC (seed=2025),DQN-TFC,2025,1,0.8790686726570129,0.8799999952316284,0.88,6,Isolate,1826,attack
13,DQN-TFC (seed=2025),DQN-TFC,2025,1,0.8598487377166748,0.8600000143051147,0.86,6,Isolate,2303,attack
14,DQN-TFC (seed=2025),DQN-TFC,2025,1,0.8559197187423706,0.8500000238418579,0.87,6,Isolate,2509,attack
15,DQN-TFC (seed=2025),DQN-TFC,2025,1,0.8448888659477234,0.8399999737739563,0.85,6,Isolate,2579,attack
16,DQN-TFC (seed=2025),DQN-TFC,2025,1,0.8343343138694763,0.8299999833106995,0.85,6,Isolate,2704,attack
17,DQN-TFC (seed=2025),DQN-TFC,2025,1,0.909209668636322,0.9100000262260437,0.91,6,Isolate,2984,attack
18,DQN-TFC (seed=2025),DQN-TFC,2025,1,0.892710268497467,0.8899999856948853,0.89,6,Isolate,3042,attack
19,DQN-TFC (seed=2025),DQN-TFC,2025,0,0.779188334941864,0.7799999713897705,0.78,6,Isolate,3187,benign
20,DQN-TFC (seed=2025),DQN-TFC,2025,0,0.7874859571456909,0.7900000214576721,0.79,6,Isolate,3200,benign
21,DQN-TFC (seed=2025),DQN-TFC,2025,1,0.8884751200675964,0.8899999856948853,0.88,6,Isolate,3480,attack
22,DQN-TFC (seed=2025),DQN-TFC,2025,0,0.8297797441482544,0.8299999833106995,0.83,6,Isolate,3603,benign
23,DQN-TFC (seed=2025),DQN-TFC,2025,1,0.8987791538238525,0.8999999761581421,0.9,6,Isolate,4036,attack
24,DQN-TFC (seed=2025),DQN-TFC,2025,1,0.9100563526153564,0.9100000262260437,0.91,6,Isolate,4096,attack
25,DQN-TFC (seed=2025),DQN-TFC,2025,0,0.7760412693023682,0.7799999713897705,0.78,6,Isolate,4223,benign
26,DQN-TFC (seed=2025),DQN-TFC,2025,0,0.7967140674591064,0.7900000214576721,0.8,6,Isolate,4492,benign
27,DQN-TFC (seed=2025),DQN-TFC,2025,0,0.773356556892395,0.7699999809265137,0.78,6,Isolate,4724,benign
28,DQN-TFC (seed=2025),DQN-TFC,2025,1,0.9137651920318604,0.9100000262260437,0.92,6,Isolate,4794,attack
29,DQN-TFC (seed=2025),DQN-TFC,2025,1,0.8725376129150391,0.8700000047683716,0.88,6,Isolate,4856,attack
30,DQN-TFC (seed=2025),DQN-TFC,2025,1,0.8711929321289062,0.8700000047683716,0.88,6,Isolate,4879,attack
31,DQN-TFC (seed=2025),DQN-TFC,2025,1,0.8682050108909607,0.8700000047683716,0.87,6,Isolate,5004,attack
32,DQN-TFC (seed=2025),DQN-TFC,2025,1,0.8684120178222656,0.8700000047683716,0.87,6,Isolate,5015,attack
33,DQN-TFC (seed=2025),DQN-TFC,2025,1,0.9081689715385437,0.9100000262260437,0.91,6,Isolate,5100,attack
34,DQN-TFC (seed=2025),DQN-TFC,2025,1,0.8976726531982422,0.8999999761581421,0.9,6,Isolate,5137,attack
35,DQN-TFC (seed=2025),DQN-TFC,2025,0,0.8373674154281616,0.8399999737739563,0.83,6,Isolate,5188,benign
36,DQN-TFC (seed=2025),DQN-TFC,2025,1,0.862047553062439,0.8600000143051147,0.86,6,Isolate,5222,attack
37,DQN-TFC (seed=2025),DQN-TFC,2025,1,0.8858568668365479,0.8799999952316284,0.89,6,Isolate,5375,attack
38,DQN-TFC (seed=2025),DQN-TFC,2025,1,0.8564433455467224,0.8500000238418579,0.86,6,Isolate,5529,attack
39,DQN-TFC (seed=2025),DQN-TFC,2025,0,0.8269306421279907,0.8199999928474426,0.83,6,Isolate,5615,benign
40,DQN-TFC (seed=2025),DQN-TFC,2025,0,0.813768208026886,0.8100000023841858,0.8,6,Isolate,5691,benign
41,DQN-TFC (seed=2025),DQN-TFC,2025,0,0.8197215795516968,0.8100000023841858,0.81,6,Isolate,5747,benign
42,DQN-TFC (seed=2025),DQN-TFC,2025,0,0.8220182061195374,0.8100000023841858,0.81,6,Isolate,5774,benign
43,DQN-TFC (seed=2025),DQN-TFC,2025,1,0.8663164377212524,0.8600000143051147,0.86,6,Isolate,5933,attack
44,DQN-TFC (seed=2025),DQN-TFC,2025,0,0.849316418170929,0.8399999737739563,0.84,6,Isolate,5966,benign
45,DQN-TFC (seed=2025),DQN-TFC,2025,0,0.8093292713165283,0.800000011920929,0.8,6,Isolate,6009,benign
46,DQN-TFC (seed=2025),DQN-TFC,2025,0,0.8414927124977112,0.8399999737739563,0.83,6,Isolate,6047,benign
47,DQN-TFC (seed=2025),DQN-TFC,2025,0,0.7934058308601379,0.7900000214576721,0.79,5,Drop,6156,benign
48,DQN-TFC (seed=2025),DQN-TFC,2025,0,0.7934057116508484,0.7900000214576721,0.79,5,Drop,6158,benign
49,DQN-TFC (seed=2025),DQN-TFC,2025,0,0.8012173175811768,0.800000011920929,0.8,5,Drop,6161,benign
50,DQN-TFC (seed=2025),DQN-TFC,2025,1,0.8523243069648743,0.8500000238418579,0.85,6,Isolate,6544,attack
51,DQN-TFC (seed=2025),DQN-TFC,2025,1,0.8538548350334167,0.8500000238418579,0.85,6,Isolate,6691,attack
52,DQN-TFC (seed=2025),DQN-TFC,2025,0,0.8254052996635437,0.8299999833106995,0.83,6,Isolate,7158,benign
53,DQN-TFC (seed=2025),DQN-TFC,2025,0,0.7887188196182251,0.7900000214576721,0.79,6,Isolate,7298,benign
54,DQN-TFC (seed=2025),DQN-TFC,2025,1,0.8693459033966064,0.8700000047683716,0.87,6,Isolate,7805,attack
55,DQN-TFC (seed=2025),DQN-TFC,2025,0,0.8328465819358826,0.8299999833106995,0.83,6,Isolate,7938,benign
56,DQN-TFC (seed=2025),DQN-TFC,2025,1,0.8672149181365967,0.8700000047683716,0.87,6,Isolate,8112,attack
57,DQN-TFC (seed=2025),DQN-TFC,2025,1,0.8870208859443665,0.8899999856948853,0.89,6,Isolate,8169,attack
58,DQN-TFC (seed=2025),DQN-TFC,2025,1,0.8547448515892029,0.8600000143051147,0.86,6,Isolate,8187,attack
59,DQN-TFC (seed=2025),DQN-TFC,2025,1,0.8655512928962708,0.8700000047683716,0.87,6,Isolate,8323,attack
60,DQN-TFC (seed=2025),DQN-TFC,2025,0,0.7602249383926392,0.7599999904632568,0.76,6,Isolate,8570,benign
61,DQN-TFC (seed=2025),DQN-TFC,2025,0,0.7500377893447876,0.75,0.75,6,Isolate,8585,benign
62,DQN-TFC (seed=2025),DQN-TFC,2025,0,0.7400667071342468,0.7400000095367432,0.74,6,Isolate,8593,benign
63,DQN-TFC (seed=2025),DQN-TFC,2025,1,0.8890588283538818,0.8899999856948853,0.88,6,Isolate,8699,attack
64,DQN-TFC (seed=2025),DQN-TFC,2025,1,0.8890588879585266,0.8899999856948853,0.88,6,Isolate,8700,attack
65,DQN-TFC (seed=2025),DQN-TFC,2025,0,0.8400719165802002,0.8399999737739563,0.84,6,Isolate,8758,benign
66,DQN-TFC (seed=2025),DQN-TFC,2025,0,0.800307035446167,0.7900000214576721,0.79,6,Isolate,8963,benign
67,DQN-TFC (seed=2025),DQN-TFC,2025,0,0.8101561069488525,0.8100000023841858,0.81,6,Isolate,9413,benign
68,DQN-TFC (seed=2025),DQN-TFC,2025,1,0.8594833612442017,0.8600000143051147,0.86,6,Isolate,9754,attack
69,DQN-TFC (seed=2025),DQN-TFC,2025,0,0.8076704144477844,0.8100000023841858,0.81,6,Isolate,9871,benign
70,DQN-TFC (seed=2025),DQN-TFC,2025,0,0.7902960777282715,0.7900000214576721,0.79,5,Drop,9907,benign
71,DQN-TFC (seed=2025),DQN-TFC,2025,1,0.9019876718521118,0.8999999761581421,0.9,6,Isolate,10288,attack
72,DQN-TFC (seed=2025),DQN-TFC,2025,1,0.8918544054031372,0.8899999856948853,0.89,6,Isolate,10301,attack
73,DQN-TFC (seed=2025),DQN-TFC,2025,1,0.8455605506896973,0.8500000238418579,0.85,6,Isolate,10545,attack
74,DQN-TFC (seed=2025),DQN-TFC,2025,0,0.8055262565612793,0.800000011920929,0.79,6,Isolate,10720,benign
75,DQN-TFC (seed=2025),DQN-TFC,2025,1,0.8840524554252625,0.8700000047683716,0.88,6,Isolate,10844,attack
76,DQN-TFC (seed=2025),DQN-TFC,2025,1,0.8640789985656738,0.8500000238418579,0.86,6,Isolate,10855,attack
77,DQN-TFC (seed=2025),DQN-TFC,2025,0,0.7940945625305176,0.7799999713897705,0.79,6,Isolate,10888,benign
78,DQN-TFC (seed=2025),DQN-TFC,2025,0,0.7955327033996582,0.7900000214576721,0.8,6,Isolate,10926,benign
79,DQN-TFC (seed=2025),DQN-TFC,2025,0,0.8359295725822449,0.8299999833106995,0.84,6,Isolate,11013,benign
80,DQN-TFC (seed=2025),DQN-TFC,2025,0,0.8027329444885254,0.7900000214576721,0.79,6,Isolate,11177,benign
81,DQN-TFC (seed=2025),DQN-TFC,2025,0,0.8449897170066833,0.8399999737739563,0.84,6,Isolate,11275,benign
82,DQN-TFC (seed=2025),DQN-TFC,2025,0,0.8350366950035095,0.8299999833106995,0.83,6,Isolate,11301,benign
83,DQN-TFC (seed=2025),DQN-TFC,2025,0,0.8350360989570618,0.8299999833106995,0.83,6,Isolate,11302,benign
84,DQN-TFC (seed=2025),DQN-TFC,2025,0,0.81482994556427,0.8100000023841858,0.81,6,Isolate,11352,benign
85,DQN-TFC (seed=2025),DQN-TFC,2025,1,0.8718368411064148,0.8700000047683716,0.87,6,Isolate,11464,attack
86,DQN-TFC (seed=2025),DQN-TFC,2025,1,0.8501495122909546,0.8500000238418579,0.86,6,Isolate,11772,attack
87,DQN-TFC (seed=2025),DQN-TFC,2025,0,0.8084815144538879,0.800000011920929,0.81,6,Isolate,11813,benign
88,DQN-TFC (seed=2025),DQN-TFC,2025,0,0.8098862171173096,0.8100000023841858,0.81,6,Isolate,11881,benign
89,DQN-TFC (seed=2025),DQN-TFC,2025,1,0.8678771257400513,0.8700000047683716,0.86,6,Isolate,12061,attack
90,DQN-TFC (seed=2025),DQN-TFC,2025,0,0.8481305837631226,0.8500000238418579,0.84,6,Isolate,12088,benign
91,DQN-TFC (seed=2025),DQN-TFC,2025,1,0.858406126499176,0.8600000143051147,0.85,6,Isolate,12109,attack
92,DQN-TFC (seed=2025),DQN-TFC,2025,1,0.8504123091697693,0.8500000238418579,0.85,6,Isolate,12137,attack
93,DQN-TFC (seed=2025),DQN-TFC,2025,0,0.8224881887435913,0.8199999928474426,0.82,6,Isolate,12176,benign
94,DQN-TFC (seed=2025),DQN-TFC,2025,0,0.8422060608863831,0.8399999737739563,0.84,6,Isolate,12187,benign
95,DQN-TFC (seed=2025),DQN-TFC,2025,0,0.8399506211280823,0.8399999737739563,0.84,6,Isolate,12297,benign
96,DQN-TFC (seed=2025),DQN-TFC,2025,1,0.8687772154808044,0.8700000047683716,0.87,6,Isolate,12464,attack
97,DQN-TFC (seed=2025),DQN-TFC,2025,1,0.8521358966827393,0.8500000238418579,0.85,6,Isolate,12715,attack
98,DQN-TFC (seed=2025),DQN-TFC,2025,1,0.8409515619277954,0.8399999737739563,0.85,6,Isolate,12891,attack
99,DQN-TFC (seed=2025),DQN-TFC,2025,1,0.8435349464416504,0.8399999737739563,0.85,6,Isolate,12963,attack
100,DQN-TFC (seed=2025),DQN-TFC,2025,0,0.8321276307106018,0.8299999833106995,0.83,6,Isolate,13036,benign
101,DQN-TFC (seed=2025),DQN-TFC,2025,0,0.8130981922149658,0.8100000023841858,0.81,6,Isolate,13047,benign
102,DQN-TFC (seed=2025),DQN-TFC,2025,0,0.8230418562889099,0.8199999928474426,0.82,6,Isolate,13058,benign
103,DQN-TFC (seed=2025),DQN-TFC,2025,1,0.8648033142089844,0.8600000143051147,0.86,6,Isolate,13189,attack
104,DQN-TFC (seed=2025),DQN-TFC,2025,1,0.8940011858940125,0.8899999856948853,0.89,6,Isolate,13220,attack
105,DQN-TFC (seed=2025),DQN-TFC,2025,1,0.8817206621170044,0.8799999952316284,0.89,6,Isolate,13229,attack
106,DQN-TFC (seed=2025),DQN-TFC,2025,0,0.789798378944397,0.7900000214576721,0.79,6,Isolate,13418,benign
107,DQN-TFC (seed=2025),DQN-TFC,2025,0,0.799791693687439,0.800000011920929,0.8,6,Isolate,13422,benign
108,DQN-TFC (seed=2025),DQN-TFC,2025,1,0.8395397067070007,0.8399999737739563,0.85,6,Isolate,13790,attack
109,DQN-TFC (seed=2025),DQN-TFC,2025,0,0.8311482071876526,0.8299999833106995,0.84,6,Isolate,13821,benign
110,DQN-TFC (seed=2025),DQN-TFC,2025,1,0.8897304534912109,0.8899999856948853,0.89,6,Isolate,13896,attack
111,DQN-TFC (seed=2025),DQN-TFC,2025,1,0.8981784582138062,0.8999999761581421,0.9,6,Isolate,13941,attack
112,DQN-TFC (seed=2025),DQN-TFC,2025,0,0.8418792486190796,0.8500000238418579,0.84,5,Drop,14060,benign
113,DQN-TFC (seed=2025),DQN-TFC,2025,0,0.8191235065460205,0.8100000023841858,0.8,6,Isolate,14233,benign
114,DQN-TFC (seed=2025),DQN-TFC,2025,1,0.8727867007255554,0.8700000047683716,0.88,6,Isolate,14309,attack
115,DQN-TFC (seed=2025),DQN-TFC,2025,1,0.859923243522644,0.8600000143051147,0.86,6,Isolate,15051,attack
116,DQN-TFC (seed=2025),DQN-TFC,2025,1,0.8823280930519104,0.8799999952316284,0.88,6,Isolate,15187,attack
117,DQN-TFC (seed=2025),DQN-TFC,2025,0,0.8324939608573914,0.8299999833106995,0.83,6,Isolate,15211,benign
118,DQN-TFC (seed=2025),DQN-TFC,2025,1,0.8637133836746216,0.8600000143051147,0.86,6,Isolate,15308,attack
119,DQN-TFC (seed=2025),DQN-TFC,2025,0,0.8160220384597778,0.8100000023841858,0.82,6,Isolate,15325,benign
120,DQN-TFC (seed=2025),DQN-TFC,2025,0,0.754787802696228,0.75,0.76,6,Isolate,15412,benign
121,DQN-TFC (seed=2025),DQN-TFC,2025,1,0.851523756980896,0.8500000238418579,0.85,6,Isolate,15587,attack
122,DQN-TFC (seed=2025),DQN-TFC,2025,1,0.8701123595237732,0.8700000047683716,0.87,6,Isolate,15646,attack
123,DQN-TFC (seed=2025),DQN-TFC,2025,1,0.8801069855690002,0.8799999952316284,0.88,6,Isolate,15647,attack
124,DQN-TFC (seed=2025),DQN-TFC,2025,1,0.9189636707305908,0.9200000166893005,0.91,6,Isolate,15731,attack
125,DQN-TFC (seed=2025),DQN-TFC,2025,0,0.8464939594268799,0.8500000238418579,0.84,6,Isolate,16024,benign
126,DQN-TFC (seed=2025),DQN-TFC,2025,1,0.8612254858016968,0.8600000143051147,0.87,6,Isolate,16469,attack
127,DQN-TFC (seed=2025),DQN-TFC,2025,1,0.8597354292869568,0.8600000143051147,0.87,6,Isolate,16492,attack
128,DQN-TFC (seed=2025),DQN-TFC,2025,1,0.8625316619873047,0.8600000143051147,0.86,6,Isolate,16621,attack
129,DQN-TFC (seed=2025),DQN-TFC,2025,1,0.8625324964523315,0.8600000143051147,0.86,6,Isolate,16622,attack
130,DQN-TFC (seed=2025),DQN-TFC,2025,0,0.8334140777587891,0.8299999833106995,0.84,6,Isolate,16712,benign
131,DQN-TFC (seed=2025),DQN-TFC,2025,1,0.8998856544494629,0.8999999761581421,0.9,6,Isolate,16856,attack
132,DQN-TFC (seed=2025),DQN-TFC,2025,1,0.8994457721710205,0.8999999761581421,0.9,6,Isolate,16929,attack
133,DQN-TFC (seed=2025),DQN-TFC,2025,1,0.8741875290870667,0.8700000047683716,0.88,6,Isolate,17031,attack
134,DQN-TFC (seed=2025),DQN-TFC,2025,0,0.8287768363952637,0.8199999928474426,0.84,6,Isolate,17229,benign
135,DQN-TFC (seed=2025),DQN-TFC,2025,0,0.8439942002296448,0.8399999737739563,0.84,6,Isolate,17474,benign
136,DQN-TFC (seed=2025),DQN-TFC,2025,0,0.8278783559799194,0.8199999928474426,0.82,6,Isolate,17678,benign
137,DQN-TFC (seed=2025),DQN-TFC,2025,0,0.8066718578338623,0.800000011920929,0.8,6,Isolate,17719,benign
138,DQN-TFC (seed=2025),DQN-TFC,2025,0,0.8577614426612854,0.8500000238418579,0.84,6,Isolate,18102,benign
139,DQN-TFC (seed=2025),DQN-TFC,2025,1,0.8832355737686157,0.8799999952316284,0.87,6,Isolate,18120,attack
140,DQN-TFC (seed=2025),DQN-TFC,2025,1,0.8787582516670227,0.8799999952316284,0.88,6,Isolate,18188,attack
141,DQN-TFC (seed=2025),DQN-TFC,2025,1,0.9003291130065918,0.8999999761581421,0.9,6,Isolate,18373,attack
142,DQN-TFC (seed=2025),DQN-TFC,2025,0,0.8293827176094055,0.8299999833106995,0.83,6,Isolate,18429,benign
143,DQN-TFC (seed=2025),DQN-TFC,2025,0,0.8019344806671143,0.800000011920929,0.8,6,Isolate,18605,benign
144,DQN-TFC (seed=2025),DQN-TFC,2025,0,0.7719220519065857,0.7699999809265137,0.77,5,Drop,18629,benign
145,DQN-TFC (seed=2025),DQN-TFC,2025,1,0.8580705523490906,0.8600000143051147,0.86,6,Isolate,19034,attack
146,DQN-TFC (seed=2025),DQN-TFC,2025,1,0.8591589331626892,0.8600000143051147,0.86,6,Isolate,19261,attack
147,DQN-TFC (seed=2025),DQN-TFC,2025,0,0.8198917508125305,0.8199999928474426,0.82,6,Isolate,19568,benign
148,DQN-TFC (seed=2025),DQN-TFC,2025,0,0.8346434831619263,0.8299999833106995,0.84,6,Isolate,19606,benign
149,DQN-TFC (seed=2025),DQN-TFC,2025,0,0.6925909519195557,0.6899999976158142,0.69,5,Drop,19803,benign
150,DQN-TFC (seed=2025),DQN-TFC,2025,1,0.8533068895339966,0.8500000238418579,0.85,6,Isolate,19973,attack
151,DQN-TFC (seed=2025),DQN-TFC,2025,1,0.9491422176361084,0.949999988079071,0.95,6,Isolate,20134,attack
152,DQN-TFC (seed=2025),DQN-TFC,2025,1,0.8576992154121399,0.8600000143051147,0.86,6,Isolate,20261,attack
153,DQN-TFC (seed=2025),DQN-TFC,2025,0,0.837689220905304,0.8399999737739563,0.84,6,Isolate,20271,benign
154,DQN-TFC (seed=2025),DQN-TFC,2025,1,0.8698458075523376,0.8700000047683716,0.87,6,Isolate,20328,attack
155,DQN-TFC (seed=2025),DQN-TFC,2025,1,0.8497189879417419,0.8500000238418579,0.85,6,Isolate,20578,attack
156,DQN-TFC (seed=2025),DQN-TFC,2025,1,0.8485469818115234,0.8500000238418579,0.85,6,Isolate,20712,attack
157,DQN-TFC (seed=2025),DQN-TFC,2025,1,0.8510622978210449,0.8500000238418579,0.86,6,Isolate,20838,attack
158,DQN-TFC (seed=2025),DQN-TFC,2025,0,0.8205698132514954,0.8199999928474426,0.82,6,Isolate,20916,benign
159,DQN-TFC (seed=2025),DQN-TFC,2025,0,0.7999889254570007,0.800000011920929,0.8,6,Isolate,21203,benign
160,DQN-TFC (seed=2025),DQN-TFC,2025,0,0.7922539710998535,0.7900000214576721,0.8,6,Isolate,21295,benign
161,DQN-TFC (seed=2025),DQN-TFC,2025,0,0.7913861870765686,0.7900000214576721,0.8,6,Isolate,21299,benign
162,DQN-TFC (seed=2025),DQN-TFC,2025,0,0.830646812915802,0.8299999833106995,0.84,6,Isolate,21508,benign
163,DQN-TFC (seed=2025),DQN-TFC,2025,1,0.8479499816894531,0.8500000238418579,0.85,6,Isolate,21600,attack
164,DQN-TFC (seed=2025),DQN-TFC,2025,0,0.8187517523765564,0.8199999928474426,0.81,5,Drop,21733,benign
165,DQN-TFC (seed=2025),DQN-TFC,2025,0,0.7671636343002319,0.7599999904632568,0.76,6,Isolate,21806,benign
166,DQN-TFC (seed=2025),DQN-TFC,2025,1,0.8541373610496521,0.8399999737739563,0.86,6,Isolate,21948,attack
167,DQN-TFC (seed=2025),DQN-TFC,2025,1,0.876903235912323,0.8700000047683716,0.87,6,Isolate,22082,attack
168,DQN-TFC (seed=2025),DQN-TFC,2025,1,0.9052704572677612,0.8999999761581421,0.9,6,Isolate,22110,attack
169,DQN-TFC (seed=2025),DQN-TFC,2025,0,0.8391054272651672,0.8399999737739563,0.83,6,Isolate,22171,benign
170,DQN-TFC (seed=2025),DQN-TFC,2025,1,0.8498303294181824,0.8500000238418579,0.85,6,Isolate,22284,attack
171,DQN-TFC (seed=2025),DQN-TFC,2025,1,0.8491634130477905,0.8500000238418579,0.85,6,Isolate,22317,attack
172,DQN-TFC (seed=2025),DQN-TFC,2025,1,0.8691211938858032,0.8700000047683716,0.87,6,Isolate,22329,attack
173,DQN-TFC (seed=2025),DQN-TFC,2025,1,0.8876321911811829,0.8899999856948853,0.89,6,Isolate,22468,attack
174,DQN-TFC (seed=2025),DQN-TFC,2025,1,0.8775237202644348,0.8799999952316284,0.88,6,Isolate,22501,attack
175,DQN-TFC (seed=2025),DQN-TFC,2025,0,0.8302080035209656,0.8299999833106995,0.83,6,Isolate,22708,benign
176,DQN-TFC (seed=2025),DQN-TFC,2025,1,0.8703062534332275,0.8700000047683716,0.87,6,Isolate,22853,attack
177,DQN-TFC (seed=2025),DQN-TFC,2025,0,0.8237143158912659,0.8199999928474426,0.82,6,Isolate,22944,benign
178,DQN-TFC (seed=2025),DQN-TFC,2025,1,0.8696657419204712,0.8600000143051147,0.86,6,Isolate,23025,attack
179,DQN-TFC (seed=2025),DQN-TFC,2025,1,0.8847257494926453,0.8799999952316284,0.88,6,Isolate,23094,attack
180,DQN-TFC (seed=2025),DQN-TFC,2025,1,0.8747749924659729,0.8700000047683716,0.87,6,Isolate,23112,attack
181,DQN-TFC (seed=2025),DQN-TFC,2025,0,0.8125288486480713,0.8100000023841858,0.81,6,Isolate,23209,benign
182,DQN-TFC (seed=2025),DQN-TFC,2025,0,0.8284656405448914,0.8299999833106995,0.83,6,Isolate,23431,benign
183,DQN-TFC (seed=2025),DQN-TFC,2025,1,0.8589532971382141,0.8600000143051147,0.86,6,Isolate,23733,attack
184,DQN-TFC (seed=2025),DQN-TFC,2025,1,0.8488499522209167,0.8500000238418579,0.85,6,Isolate,23759,attack
185,DQN-TFC (seed=2025),DQN-TFC,2025,0,0.8388105034828186,0.8399999737739563,0.84,6,Isolate,23778,benign
186,DQN-TFC (seed=2025),DQN-TFC,2025,0,0.8340607285499573,0.8299999833106995,0.83,6,Isolate,23811,benign
187,DQN-TFC (seed=2025),DQN-TFC,2025,0,0.8036412000656128,0.800000011920929,0.8,6,Isolate,24133,benign
188,DQN-TFC (seed=2025),DQN-TFC,2025,0,0.7837530374526978,0.7799999713897705,0.78,6,Isolate,24191,benign
189,DQN-TFC (seed=2025),DQN-TFC,2025,0,0.7800889611244202,0.7799999713897705,0.78,6,Isolate,24211,benign
190,DQN-TFC (seed=2025),DQN-TFC,2025,1,0.8676241040229797,0.8600000143051147,0.87,6,Isolate,24373,attack
191,DQN-TFC (seed=2025),DQN-TFC,2025,0,0.8401661515235901,0.8399999737739563,0.84,6,Isolate,24560,benign
192,DQN-TFC (seed=2025),DQN-TFC,2025,1,0.8799384832382202,0.8799999952316284,0.88,6,Isolate,24613,attack
193,DQN-TFC (seed=2025),DQN-TFC,2025,1,0.889945924282074,0.8899999856948853,0.89,6,Isolate,24618,attack
194,DQN-TFC (seed=2025),DQN-TFC,2025,1,0.8958290219306946,0.8899999856948853,0.91,6,Isolate,24726,attack
195,DQN-TFC (seed=2025),DQN-TFC,2025,1,0.8804629445075989,0.8799999952316284,0.88,6,Isolate,24772,attack
196,DQN-TFC (seed=2025),DQN-TFC,2025,0,0.843108594417572,0.8399999737739563,0.84,6,Isolate,24837,benign
197,DQN-TFC (seed=2025),DQN-TFC,2025,0,0.8299122452735901,0.8299999833106995,0.83,6,Isolate,24967,benign
198,DQN-TFC (seed=2025),DQN-TFC,2025,0,0.8168489336967468,0.8199999928474426,0.82,6,Isolate,24996,benign
199,DQN-TFC (seed=2025),DQN-TFC,2025,0,0.7699838280677795,0.7599999904632568,0.77,6,Isolate,25212,benign
200,DQN-TFC (seed=2025),DQN-TFC,2025,1,0.8604229688644409,0.8600000143051147,0.86,6,Isolate,25323,attack
201,DQN-TFC (seed=2025),DQN-TFC,2025,1,0.8699449300765991,0.8700000047683716,0.87,6,Isolate,25341,attack
202,DQN-TFC (seed=2025),DQN-TFC,2025,0,0.7626132369041443,0.7599999904632568,0.76,6,Isolate,25525,benign
203,DQN-TFC (seed=2025),DQN-TFC,2025,0,0.7826955914497375,0.7799999713897705,0.78,6,Isolate,25624,benign
204,DQN-TFC (seed=2025),DQN-TFC,2025,1,0.8601194024085999,0.8600000143051147,0.86,6,Isolate,25753,attack
205,DQN-TFC (seed=2025),DQN-TFC,2025,1,0.8498777151107788,0.8500000238418579,0.85,6,Isolate,25855,attack
206,DQN-TFC (seed=2025),DQN-TFC,2025,1,0.8552750945091248,0.8600000143051147,0.85,6,Isolate,25924,attack
207,DQN-TFC (seed=2025),DQN-TFC,2025,1,0.8599913120269775,0.8600000143051147,0.86,6,Isolate,26023,attack
208,DQN-TFC (seed=2025),DQN-TFC,2025,0,0.8406216502189636,0.8399999737739563,0.84,6,Isolate,26138,benign
209,DQN-TFC (seed=2025),DQN-TFC,2025,0,0.8106439113616943,0.8100000023841858,0.81,6,Isolate,26215,benign
210,DQN-TFC (seed=2025),DQN-TFC,2025,1,0.8734425902366638,0.8700000047683716,0.88,6,Isolate,26320,attack
211,DQN-TFC (seed=2025),DQN-TFC,2025,1,0.8734425902366638,0.8700000047683716,0.88,6,Isolate,26321,attack
212,DQN-TFC (seed=2025),DQN-TFC,2025,0,0.8274185657501221,0.8199999928474426,0.82,6,Isolate,26485,benign
213,DQN-TFC (seed=2025),DQN-TFC,2025,0,0.7977456450462341,0.7900000214576721,0.8,6,Isolate,26629,benign
214,DQN-TFC (seed=2025),DQN-TFC,2025,0,0.7860429883003235,0.7799999713897705,0.79,5,Drop,26652,benign
215,DQN-TFC (seed=2025),DQN-TFC,2025,0,0.8211085796356201,0.8199999928474426,0.82,6,Isolate,27007,benign
216,DQN-TFC (seed=2025),DQN-TFC,2025,0,0.8113611340522766,0.8100000023841858,0.81,6,Isolate,27027,benign
217,DQN-TFC (seed=2025),DQN-TFC,2025,0,0.8113600015640259,0.8100000023841858,0.81,6,Isolate,27028,benign
218,DQN-TFC (seed=2025),DQN-TFC,2025,1,0.8569684028625488,0.8500000238418579,0.86,6,Isolate,27099,attack
219,DQN-TFC (seed=2025),DQN-TFC,2025,1,0.8499709963798523,0.8500000238418579,0.85,6,Isolate,27290,attack
220,DQN-TFC (seed=2025),DQN-TFC,2025,0,0.8199859857559204,0.8199999928474426,0.82,6,Isolate,27385,benign
221,DQN-TFC (seed=2025),DQN-TFC,2025,0,0.8246893286705017,0.8199999928474426,0.82,6,Isolate,27475,benign
222,DQN-TFC (seed=2025),DQN-TFC,2025,1,0.8756607174873352,0.8799999952316284,0.88,6,Isolate,27647,attack
223,DQN-TFC (seed=2025),DQN-TFC,2025,1,0.8587411642074585,0.8600000143051147,0.86,6,Isolate,27708,attack
224,DQN-TFC (seed=2025),DQN-TFC,2025,0,0.8176383972167969,0.8199999928474426,0.81,6,Isolate,27800,benign
225,DQN-TFC (seed=2025),DQN-TFC,2025,0,0.8300334215164185,0.8299999833106995,0.82,6,Isolate,27874,benign
226,DQN-TFC (seed=2025),DQN-TFC,2025,1,0.8468767404556274,0.8399999737739563,0.85,6,Isolate,28068,attack
227,DQN-TFC (seed=2025),DQN-TFC,2025,0,0.8368855118751526,0.8299999833106995,0.84,6,Isolate,28073,benign
228,DQN-TFC (seed=2025),DQN-TFC,2025,1,0.879469096660614,0.8799999952316284,0.87,6,Isolate,28281,attack
229,DQN-TFC (seed=2025),DQN-TFC,2025,0,0.8395709991455078,0.8399999737739563,0.83,6,Isolate,28318,benign
230,DQN-TFC (seed=2025),DQN-TFC,2025,0,0.8398676514625549,0.8399999737739563,0.84,6,Isolate,28618,benign
231,DQN-TFC (seed=2025),DQN-TFC,2025,0,0.824093222618103,0.8199999928474426,0.83,6,Isolate,28794,benign
232,DQN-TFC (seed=2025),DQN-TFC,2025,0,0.8240866661071777,0.8199999928474426,0.83,6,Isolate,28804,benign
233,DQN-TFC (seed=2025),DQN-TFC,2025,1,0.8526306748390198,0.8500000238418579,0.85,6,Isolate,28906,attack
234,DQN-TFC (seed=2025),DQN-TFC,2025,1,0.8526313900947571,0.8500000238418579,0.85,6,Isolate,28907,attack
235,DQN-TFC (seed=2025),DQN-TFC,2025,1,0.8500974178314209,0.8500000238418579,0.85,6,Isolate,29018,attack
236,DQN-TFC (seed=2025),DQN-TFC,2025,0,0.8424707651138306,0.8399999737739563,0.84,5,Drop,29042,benign
237,DQN-TFC (seed=2025),DQN-TFC,2025,0,0.8119410872459412,0.8100000023841858,0.81,6,Isolate,29145,benign
238,DQN-TFC (seed=2025),DQN-TFC,2025,0,0.8217334747314453,0.8199999928474426,0.82,6,Isolate,29234,benign
239,DQN-TFC (seed=2025),DQN-TFC,2025,0,0.8317458629608154,0.8299999833106995,0.83,6,Isolate,29238,benign
240,DQN-TFC (seed=2025),DQN-TFC,2025,0,0.8088564872741699,0.8100000023841858,0.81,6,Isolate,29334,benign
241,DQN-TFC (seed=2025),DQN-TFC,2025,1,0.8475148677825928,0.8500000238418579,0.85,6,Isolate,29394,attack
242,DQN-TFC (seed=2025),DQN-TFC,2025,0,0.8201691508293152,0.8199999928474426,0.83,6,Isolate,29434,benign
243,DQN-TFC (seed=2025),DQN-TFC,2025,1,0.8426319360733032,0.8399999737739563,0.85,6,Isolate,29457,attack
244,DQN-TFC (seed=2025),DQN-TFC,2025,0,0.8261587023735046,0.8299999833106995,0.83,6,Isolate,29590,benign
245,DQN-TFC (seed=2025),DQN-TFC,2025,0,0.8141408562660217,0.8100000023841858,0.82,6,Isolate,29634,benign
246,DQN-TFC (seed=2025),DQN-TFC,2025,0,0.8041713237762451,0.800000011920929,0.81,6,Isolate,29644,benign
247,DQN-TFC (seed=2025),DQN-TFC,2025,0,0.8383910655975342,0.8399999737739563,0.84,6,Isolate,29713,benign
248,DQN-TFC (seed=2025),DQN-TFC,2025,1,0.9029292464256287,0.8999999761581421,0.9,6,Isolate,29828,attack
0,PPO-TFC (seed=42),PPO-TFC,42,1,0.879833996295929,0.8799999952316284,0.88,0,Forward,34,attack
1,PPO-TFC (seed=42),PPO-TFC,42,0,0.8099673390388489,0.8100000023841858,0.81,0,Forward,163,benign
2,PPO-TFC (seed=42),PPO-TFC,42,0,0.8290244936943054,0.8299999833106995,0.82,0,Forward,359,benign
3,PPO-TFC (seed=42),PPO-TFC,42,1,0.8779748678207397,0.8799999952316284,0.87,0,Forward,543,attack
4,PPO-TFC (seed=42),PPO-TFC,42,1,0.8908616900444031,0.8899999856948853,0.89,0,Forward,788,attack
5,PPO-TFC (seed=42),PPO-TFC,42,0,0.8184310793876648,0.8199999928474426,0.83,0,Forward,1007,benign
6,PPO-TFC (seed=42),PPO-TFC,42,1,0.8630930185317993,0.8700000047683716,0.86,0,Forward,1077,attack
7,PPO-TFC (seed=42),PPO-TFC,42,0,0.7812010049819946,0.7799999713897705,0.78,0,Forward,1173,benign
8,PPO-TFC (seed=42),PPO-TFC,42,0,0.7988349199295044,0.800000011920929,0.8,0,Forward,1338,benign
9,PPO-TFC (seed=42),PPO-TFC,42,1,0.8783858418464661,0.8799999952316284,0.88,0,Forward,1589,attack
10,PPO-TFC (seed=42),PPO-TFC,42,1,0.9270837903022766,0.9300000071525574,0.93,0,Forward,1711,attack
11,PPO-TFC (seed=42),PPO-TFC,42,1,0.9204261302947998,0.9200000166893005,0.92,0,Forward,1755,attack
12,PPO-TFC (seed=42),PPO-TFC,42,1,0.8790686726570129,0.8799999952316284,0.88,0,Forward,1826,attack
13,PPO-TFC (seed=42),PPO-TFC,42,1,0.8598487377166748,0.8600000143051147,0.86,0,Forward,2303,attack
14,PPO-TFC (seed=42),PPO-TFC,42,1,0.8559197187423706,0.8500000238418579,0.87,0,Forward,2509,attack
15,PPO-TFC (seed=42),PPO-TFC,42,1,0.8448888659477234,0.8399999737739563,0.85,0,Forward,2579,attack
16,PPO-TFC (seed=42),PPO-TFC,42,1,0.8343343138694763,0.8299999833106995,0.85,0,Forward,2704,attack
17,PPO-TFC (seed=42),PPO-TFC,42,1,0.909209668636322,0.9100000262260437,0.91,0,Forward,2984,attack
18,PPO-TFC (seed=42),PPO-TFC,42,1,0.892710268497467,0.8899999856948853,0.89,0,Forward,3042,attack
19,PPO-TFC (seed=42),PPO-TFC,42,0,0.779188334941864,0.7799999713897705,0.78,0,Forward,3187,benign
20,PPO-TFC (seed=42),PPO-TFC,42,0,0.7874859571456909,0.7900000214576721,0.79,0,Forward,3200,benign
21,PPO-TFC (seed=42),PPO-TFC,42,1,0.8884751200675964,0.8899999856948853,0.88,0,Forward,3480,attack
22,PPO-TFC (seed=42),PPO-TFC,42,0,0.8297797441482544,0.8299999833106995,0.83,0,Forward,3603,benign
23,PPO-TFC (seed=42),PPO-TFC,42,1,0.8987791538238525,0.8999999761581421,0.9,0,Forward,4036,attack
24,PPO-TFC (seed=42),PPO-TFC,42,1,0.9100563526153564,0.9100000262260437,0.91,0,Forward,4096,attack
25,PPO-TFC (seed=42),PPO-TFC,42,0,0.7760412693023682,0.7799999713897705,0.78,0,Forward,4223,benign
26,PPO-TFC (seed=42),PPO-TFC,42,0,0.7967140674591064,0.7900000214576721,0.8,0,Forward,4492,benign
27,PPO-TFC (seed=42),PPO-TFC,42,0,0.773356556892395,0.7699999809265137,0.78,0,Forward,4724,benign
28,PPO-TFC (seed=42),PPO-TFC,42,1,0.9137651920318604,0.9100000262260437,0.92,0,Forward,4794,attack
29,PPO-TFC (seed=42),PPO-TFC,42,1,0.8725376129150391,0.8700000047683716,0.88,0,Forward,4856,attack
30,PPO-TFC (seed=42),PPO-TFC,42,1,0.8711929321289062,0.8700000047683716,0.88,0,Forward,4879,attack
31,PPO-TFC (seed=42),PPO-TFC,42,1,0.8682050108909607,0.8700000047683716,0.87,0,Forward,5004,attack
32,PPO-TFC (seed=42),PPO-TFC,42,1,0.8684120178222656,0.8700000047683716,0.87,0,Forward,5015,attack
33,PPO-TFC (seed=42),PPO-TFC,42,1,0.9081689715385437,0.9100000262260437,0.91,0,Forward,5100,attack
34,PPO-TFC (seed=42),PPO-TFC,42,1,0.8976726531982422,0.8999999761581421,0.9,0,Forward,5137,attack
35,PPO-TFC (seed=42),PPO-TFC,42,0,0.8373674154281616,0.8399999737739563,0.83,0,Forward,5188,benign
36,PPO-TFC (seed=42),PPO-TFC,42,1,0.862047553062439,0.8600000143051147,0.86,0,Forward,5222,attack
37,PPO-TFC (seed=42),PPO-TFC,42,1,0.8858568668365479,0.8799999952316284,0.89,0,Forward,5375,attack
38,PPO-TFC (seed=42),PPO-TFC,42,1,0.8564433455467224,0.8500000238418579,0.86,0,Forward,5529,attack
39,PPO-TFC (seed=42),PPO-TFC,42,0,0.8269306421279907,0.8199999928474426,0.83,0,Forward,5615,benign
40,PPO-TFC (seed=42),PPO-TFC,42,0,0.813768208026886,0.8100000023841858,0.8,0,Forward,5691,benign
41,PPO-TFC (seed=42),PPO-TFC,42,0,0.8197215795516968,0.8100000023841858,0.81,0,Forward,5747,benign
42,PPO-TFC (seed=42),PPO-TFC,42,0,0.8220182061195374,0.8100000023841858,0.81,0,Forward,5774,benign
43,PPO-TFC (seed=42),PPO-TFC,42,1,0.8663164377212524,0.8600000143051147,0.86,0,Forward,5933,attack
44,PPO-TFC (seed=42),PPO-TFC,42,0,0.849316418170929,0.8399999737739563,0.84,0,Forward,5966,benign
45,PPO-TFC (seed=42),PPO-TFC,42,0,0.8093292713165283,0.800000011920929,0.8,0,Forward,6009,benign
46,PPO-TFC (seed=42),PPO-TFC,42,0,0.8414927124977112,0.8399999737739563,0.83,0,Forward,6047,benign
47,PPO-TFC (seed=42),PPO-TFC,42,0,0.7934058308601379,0.7900000214576721,0.79,0,Forward,6156,benign
48,PPO-TFC (seed=42),PPO-TFC,42,0,0.7934057116508484,0.7900000214576721,0.79,0,Forward,6158,benign
49,PPO-TFC (seed=42),PPO-TFC,42,0,0.8012173175811768,0.800000011920929,0.8,0,Forward,6161,benign
50,PPO-TFC (seed=42),PPO-TFC,42,1,0.8523243069648743,0.8500000238418579,0.85,0,Forward,6544,attack
51,PPO-TFC (seed=42),PPO-TFC,42,1,0.8538548350334167,0.8500000238418579,0.85,0,Forward,6691,attack
52,PPO-TFC (seed=42),PPO-TFC,42,0,0.8254052996635437,0.8299999833106995,0.83,0,Forward,7158,benign
53,PPO-TFC (seed=42),PPO-TFC,42,0,0.7887188196182251,0.7900000214576721,0.79,0,Forward,7298,benign
54,PPO-TFC (seed=42),PPO-TFC,42,1,0.8693459033966064,0.8700000047683716,0.87,0,Forward,7805,attack
55,PPO-TFC (seed=42),PPO-TFC,42,0,0.8328465819358826,0.8299999833106995,0.83,0,Forward,7938,benign
56,PPO-TFC (seed=42),PPO-TFC,42,1,0.8672149181365967,0.8700000047683716,0.87,0,Forward,8112,attack
57,PPO-TFC (seed=42),PPO-TFC,42,1,0.8870208859443665,0.8899999856948853,0.89,0,Forward,8169,attack
58,PPO-TFC (seed=42),PPO-TFC,42,1,0.8547448515892029,0.8600000143051147,0.86,0,Forward,8187,attack
59,PPO-TFC (seed=42),PPO-TFC,42,1,0.8655512928962708,0.8700000047683716,0.87,0,Forward,8323,attack
60,PPO-TFC (seed=42),PPO-TFC,42,0,0.7602249383926392,0.7599999904632568,0.76,0,Forward,8570,benign
61,PPO-TFC (seed=42),PPO-TFC,42,0,0.7500377893447876,0.75,0.75,0,Forward,8585,benign
62,PPO-TFC (seed=42),PPO-TFC,42,0,0.7400667071342468,0.7400000095367432,0.74,0,Forward,8593,benign
63,PPO-TFC (seed=42),PPO-TFC,42,1,0.8890588283538818,0.8899999856948853,0.88,0,Forward,8699,attack
64,PPO-TFC (seed=42),PPO-TFC,42,1,0.8890588879585266,0.8899999856948853,0.88,0,Forward,8700,attack
65,PPO-TFC (seed=42),PPO-TFC,42,0,0.8400719165802002,0.8399999737739563,0.84,0,Forward,8758,benign
66,PPO-TFC (seed=42),PPO-TFC,42,0,0.800307035446167,0.7900000214576721,0.79,0,Forward,8963,benign
67,PPO-TFC (seed=42),PPO-TFC,42,0,0.8101561069488525,0.8100000023841858,0.81,0,Forward,9413,benign
68,PPO-TFC (seed=42),PPO-TFC,42,1,0.8594833612442017,0.8600000143051147,0.86,0,Forward,9754,attack
69,PPO-TFC (seed=42),PPO-TFC,42,0,0.8076704144477844,0.8100000023841858,0.81,0,Forward,9871,benign
70,PPO-TFC (seed=42),PPO-TFC,42,0,0.7902960777282715,0.7900000214576721,0.79,0,Forward,9907,benign
71,PPO-TFC (seed=42),PPO-TFC,42,1,0.9019876718521118,0.8999999761581421,0.9,0,Forward,10288,attack
72,PPO-TFC (seed=42),PPO-TFC,42,1,0.8918544054031372,0.8899999856948853,0.89,0,Forward,10301,attack
73,PPO-TFC (seed=42),PPO-TFC,42,1,0.8455605506896973,0.8500000238418579,0.85,0,Forward,10545,attack
74,PPO-TFC (seed=42),PPO-TFC,42,0,0.8055262565612793,0.800000011920929,0.79,0,Forward,10720,benign
75,PPO-TFC (seed=42),PPO-TFC,42,1,0.8840524554252625,0.8700000047683716,0.88,0,Forward,10844,attack
76,PPO-TFC (seed=42),PPO-TFC,42,1,0.8640789985656738,0.8500000238418579,0.86,0,Forward,10855,attack
77,PPO-TFC (seed=42),PPO-TFC,42,0,0.7940945625305176,0.7799999713897705,0.79,0,Forward,10888,benign
78,PPO-TFC (seed=42),PPO-TFC,42,0,0.7955327033996582,0.7900000214576721,0.8,0,Forward,10926,benign
79,PPO-TFC (seed=42),PPO-TFC,42,0,0.8359295725822449,0.8299999833106995,0.84,0,Forward,11013,benign
80,PPO-TFC (seed=42),PPO-TFC,42,0,0.8027329444885254,0.7900000214576721,0.79,0,Forward,11177,benign
81,PPO-TFC (seed=42),PPO-TFC,42,0,0.8449897170066833,0.8399999737739563,0.84,0,Forward,11275,benign
82,PPO-TFC (seed=42),PPO-TFC,42,0,0.8350366950035095,0.8299999833106995,0.83,0,Forward,11301,benign
83,PPO-TFC (seed=42),PPO-TFC,42,0,0.8350360989570618,0.8299999833106995,0.83,0,Forward,11302,benign
84,PPO-TFC (seed=42),PPO-TFC,42,0,0.81482994556427,0.8100000023841858,0.81,0,Forward,11352,benign
85,PPO-TFC (seed=42),PPO-TFC,42,1,0.8718368411064148,0.8700000047683716,0.87,0,Forward,11464,attack
86,PPO-TFC (seed=42),PPO-TFC,42,1,0.8501495122909546,0.8500000238418579,0.86,0,Forward,11772,attack
87,PPO-TFC (seed=42),PPO-TFC,42,0,0.8084815144538879,0.800000011920929,0.81,0,Forward,11813,benign
88,PPO-TFC (seed=42),PPO-TFC,42,0,0.8098862171173096,0.8100000023841858,0.81,0,Forward,11881,benign
89,PPO-TFC (seed=42),PPO-TFC,42,1,0.8678771257400513,0.8700000047683716,0.86,0,Forward,12061,attack
90,PPO-TFC (seed=42),PPO-TFC,42,0,0.8481305837631226,0.8500000238418579,0.84,0,Forward,12088,benign
91,PPO-TFC (seed=42),PPO-TFC,42,1,0.858406126499176,0.8600000143051147,0.85,0,Forward,12109,attack
92,PPO-TFC (seed=42),PPO-TFC,42,1,0.8504123091697693,0.8500000238418579,0.85,0,Forward,12137,attack
93,PPO-TFC (seed=42),PPO-TFC,42,0,0.8224881887435913,0.8199999928474426,0.82,0,Forward,12176,benign
94,PPO-TFC (seed=42),PPO-TFC,42,0,0.8422060608863831,0.8399999737739563,0.84,0,Forward,12187,benign
95,PPO-TFC (seed=42),PPO-TFC,42,0,0.8399506211280823,0.8399999737739563,0.84,0,Forward,12297,benign
96,PPO-TFC (seed=42),PPO-TFC,42,1,0.8687772154808044,0.8700000047683716,0.87,0,Forward,12464,attack
97,PPO-TFC (seed=42),PPO-TFC,42,1,0.8521358966827393,0.8500000238418579,0.85,0,Forward,12715,attack
98,PPO-TFC (seed=42),PPO-TFC,42,1,0.8409515619277954,0.8399999737739563,0.85,0,Forward,12891,attack
99,PPO-TFC (seed=42),PPO-TFC,42,1,0.8435349464416504,0.8399999737739563,0.85,0,Forward,12963,attack
100,PPO-TFC (seed=42),PPO-TFC,42,0,0.8321276307106018,0.8299999833106995,0.83,0,Forward,13036,benign
101,PPO-TFC (seed=42),PPO-TFC,42,0,0.8130981922149658,0.8100000023841858,0.81,0,Forward,13047,benign
102,PPO-TFC (seed=42),PPO-TFC,42,0,0.8230418562889099,0.8199999928474426,0.82,0,Forward,13058,benign
103,PPO-TFC (seed=42),PPO-TFC,42,1,0.8648033142089844,0.8600000143051147,0.86,0,Forward,13189,attack
104,PPO-TFC (seed=42),PPO-TFC,42,1,0.8940011858940125,0.8899999856948853,0.89,0,Forward,13220,attack
105,PPO-TFC (seed=42),PPO-TFC,42,1,0.8817206621170044,0.8799999952316284,0.89,0,Forward,13229,attack
106,PPO-TFC (seed=42),PPO-TFC,42,0,0.789798378944397,0.7900000214576721,0.79,0,Forward,13418,benign
107,PPO-TFC (seed=42),PPO-TFC,42,0,0.799791693687439,0.800000011920929,0.8,0,Forward,13422,benign
108,PPO-TFC (seed=42),PPO-TFC,42,1,0.8395397067070007,0.8399999737739563,0.85,0,Forward,13790,attack
109,PPO-TFC (seed=42),PPO-TFC,42,0,0.8311482071876526,0.8299999833106995,0.84,0,Forward,13821,benign
110,PPO-TFC (seed=42),PPO-TFC,42,1,0.8897304534912109,0.8899999856948853,0.89,0,Forward,13896,attack
111,PPO-TFC (seed=42),PPO-TFC,42,1,0.8981784582138062,0.8999999761581421,0.9,0,Forward,13941,attack
112,PPO-TFC (seed=42),PPO-TFC,42,0,0.8418792486190796,0.8500000238418579,0.84,0,Forward,14060,benign
113,PPO-TFC (seed=42),PPO-TFC,42,0,0.8191235065460205,0.8100000023841858,0.8,0,Forward,14233,benign
114,PPO-TFC (seed=42),PPO-TFC,42,1,0.8727867007255554,0.8700000047683716,0.88,0,Forward,14309,attack
115,PPO-TFC (seed=42),PPO-TFC,42,1,0.859923243522644,0.8600000143051147,0.86,0,Forward,15051,attack
116,PPO-TFC (seed=42),PPO-TFC,42,1,0.8823280930519104,0.8799999952316284,0.88,0,Forward,15187,attack
117,PPO-TFC (seed=42),PPO-TFC,42,0,0.8324939608573914,0.8299999833106995,0.83,0,Forward,15211,benign
118,PPO-TFC (seed=42),PPO-TFC,42,1,0.8637133836746216,0.8600000143051147,0.86,0,Forward,15308,attack
119,PPO-TFC (seed=42),PPO-TFC,42,0,0.8160220384597778,0.8100000023841858,0.82,0,Forward,15325,benign
120,PPO-TFC (seed=42),PPO-TFC,42,0,0.754787802696228,0.75,0.76,0,Forward,15412,benign
121,PPO-TFC (seed=42),PPO-TFC,42,1,0.851523756980896,0.8500000238418579,0.85,0,Forward,15587,attack
122,PPO-TFC (seed=42),PPO-TFC,42,1,0.8701123595237732,0.8700000047683716,0.87,0,Forward,15646,attack
123,PPO-TFC (seed=42),PPO-TFC,42,1,0.8801069855690002,0.8799999952316284,0.88,0,Forward,15647,attack
124,PPO-TFC (seed=42),PPO-TFC,42,1,0.9189636707305908,0.9200000166893005,0.91,0,Forward,15731,attack
125,PPO-TFC (seed=42),PPO-TFC,42,0,0.8464939594268799,0.8500000238418579,0.84,0,Forward,16024,benign
126,PPO-TFC (seed=42),PPO-TFC,42,1,0.8612254858016968,0.8600000143051147,0.87,0,Forward,16469,attack
127,PPO-TFC (seed=42),PPO-TFC,42,1,0.8597354292869568,0.8600000143051147,0.87,0,Forward,16492,attack
128,PPO-TFC (seed=42),PPO-TFC,42,1,0.8625316619873047,0.8600000143051147,0.86,0,Forward,16621,attack
129,PPO-TFC (seed=42),PPO-TFC,42,1,0.8625324964523315,0.8600000143051147,0.86,0,Forward,16622,attack
130,PPO-TFC (seed=42),PPO-TFC,42,0,0.8334140777587891,0.8299999833106995,0.84,0,Forward,16712,benign
131,PPO-TFC (seed=42),PPO-TFC,42,1,0.8998856544494629,0.8999999761581421,0.9,0,Forward,16856,attack
132,PPO-TFC (seed=42),PPO-TFC,42,1,0.8994457721710205,0.8999999761581421,0.9,0,Forward,16929,attack
133,PPO-TFC (seed=42),PPO-TFC,42,1,0.8741875290870667,0.8700000047683716,0.88,0,Forward,17031,attack
134,PPO-TFC (seed=42),PPO-TFC,42,0,0.8287768363952637,0.8199999928474426,0.84,0,Forward,17229,benign
135,PPO-TFC (seed=42),PPO-TFC,42,0,0.8439942002296448,0.8399999737739563,0.84,0,Forward,17474,benign
136,PPO-TFC (seed=42),PPO-TFC,42,0,0.8278783559799194,0.8199999928474426,0.82,0,Forward,17678,benign
137,PPO-TFC (seed=42),PPO-TFC,42,0,0.8066718578338623,0.800000011920929,0.8,0,Forward,17719,benign
138,PPO-TFC (seed=42),PPO-TFC,42,0,0.8577614426612854,0.8500000238418579,0.84,0,Forward,18102,benign
139,PPO-TFC (seed=42),PPO-TFC,42,1,0.8832355737686157,0.8799999952316284,0.87,0,Forward,18120,attack
140,PPO-TFC (seed=42),PPO-TFC,42,1,0.8787582516670227,0.8799999952316284,0.88,0,Forward,18188,attack
141,PPO-TFC (seed=42),PPO-TFC,42,1,0.9003291130065918,0.8999999761581421,0.9,0,Forward,18373,attack
142,PPO-TFC (seed=42),PPO-TFC,42,0,0.8293827176094055,0.8299999833106995,0.83,0,Forward,18429,benign
143,PPO-TFC (seed=42),PPO-TFC,42,0,0.8019344806671143,0.800000011920929,0.8,0,Forward,18605,benign
144,PPO-TFC (seed=42),PPO-TFC,42,0,0.7719220519065857,0.7699999809265137,0.77,0,Forward,18629,benign
145,PPO-TFC (seed=42),PPO-TFC,42,1,0.8580705523490906,0.8600000143051147,0.86,0,Forward,19034,attack
146,PPO-TFC (seed=42),PPO-TFC,42,1,0.8591589331626892,0.8600000143051147,0.86,0,Forward,19261,attack
147,PPO-TFC (seed=42),PPO-TFC,42,0,0.8198917508125305,0.8199999928474426,0.82,0,Forward,19568,benign
148,PPO-TFC (seed=42),PPO-TFC,42,0,0.8346434831619263,0.8299999833106995,0.84,0,Forward,19606,benign
149,PPO-TFC (seed=42),PPO-TFC,42,0,0.6925909519195557,0.6899999976158142,0.69,0,Forward,19803,benign
150,PPO-TFC (seed=42),PPO-TFC,42,1,0.8533068895339966,0.8500000238418579,0.85,0,Forward,19973,attack
151,PPO-TFC (seed=42),PPO-TFC,42,1,0.9491422176361084,0.949999988079071,0.95,0,Forward,20134,attack
152,PPO-TFC (seed=42),PPO-TFC,42,1,0.8576992154121399,0.8600000143051147,0.86,0,Forward,20261,attack
153,PPO-TFC (seed=42),PPO-TFC,42,0,0.837689220905304,0.8399999737739563,0.84,0,Forward,20271,benign
154,PPO-TFC (seed=42),PPO-TFC,42,1,0.8698458075523376,0.8700000047683716,0.87,0,Forward,20328,attack
155,PPO-TFC (seed=42),PPO-TFC,42,1,0.8497189879417419,0.8500000238418579,0.85,0,Forward,20578,attack
156,PPO-TFC (seed=42),PPO-TFC,42,1,0.8485469818115234,0.8500000238418579,0.85,0,Forward,20712,attack
157,PPO-TFC (seed=42),PPO-TFC,42,1,0.8510622978210449,0.8500000238418579,0.86,0,Forward,20838,attack
158,PPO-TFC (seed=42),PPO-TFC,42,0,0.8205698132514954,0.8199999928474426,0.82,0,Forward,20916,benign
159,PPO-TFC (seed=42),PPO-TFC,42,0,0.7999889254570007,0.800000011920929,0.8,0,Forward,21203,benign
160,PPO-TFC (seed=42),PPO-TFC,42,0,0.7922539710998535,0.7900000214576721,0.8,0,Forward,21295,benign
161,PPO-TFC (seed=42),PPO-TFC,42,0,0.7913861870765686,0.7900000214576721,0.8,0,Forward,21299,benign
162,PPO-TFC (seed=42),PPO-TFC,42,0,0.830646812915802,0.8299999833106995,0.84,0,Forward,21508,benign
163,PPO-TFC (seed=42),PPO-TFC,42,1,0.8479499816894531,0.8500000238418579,0.85,0,Forward,21600,attack
164,PPO-TFC (seed=42),PPO-TFC,42,0,0.8187517523765564,0.8199999928474426,0.81,0,Forward,21733,benign
165,PPO-TFC (seed=42),PPO-TFC,42,0,0.7671636343002319,0.7599999904632568,0.76,0,Forward,21806,benign
166,PPO-TFC (seed=42),PPO-TFC,42,1,0.8541373610496521,0.8399999737739563,0.86,0,Forward,21948,attack
167,PPO-TFC (seed=42),PPO-TFC,42,1,0.876903235912323,0.8700000047683716,0.87,0,Forward,22082,attack
168,PPO-TFC (seed=42),PPO-TFC,42,1,0.9052704572677612,0.8999999761581421,0.9,0,Forward,22110,attack
169,PPO-TFC (seed=42),PPO-TFC,42,0,0.8391054272651672,0.8399999737739563,0.83,0,Forward,22171,benign
170,PPO-TFC (seed=42),PPO-TFC,42,1,0.8498303294181824,0.8500000238418579,0.85,0,Forward,22284,attack
171,PPO-TFC (seed=42),PPO-TFC,42,1,0.8491634130477905,0.8500000238418579,0.85,0,Forward,22317,attack
172,PPO-TFC (seed=42),PPO-TFC,42,1,0.8691211938858032,0.8700000047683716,0.87,0,Forward,22329,attack
173,PPO-TFC (seed=42),PPO-TFC,42,1,0.8876321911811829,0.8899999856948853,0.89,0,Forward,22468,attack
174,PPO-TFC (seed=42),PPO-TFC,42,1,0.8775237202644348,0.8799999952316284,0.88,0,Forward,22501,attack
175,PPO-TFC (seed=42),PPO-TFC,42,0,0.8302080035209656,0.8299999833106995,0.83,0,Forward,22708,benign
176,PPO-TFC (seed=42),PPO-TFC,42,1,0.8703062534332275,0.8700000047683716,0.87,0,Forward,22853,attack
177,PPO-TFC (seed=42),PPO-TFC,42,0,0.8237143158912659,0.8199999928474426,0.82,0,Forward,22944,benign
178,PPO-TFC (seed=42),PPO-TFC,42,1,0.8696657419204712,0.8600000143051147,0.86,0,Forward,23025,attack
179,PPO-TFC (seed=42),PPO-TFC,42,1,0.8847257494926453,0.8799999952316284,0.88,0,Forward,23094,attack
180,PPO-TFC (seed=42),PPO-TFC,42,1,0.8747749924659729,0.8700000047683716,0.87,0,Forward,23112,attack
181,PPO-TFC (seed=42),PPO-TFC,42,0,0.8125288486480713,0.8100000023841858,0.81,0,Forward,23209,benign
182,PPO-TFC (seed=42),PPO-TFC,42,0,0.8284656405448914,0.8299999833106995,0.83,0,Forward,23431,benign
183,PPO-TFC (seed=42),PPO-TFC,42,1,0.8589532971382141,0.8600000143051147,0.86,0,Forward,23733,attack
184,PPO-TFC (seed=42),PPO-TFC,42,1,0.8488499522209167,0.8500000238418579,0.85,0,Forward,23759,attack
185,PPO-TFC (seed=42),PPO-TFC,42,0,0.8388105034828186,0.8399999737739563,0.84,0,Forward,23778,benign
186,PPO-TFC (seed=42),PPO-TFC,42,0,0.8340607285499573,0.8299999833106995,0.83,0,Forward,23811,benign
187,PPO-TFC (seed=42),PPO-TFC,42,0,0.8036412000656128,0.800000011920929,0.8,0,Forward,24133,benign
188,PPO-TFC (seed=42),PPO-TFC,42,0,0.7837530374526978,0.7799999713897705,0.78,0,Forward,24191,benign
189,PPO-TFC (seed=42),PPO-TFC,42,0,0.7800889611244202,0.7799999713897705,0.78,0,Forward,24211,benign
190,PPO-TFC (seed=42),PPO-TFC,42,1,0.8676241040229797,0.8600000143051147,0.87,0,Forward,24373,attack
191,PPO-TFC (seed=42),PPO-TFC,42,0,0.8401661515235901,0.8399999737739563,0.84,0,Forward,24560,benign
192,PPO-TFC (seed=42),PPO-TFC,42,1,0.8799384832382202,0.8799999952316284,0.88,0,Forward,24613,attack
193,PPO-TFC (seed=42),PPO-TFC,42,1,0.889945924282074,0.8899999856948853,0.89,0,Forward,24618,attack
194,PPO-TFC (seed=42),PPO-TFC,42,1,0.8958290219306946,0.8899999856948853,0.91,0,Forward,24726,attack
195,PPO-TFC (seed=42),PPO-TFC,42,1,0.8804629445075989,0.8799999952316284,0.88,0,Forward,24772,attack
196,PPO-TFC (seed=42),PPO-TFC,42,0,0.843108594417572,0.8399999737739563,0.84,0,Forward,24837,benign
197,PPO-TFC (seed=42),PPO-TFC,42,0,0.8299122452735901,0.8299999833106995,0.83,0,Forward,24967,benign
198,PPO-TFC (seed=42),PPO-TFC,42,0,0.8168489336967468,0.8199999928474426,0.82,0,Forward,24996,benign
199,PPO-TFC (seed=42),PPO-TFC,42,0,0.7699838280677795,0.7599999904632568,0.77,0,Forward,25212,benign
200,PPO-TFC (seed=42),PPO-TFC,42,1,0.8604229688644409,0.8600000143051147,0.86,0,Forward,25323,attack
201,PPO-TFC (seed=42),PPO-TFC,42,1,0.8699449300765991,0.8700000047683716,0.87,0,Forward,25341,attack
202,PPO-TFC (seed=42),PPO-TFC,42,0,0.7626132369041443,0.7599999904632568,0.76,0,Forward,25525,benign
203,PPO-TFC (seed=42),PPO-TFC,42,0,0.7826955914497375,0.7799999713897705,0.78,0,Forward,25624,benign
204,PPO-TFC (seed=42),PPO-TFC,42,1,0.8601194024085999,0.8600000143051147,0.86,0,Forward,25753,attack
205,PPO-TFC (seed=42),PPO-TFC,42,1,0.8498777151107788,0.8500000238418579,0.85,0,Forward,25855,attack
206,PPO-TFC (seed=42),PPO-TFC,42,1,0.8552750945091248,0.8600000143051147,0.85,0,Forward,25924,attack
207,PPO-TFC (seed=42),PPO-TFC,42,1,0.8599913120269775,0.8600000143051147,0.86,0,Forward,26023,attack
208,PPO-TFC (seed=42),PPO-TFC,42,0,0.8406216502189636,0.8399999737739563,0.84,0,Forward,26138,benign
209,PPO-TFC (seed=42),PPO-TFC,42,0,0.8106439113616943,0.8100000023841858,0.81,0,Forward,26215,benign
210,PPO-TFC (seed=42),PPO-TFC,42,1,0.8734425902366638,0.8700000047683716,0.88,0,Forward,26320,attack
211,PPO-TFC (seed=42),PPO-TFC,42,1,0.8734425902366638,0.8700000047683716,0.88,0,Forward,26321,attack
212,PPO-TFC (seed=42),PPO-TFC,42,0,0.8274185657501221,0.8199999928474426,0.82,0,Forward,26485,benign
213,PPO-TFC (seed=42),PPO-TFC,42,0,0.7977456450462341,0.7900000214576721,0.8,0,Forward,26629,benign
214,PPO-TFC (seed=42),PPO-TFC,42,0,0.7860429883003235,0.7799999713897705,0.79,0,Forward,26652,benign
215,PPO-TFC (seed=42),PPO-TFC,42,0,0.8211085796356201,0.8199999928474426,0.82,0,Forward,27007,benign
216,PPO-TFC (seed=42),PPO-TFC,42,0,0.8113611340522766,0.8100000023841858,0.81,0,Forward,27027,benign
217,PPO-TFC (seed=42),PPO-TFC,42,0,0.8113600015640259,0.8100000023841858,0.81,0,Forward,27028,benign
218,PPO-TFC (seed=42),PPO-TFC,42,1,0.8569684028625488,0.8500000238418579,0.86,0,Forward,27099,attack
219,PPO-TFC (seed=42),PPO-TFC,42,1,0.8499709963798523,0.8500000238418579,0.85,0,Forward,27290,attack
220,PPO-TFC (seed=42),PPO-TFC,42,0,0.8199859857559204,0.8199999928474426,0.82,0,Forward,27385,benign
221,PPO-TFC (seed=42),PPO-TFC,42,0,0.8246893286705017,0.8199999928474426,0.82,0,Forward,27475,benign
222,PPO-TFC (seed=42),PPO-TFC,42,1,0.8756607174873352,0.8799999952316284,0.88,0,Forward,27647,attack
223,PPO-TFC (seed=42),PPO-TFC,42,1,0.8587411642074585,0.8600000143051147,0.86,0,Forward,27708,attack
224,PPO-TFC (seed=42),PPO-TFC,42,0,0.8176383972167969,0.8199999928474426,0.81,0,Forward,27800,benign
225,PPO-TFC (seed=42),PPO-TFC,42,0,0.8300334215164185,0.8299999833106995,0.82,0,Forward,27874,benign
226,PPO-TFC (seed=42),PPO-TFC,42,1,0.8468767404556274,0.8399999737739563,0.85,0,Forward,28068,attack
227,PPO-TFC (seed=42),PPO-TFC,42,0,0.8368855118751526,0.8299999833106995,0.84,0,Forward,28073,benign
228,PPO-TFC (seed=42),PPO-TFC,42,1,0.879469096660614,0.8799999952316284,0.87,0,Forward,28281,attack
229,PPO-TFC (seed=42),PPO-TFC,42,0,0.8395709991455078,0.8399999737739563,0.83,0,Forward,28318,benign
230,PPO-TFC (seed=42),PPO-TFC,42,0,0.8398676514625549,0.8399999737739563,0.84,0,Forward,28618,benign
231,PPO-TFC (seed=42),PPO-TFC,42,0,0.824093222618103,0.8199999928474426,0.83,0,Forward,28794,benign
232,PPO-TFC (seed=42),PPO-TFC,42,0,0.8240866661071777,0.8199999928474426,0.83,0,Forward,28804,benign
233,PPO-TFC (seed=42),PPO-TFC,42,1,0.8526306748390198,0.8500000238418579,0.85,0,Forward,28906,attack
234,PPO-TFC (seed=42),PPO-TFC,42,1,0.8526313900947571,0.8500000238418579,0.85,0,Forward,28907,attack
235,PPO-TFC (seed=42),PPO-TFC,42,1,0.8500974178314209,0.8500000238418579,0.85,0,Forward,29018,attack
236,PPO-TFC (seed=42),PPO-TFC,42,0,0.8424707651138306,0.8399999737739563,0.84,0,Forward,29042,benign
237,PPO-TFC (seed=42),PPO-TFC,42,0,0.8119410872459412,0.8100000023841858,0.81,0,Forward,29145,benign
238,PPO-TFC (seed=42),PPO-TFC,42,0,0.8217334747314453,0.8199999928474426,0.82,0,Forward,29234,benign
239,PPO-TFC (seed=42),PPO-TFC,42,0,0.8317458629608154,0.8299999833106995,0.83,0,Forward,29238,benign
240,PPO-TFC (seed=42),PPO-TFC,42,0,0.8088564872741699,0.8100000023841858,0.81,0,Forward,29334,benign
241,PPO-TFC (seed=42),PPO-TFC,42,1,0.8475148677825928,0.8500000238418579,0.85,0,Forward,29394,attack
242,PPO-TFC (seed=42),PPO-TFC,42,0,0.8201691508293152,0.8199999928474426,0.83,0,Forward,29434,benign
243,PPO-TFC (seed=42),PPO-TFC,42,1,0.8426319360733032,0.8399999737739563,0.85,0,Forward,29457,attack
244,PPO-TFC (seed=42),PPO-TFC,42,0,0.8261587023735046,0.8299999833106995,0.83,0,Forward,29590,benign
245,PPO-TFC (seed=42),PPO-TFC,42,0,0.8141408562660217,0.8100000023841858,0.82,0,Forward,29634,benign
246,PPO-TFC (seed=42),PPO-TFC,42,0,0.8041713237762451,0.800000011920929,0.81,0,Forward,29644,benign
247,PPO-TFC (seed=42),PPO-TFC,42,0,0.8383910655975342,0.8399999737739563,0.84,0,Forward,29713,benign
248,PPO-TFC (seed=42),PPO-TFC,42,1,0.9029292464256287,0.8999999761581421,0.9,0,Forward,29828,attack
0,PPO-TFC (seed=100),PPO-TFC,100,1,0.879833996295929,0.8799999952316284,0.88,0,Forward,34,attack
1,PPO-TFC (seed=100),PPO-TFC,100,0,0.8099673390388489,0.8100000023841858,0.81,0,Forward,163,benign
2,PPO-TFC (seed=100),PPO-TFC,100,0,0.8290244936943054,0.8299999833106995,0.82,0,Forward,359,benign
3,PPO-TFC (seed=100),PPO-TFC,100,1,0.8779748678207397,0.8799999952316284,0.87,0,Forward,543,attack
4,PPO-TFC (seed=100),PPO-TFC,100,1,0.8908616900444031,0.8899999856948853,0.89,0,Forward,788,attack
5,PPO-TFC (seed=100),PPO-TFC,100,0,0.8184310793876648,0.8199999928474426,0.83,0,Forward,1007,benign
6,PPO-TFC (seed=100),PPO-TFC,100,1,0.8630930185317993,0.8700000047683716,0.86,0,Forward,1077,attack
7,PPO-TFC (seed=100),PPO-TFC,100,0,0.7812010049819946,0.7799999713897705,0.78,0,Forward,1173,benign
8,PPO-TFC (seed=100),PPO-TFC,100,0,0.7988349199295044,0.800000011920929,0.8,0,Forward,1338,benign
9,PPO-TFC (seed=100),PPO-TFC,100,1,0.8783858418464661,0.8799999952316284,0.88,0,Forward,1589,attack
10,PPO-TFC (seed=100),PPO-TFC,100,1,0.9270837903022766,0.9300000071525574,0.93,0,Forward,1711,attack
11,PPO-TFC (seed=100),PPO-TFC,100,1,0.9204261302947998,0.9200000166893005,0.92,0,Forward,1755,attack
12,PPO-TFC (seed=100),PPO-TFC,100,1,0.8790686726570129,0.8799999952316284,0.88,0,Forward,1826,attack
13,PPO-TFC (seed=100),PPO-TFC,100,1,0.8598487377166748,0.8600000143051147,0.86,0,Forward,2303,attack
14,PPO-TFC (seed=100),PPO-TFC,100,1,0.8559197187423706,0.8500000238418579,0.87,0,Forward,2509,attack
15,PPO-TFC (seed=100),PPO-TFC,100,1,0.8448888659477234,0.8399999737739563,0.85,0,Forward,2579,attack
16,PPO-TFC (seed=100),PPO-TFC,100,1,0.8343343138694763,0.8299999833106995,0.85,0,Forward,2704,attack
17,PPO-TFC (seed=100),PPO-TFC,100,1,0.909209668636322,0.9100000262260437,0.91,0,Forward,2984,attack
18,PPO-TFC (seed=100),PPO-TFC,100,1,0.892710268497467,0.8899999856948853,0.89,0,Forward,3042,attack
19,PPO-TFC (seed=100),PPO-TFC,100,0,0.779188334941864,0.7799999713897705,0.78,0,Forward,3187,benign
20,PPO-TFC (seed=100),PPO-TFC,100,0,0.7874859571456909,0.7900000214576721,0.79,0,Forward,3200,benign
21,PPO-TFC (seed=100),PPO-TFC,100,1,0.8884751200675964,0.8899999856948853,0.88,0,Forward,3480,attack
22,PPO-TFC (seed=100),PPO-TFC,100,0,0.8297797441482544,0.8299999833106995,0.83,0,Forward,3603,benign
23,PPO-TFC (seed=100),PPO-TFC,100,1,0.8987791538238525,0.8999999761581421,0.9,0,Forward,4036,attack
24,PPO-TFC (seed=100),PPO-TFC,100,1,0.9100563526153564,0.9100000262260437,0.91,0,Forward,4096,attack
25,PPO-TFC (seed=100),PPO-TFC,100,0,0.7760412693023682,0.7799999713897705,0.78,0,Forward,4223,benign
26,PPO-TFC (seed=100),PPO-TFC,100,0,0.7967140674591064,0.7900000214576721,0.8,0,Forward,4492,benign
27,PPO-TFC (seed=100),PPO-TFC,100,0,0.773356556892395,0.7699999809265137,0.78,0,Forward,4724,benign
28,PPO-TFC (seed=100),PPO-TFC,100,1,0.9137651920318604,0.9100000262260437,0.92,0,Forward,4794,attack
29,PPO-TFC (seed=100),PPO-TFC,100,1,0.8725376129150391,0.8700000047683716,0.88,0,Forward,4856,attack
30,PPO-TFC (seed=100),PPO-TFC,100,1,0.8711929321289062,0.8700000047683716,0.88,0,Forward,4879,attack
31,PPO-TFC (seed=100),PPO-TFC,100,1,0.8682050108909607,0.8700000047683716,0.87,0,Forward,5004,attack
32,PPO-TFC (seed=100),PPO-TFC,100,1,0.8684120178222656,0.8700000047683716,0.87,0,Forward,5015,attack
33,PPO-TFC (seed=100),PPO-TFC,100,1,0.9081689715385437,0.9100000262260437,0.91,0,Forward,5100,attack
34,PPO-TFC (seed=100),PPO-TFC,100,1,0.8976726531982422,0.8999999761581421,0.9,0,Forward,5137,attack
35,PPO-TFC (seed=100),PPO-TFC,100,0,0.8373674154281616,0.8399999737739563,0.83,0,Forward,5188,benign
36,PPO-TFC (seed=100),PPO-TFC,100,1,0.862047553062439,0.8600000143051147,0.86,0,Forward,5222,attack
37,PPO-TFC (seed=100),PPO-TFC,100,1,0.8858568668365479,0.8799999952316284,0.89,0,Forward,5375,attack
38,PPO-TFC (seed=100),PPO-TFC,100,1,0.8564433455467224,0.8500000238418579,0.86,0,Forward,5529,attack
39,PPO-TFC (seed=100),PPO-TFC,100,0,0.8269306421279907,0.8199999928474426,0.83,0,Forward,5615,benign
40,PPO-TFC (seed=100),PPO-TFC,100,0,0.813768208026886,0.8100000023841858,0.8,0,Forward,5691,benign
41,PPO-TFC (seed=100),PPO-TFC,100,0,0.8197215795516968,0.8100000023841858,0.81,0,Forward,5747,benign
42,PPO-TFC (seed=100),PPO-TFC,100,0,0.8220182061195374,0.8100000023841858,0.81,0,Forward,5774,benign
43,PPO-TFC (seed=100),PPO-TFC,100,1,0.8663164377212524,0.8600000143051147,0.86,0,Forward,5933,attack
44,PPO-TFC (seed=100),PPO-TFC,100,0,0.849316418170929,0.8399999737739563,0.84,0,Forward,5966,benign
45,PPO-TFC (seed=100),PPO-TFC,100,0,0.8093292713165283,0.800000011920929,0.8,0,Forward,6009,benign
46,PPO-TFC (seed=100),PPO-TFC,100,0,0.8414927124977112,0.8399999737739563,0.83,0,Forward,6047,benign
47,PPO-TFC (seed=100),PPO-TFC,100,0,0.7934058308601379,0.7900000214576721,0.79,0,Forward,6156,benign
48,PPO-TFC (seed=100),PPO-TFC,100,0,0.7934057116508484,0.7900000214576721,0.79,0,Forward,6158,benign
49,PPO-TFC (seed=100),PPO-TFC,100,0,0.8012173175811768,0.800000011920929,0.8,0,Forward,6161,benign
50,PPO-TFC (seed=100),PPO-TFC,100,1,0.8523243069648743,0.8500000238418579,0.85,0,Forward,6544,attack
51,PPO-TFC (seed=100),PPO-TFC,100,1,0.8538548350334167,0.8500000238418579,0.85,0,Forward,6691,attack
52,PPO-TFC (seed=100),PPO-TFC,100,0,0.8254052996635437,0.8299999833106995,0.83,0,Forward,7158,benign
53,PPO-TFC (seed=100),PPO-TFC,100,0,0.7887188196182251,0.7900000214576721,0.79,0,Forward,7298,benign
54,PPO-TFC (seed=100),PPO-TFC,100,1,0.8693459033966064,0.8700000047683716,0.87,0,Forward,7805,attack
55,PPO-TFC (seed=100),PPO-TFC,100,0,0.8328465819358826,0.8299999833106995,0.83,0,Forward,7938,benign
56,PPO-TFC (seed=100),PPO-TFC,100,1,0.8672149181365967,0.8700000047683716,0.87,0,Forward,8112,attack
57,PPO-TFC (seed=100),PPO-TFC,100,1,0.8870208859443665,0.8899999856948853,0.89,0,Forward,8169,attack
58,PPO-TFC (seed=100),PPO-TFC,100,1,0.8547448515892029,0.8600000143051147,0.86,0,Forward,8187,attack
59,PPO-TFC (seed=100),PPO-TFC,100,1,0.8655512928962708,0.8700000047683716,0.87,0,Forward,8323,attack
60,PPO-TFC (seed=100),PPO-TFC,100,0,0.7602249383926392,0.7599999904632568,0.76,0,Forward,8570,benign
61,PPO-TFC (seed=100),PPO-TFC,100,0,0.7500377893447876,0.75,0.75,0,Forward,8585,benign
62,PPO-TFC (seed=100),PPO-TFC,100,0,0.7400667071342468,0.7400000095367432,0.74,0,Forward,8593,benign
63,PPO-TFC (seed=100),PPO-TFC,100,1,0.8890588283538818,0.8899999856948853,0.88,0,Forward,8699,attack
64,PPO-TFC (seed=100),PPO-TFC,100,1,0.8890588879585266,0.8899999856948853,0.88,0,Forward,8700,attack
65,PPO-TFC (seed=100),PPO-TFC,100,0,0.8400719165802002,0.8399999737739563,0.84,0,Forward,8758,benign
66,PPO-TFC (seed=100),PPO-TFC,100,0,0.800307035446167,0.7900000214576721,0.79,0,Forward,8963,benign
67,PPO-TFC (seed=100),PPO-TFC,100,0,0.8101561069488525,0.8100000023841858,0.81,0,Forward,9413,benign
68,PPO-TFC (seed=100),PPO-TFC,100,1,0.8594833612442017,0.8600000143051147,0.86,0,Forward,9754,attack
69,PPO-TFC (seed=100),PPO-TFC,100,0,0.8076704144477844,0.8100000023841858,0.81,0,Forward,9871,benign
70,PPO-TFC (seed=100),PPO-TFC,100,0,0.7902960777282715,0.7900000214576721,0.79,0,Forward,9907,benign
71,PPO-TFC (seed=100),PPO-TFC,100,1,0.9019876718521118,0.8999999761581421,0.9,0,Forward,10288,attack
72,PPO-TFC (seed=100),PPO-TFC,100,1,0.8918544054031372,0.8899999856948853,0.89,0,Forward,10301,attack
73,PPO-TFC (seed=100),PPO-TFC,100,1,0.8455605506896973,0.8500000238418579,0.85,0,Forward,10545,attack
74,PPO-TFC (seed=100),PPO-TFC,100,0,0.8055262565612793,0.800000011920929,0.79,0,Forward,10720,benign
75,PPO-TFC (seed=100),PPO-TFC,100,1,0.8840524554252625,0.8700000047683716,0.88,0,Forward,10844,attack
76,PPO-TFC (seed=100),PPO-TFC,100,1,0.8640789985656738,0.8500000238418579,0.86,0,Forward,10855,attack
77,PPO-TFC (seed=100),PPO-TFC,100,0,0.7940945625305176,0.7799999713897705,0.79,0,Forward,10888,benign
78,PPO-TFC (seed=100),PPO-TFC,100,0,0.7955327033996582,0.7900000214576721,0.8,0,Forward,10926,benign
79,PPO-TFC (seed=100),PPO-TFC,100,0,0.8359295725822449,0.8299999833106995,0.84,0,Forward,11013,benign
80,PPO-TFC (seed=100),PPO-TFC,100,0,0.8027329444885254,0.7900000214576721,0.79,0,Forward,11177,benign
81,PPO-TFC (seed=100),PPO-TFC,100,0,0.8449897170066833,0.8399999737739563,0.84,0,Forward,11275,benign
82,PPO-TFC (seed=100),PPO-TFC,100,0,0.8350366950035095,0.8299999833106995,0.83,0,Forward,11301,benign
83,PPO-TFC (seed=100),PPO-TFC,100,0,0.8350360989570618,0.8299999833106995,0.83,0,Forward,11302,benign
84,PPO-TFC (seed=100),PPO-TFC,100,0,0.81482994556427,0.8100000023841858,0.81,0,Forward,11352,benign
85,PPO-TFC (seed=100),PPO-TFC,100,1,0.8718368411064148,0.8700000047683716,0.87,0,Forward,11464,attack
86,PPO-TFC (seed=100),PPO-TFC,100,1,0.8501495122909546,0.8500000238418579,0.86,0,Forward,11772,attack
87,PPO-TFC (seed=100),PPO-TFC,100,0,0.8084815144538879,0.800000011920929,0.81,0,Forward,11813,benign
88,PPO-TFC (seed=100),PPO-TFC,100,0,0.8098862171173096,0.8100000023841858,0.81,0,Forward,11881,benign
89,PPO-TFC (seed=100),PPO-TFC,100,1,0.8678771257400513,0.8700000047683716,0.86,0,Forward,12061,attack
90,PPO-TFC (seed=100),PPO-TFC,100,0,0.8481305837631226,0.8500000238418579,0.84,0,Forward,12088,benign
91,PPO-TFC (seed=100),PPO-TFC,100,1,0.858406126499176,0.8600000143051147,0.85,0,Forward,12109,attack
92,PPO-TFC (seed=100),PPO-TFC,100,1,0.8504123091697693,0.8500000238418579,0.85,0,Forward,12137,attack
93,PPO-TFC (seed=100),PPO-TFC,100,0,0.8224881887435913,0.8199999928474426,0.82,0,Forward,12176,benign
94,PPO-TFC (seed=100),PPO-TFC,100,0,0.8422060608863831,0.8399999737739563,0.84,0,Forward,12187,benign
95,PPO-TFC (seed=100),PPO-TFC,100,0,0.8399506211280823,0.8399999737739563,0.84,0,Forward,12297,benign
96,PPO-TFC (seed=100),PPO-TFC,100,1,0.8687772154808044,0.8700000047683716,0.87,0,Forward,12464,attack
97,PPO-TFC (seed=100),PPO-TFC,100,1,0.8521358966827393,0.8500000238418579,0.85,0,Forward,12715,attack
98,PPO-TFC (seed=100),PPO-TFC,100,1,0.8409515619277954,0.8399999737739563,0.85,0,Forward,12891,attack
99,PPO-TFC (seed=100),PPO-TFC,100,1,0.8435349464416504,0.8399999737739563,0.85,0,Forward,12963,attack
100,PPO-TFC (seed=100),PPO-TFC,100,0,0.8321276307106018,0.8299999833106995,0.83,0,Forward,13036,benign
101,PPO-TFC (seed=100),PPO-TFC,100,0,0.8130981922149658,0.8100000023841858,0.81,0,Forward,13047,benign
102,PPO-TFC (seed=100),PPO-TFC,100,0,0.8230418562889099,0.8199999928474426,0.82,0,Forward,13058,benign
103,PPO-TFC (seed=100),PPO-TFC,100,1,0.8648033142089844,0.8600000143051147,0.86,0,Forward,13189,attack
104,PPO-TFC (seed=100),PPO-TFC,100,1,0.8940011858940125,0.8899999856948853,0.89,0,Forward,13220,attack
105,PPO-TFC (seed=100),PPO-TFC,100,1,0.8817206621170044,0.8799999952316284,0.89,0,Forward,13229,attack
106,PPO-TFC (seed=100),PPO-TFC,100,0,0.789798378944397,0.7900000214576721,0.79,0,Forward,13418,benign
107,PPO-TFC (seed=100),PPO-TFC,100,0,0.799791693687439,0.800000011920929,0.8,0,Forward,13422,benign
108,PPO-TFC (seed=100),PPO-TFC,100,1,0.8395397067070007,0.8399999737739563,0.85,0,Forward,13790,attack
109,PPO-TFC (seed=100),PPO-TFC,100,0,0.8311482071876526,0.8299999833106995,0.84,0,Forward,13821,benign
110,PPO-TFC (seed=100),PPO-TFC,100,1,0.8897304534912109,0.8899999856948853,0.89,0,Forward,13896,attack
111,PPO-TFC (seed=100),PPO-TFC,100,1,0.8981784582138062,0.8999999761581421,0.9,0,Forward,13941,attack
112,PPO-TFC (seed=100),PPO-TFC,100,0,0.8418792486190796,0.8500000238418579,0.84,0,Forward,14060,benign
113,PPO-TFC (seed=100),PPO-TFC,100,0,0.8191235065460205,0.8100000023841858,0.8,0,Forward,14233,benign
114,PPO-TFC (seed=100),PPO-TFC,100,1,0.8727867007255554,0.8700000047683716,0.88,0,Forward,14309,attack
115,PPO-TFC (seed=100),PPO-TFC,100,1,0.859923243522644,0.8600000143051147,0.86,0,Forward,15051,attack
116,PPO-TFC (seed=100),PPO-TFC,100,1,0.8823280930519104,0.8799999952316284,0.88,0,Forward,15187,attack
117,PPO-TFC (seed=100),PPO-TFC,100,0,0.8324939608573914,0.8299999833106995,0.83,0,Forward,15211,benign
118,PPO-TFC (seed=100),PPO-TFC,100,1,0.8637133836746216,0.8600000143051147,0.86,0,Forward,15308,attack
119,PPO-TFC (seed=100),PPO-TFC,100,0,0.8160220384597778,0.8100000023841858,0.82,0,Forward,15325,benign
120,PPO-TFC (seed=100),PPO-TFC,100,0,0.754787802696228,0.75,0.76,0,Forward,15412,benign
121,PPO-TFC (seed=100),PPO-TFC,100,1,0.851523756980896,0.8500000238418579,0.85,0,Forward,15587,attack
122,PPO-TFC (seed=100),PPO-TFC,100,1,0.8701123595237732,0.8700000047683716,0.87,0,Forward,15646,attack
123,PPO-TFC (seed=100),PPO-TFC,100,1,0.8801069855690002,0.8799999952316284,0.88,0,Forward,15647,attack
124,PPO-TFC (seed=100),PPO-TFC,100,1,0.9189636707305908,0.9200000166893005,0.91,0,Forward,15731,attack
125,PPO-TFC (seed=100),PPO-TFC,100,0,0.8464939594268799,0.8500000238418579,0.84,0,Forward,16024,benign
126,PPO-TFC (seed=100),PPO-TFC,100,1,0.8612254858016968,0.8600000143051147,0.87,0,Forward,16469,attack
127,PPO-TFC (seed=100),PPO-TFC,100,1,0.8597354292869568,0.8600000143051147,0.87,0,Forward,16492,attack
128,PPO-TFC (seed=100),PPO-TFC,100,1,0.8625316619873047,0.8600000143051147,0.86,0,Forward,16621,attack
129,PPO-TFC (seed=100),PPO-TFC,100,1,0.8625324964523315,0.8600000143051147,0.86,0,Forward,16622,attack
130,PPO-TFC (seed=100),PPO-TFC,100,0,0.8334140777587891,0.8299999833106995,0.84,0,Forward,16712,benign
131,PPO-TFC (seed=100),PPO-TFC,100,1,0.8998856544494629,0.8999999761581421,0.9,0,Forward,16856,attack
132,PPO-TFC (seed=100),PPO-TFC,100,1,0.8994457721710205,0.8999999761581421,0.9,0,Forward,16929,attack
133,PPO-TFC (seed=100),PPO-TFC,100,1,0.8741875290870667,0.8700000047683716,0.88,0,Forward,17031,attack
134,PPO-TFC (seed=100),PPO-TFC,100,0,0.8287768363952637,0.8199999928474426,0.84,0,Forward,17229,benign
135,PPO-TFC (seed=100),PPO-TFC,100,0,0.8439942002296448,0.8399999737739563,0.84,0,Forward,17474,benign
136,PPO-TFC (seed=100),PPO-TFC,100,0,0.8278783559799194,0.8199999928474426,0.82,0,Forward,17678,benign
137,PPO-TFC (seed=100),PPO-TFC,100,0,0.8066718578338623,0.800000011920929,0.8,0,Forward,17719,benign
138,PPO-TFC (seed=100),PPO-TFC,100,0,0.8577614426612854,0.8500000238418579,0.84,0,Forward,18102,benign
139,PPO-TFC (seed=100),PPO-TFC,100,1,0.8832355737686157,0.8799999952316284,0.87,0,Forward,18120,attack
140,PPO-TFC (seed=100),PPO-TFC,100,1,0.8787582516670227,0.8799999952316284,0.88,0,Forward,18188,attack
141,PPO-TFC (seed=100),PPO-TFC,100,1,0.9003291130065918,0.8999999761581421,0.9,0,Forward,18373,attack
142,PPO-TFC (seed=100),PPO-TFC,100,0,0.8293827176094055,0.8299999833106995,0.83,0,Forward,18429,benign
143,PPO-TFC (seed=100),PPO-TFC,100,0,0.8019344806671143,0.800000011920929,0.8,0,Forward,18605,benign
144,PPO-TFC (seed=100),PPO-TFC,100,0,0.7719220519065857,0.7699999809265137,0.77,0,Forward,18629,benign
145,PPO-TFC (seed=100),PPO-TFC,100,1,0.8580705523490906,0.8600000143051147,0.86,0,Forward,19034,attack
146,PPO-TFC (seed=100),PPO-TFC,100,1,0.8591589331626892,0.8600000143051147,0.86,0,Forward,19261,attack
147,PPO-TFC (seed=100),PPO-TFC,100,0,0.8198917508125305,0.8199999928474426,0.82,0,Forward,19568,benign
148,PPO-TFC (seed=100),PPO-TFC,100,0,0.8346434831619263,0.8299999833106995,0.84,0,Forward,19606,benign
149,PPO-TFC (seed=100),PPO-TFC,100,0,0.6925909519195557,0.6899999976158142,0.69,0,Forward,19803,benign
150,PPO-TFC (seed=100),PPO-TFC,100,1,0.8533068895339966,0.8500000238418579,0.85,0,Forward,19973,attack
151,PPO-TFC (seed=100),PPO-TFC,100,1,0.9491422176361084,0.949999988079071,0.95,0,Forward,20134,attack
152,PPO-TFC (seed=100),PPO-TFC,100,1,0.8576992154121399,0.8600000143051147,0.86,0,Forward,20261,attack
153,PPO-TFC (seed=100),PPO-TFC,100,0,0.837689220905304,0.8399999737739563,0.84,0,Forward,20271,benign
154,PPO-TFC (seed=100),PPO-TFC,100,1,0.8698458075523376,0.8700000047683716,0.87,0,Forward,20328,attack
155,PPO-TFC (seed=100),PPO-TFC,100,1,0.8497189879417419,0.8500000238418579,0.85,0,Forward,20578,attack
156,PPO-TFC (seed=100),PPO-TFC,100,1,0.8485469818115234,0.8500000238418579,0.85,0,Forward,20712,attack
157,PPO-TFC (seed=100),PPO-TFC,100,1,0.8510622978210449,0.8500000238418579,0.86,0,Forward,20838,attack
158,PPO-TFC (seed=100),PPO-TFC,100,0,0.8205698132514954,0.8199999928474426,0.82,0,Forward,20916,benign
159,PPO-TFC (seed=100),PPO-TFC,100,0,0.7999889254570007,0.800000011920929,0.8,0,Forward,21203,benign
160,PPO-TFC (seed=100),PPO-TFC,100,0,0.7922539710998535,0.7900000214576721,0.8,0,Forward,21295,benign
161,PPO-TFC (seed=100),PPO-TFC,100,0,0.7913861870765686,0.7900000214576721,0.8,0,Forward,21299,benign
162,PPO-TFC (seed=100),PPO-TFC,100,0,0.830646812915802,0.8299999833106995,0.84,0,Forward,21508,benign
163,PPO-TFC (seed=100),PPO-TFC,100,1,0.8479499816894531,0.8500000238418579,0.85,0,Forward,21600,attack
164,PPO-TFC (seed=100),PPO-TFC,100,0,0.8187517523765564,0.8199999928474426,0.81,0,Forward,21733,benign
165,PPO-TFC (seed=100),PPO-TFC,100,0,0.7671636343002319,0.7599999904632568,0.76,0,Forward,21806,benign
166,PPO-TFC (seed=100),PPO-TFC,100,1,0.8541373610496521,0.8399999737739563,0.86,0,Forward,21948,attack
167,PPO-TFC (seed=100),PPO-TFC,100,1,0.876903235912323,0.8700000047683716,0.87,0,Forward,22082,attack
168,PPO-TFC (seed=100),PPO-TFC,100,1,0.9052704572677612,0.8999999761581421,0.9,0,Forward,22110,attack
169,PPO-TFC (seed=100),PPO-TFC,100,0,0.8391054272651672,0.8399999737739563,0.83,0,Forward,22171,benign
170,PPO-TFC (seed=100),PPO-TFC,100,1,0.8498303294181824,0.8500000238418579,0.85,0,Forward,22284,attack
171,PPO-TFC (seed=100),PPO-TFC,100,1,0.8491634130477905,0.8500000238418579,0.85,0,Forward,22317,attack
172,PPO-TFC (seed=100),PPO-TFC,100,1,0.8691211938858032,0.8700000047683716,0.87,0,Forward,22329,attack
173,PPO-TFC (seed=100),PPO-TFC,100,1,0.8876321911811829,0.8899999856948853,0.89,0,Forward,22468,attack
174,PPO-TFC (seed=100),PPO-TFC,100,1,0.8775237202644348,0.8799999952316284,0.88,0,Forward,22501,attack
175,PPO-TFC (seed=100),PPO-TFC,100,0,0.8302080035209656,0.8299999833106995,0.83,0,Forward,22708,benign
176,PPO-TFC (seed=100),PPO-TFC,100,1,0.8703062534332275,0.8700000047683716,0.87,0,Forward,22853,attack
177,PPO-TFC (seed=100),PPO-TFC,100,0,0.8237143158912659,0.8199999928474426,0.82,0,Forward,22944,benign
178,PPO-TFC (seed=100),PPO-TFC,100,1,0.8696657419204712,0.8600000143051147,0.86,0,Forward,23025,attack
179,PPO-TFC (seed=100),PPO-TFC,100,1,0.8847257494926453,0.8799999952316284,0.88,0,Forward,23094,attack
180,PPO-TFC (seed=100),PPO-TFC,100,1,0.8747749924659729,0.8700000047683716,0.87,0,Forward,23112,attack
181,PPO-TFC (seed=100),PPO-TFC,100,0,0.8125288486480713,0.8100000023841858,0.81,0,Forward,23209,benign
182,PPO-TFC (seed=100),PPO-TFC,100,0,0.8284656405448914,0.8299999833106995,0.83,0,Forward,23431,benign
183,PPO-TFC (seed=100),PPO-TFC,100,1,0.8589532971382141,0.8600000143051147,0.86,0,Forward,23733,attack
184,PPO-TFC (seed=100),PPO-TFC,100,1,0.8488499522209167,0.8500000238418579,0.85,0,Forward,23759,attack
185,PPO-TFC (seed=100),PPO-TFC,100,0,0.8388105034828186,0.8399999737739563,0.84,0,Forward,23778,benign
186,PPO-TFC (seed=100),PPO-TFC,100,0,0.8340607285499573,0.8299999833106995,0.83,0,Forward,23811,benign
187,PPO-TFC (seed=100),PPO-TFC,100,0,0.8036412000656128,0.800000011920929,0.8,0,Forward,24133,benign
188,PPO-TFC (seed=100),PPO-TFC,100,0,0.7837530374526978,0.7799999713897705,0.78,0,Forward,24191,benign
189,PPO-TFC (seed=100),PPO-TFC,100,0,0.7800889611244202,0.7799999713897705,0.78,0,Forward,24211,benign
190,PPO-TFC (seed=100),PPO-TFC,100,1,0.8676241040229797,0.8600000143051147,0.87,0,Forward,24373,attack
191,PPO-TFC (seed=100),PPO-TFC,100,0,0.8401661515235901,0.8399999737739563,0.84,0,Forward,24560,benign
192,PPO-TFC (seed=100),PPO-TFC,100,1,0.8799384832382202,0.8799999952316284,0.88,0,Forward,24613,attack
193,PPO-TFC (seed=100),PPO-TFC,100,1,0.889945924282074,0.8899999856948853,0.89,0,Forward,24618,attack
194,PPO-TFC (seed=100),PPO-TFC,100,1,0.8958290219306946,0.8899999856948853,0.91,0,Forward,24726,attack
195,PPO-TFC (seed=100),PPO-TFC,100,1,0.8804629445075989,0.8799999952316284,0.88,0,Forward,24772,attack
196,PPO-TFC (seed=100),PPO-TFC,100,0,0.843108594417572,0.8399999737739563,0.84,0,Forward,24837,benign
197,PPO-TFC (seed=100),PPO-TFC,100,0,0.8299122452735901,0.8299999833106995,0.83,0,Forward,24967,benign
198,PPO-TFC (seed=100),PPO-TFC,100,0,0.8168489336967468,0.8199999928474426,0.82,0,Forward,24996,benign
199,PPO-TFC (seed=100),PPO-TFC,100,0,0.7699838280677795,0.7599999904632568,0.77,0,Forward,25212,benign
200,PPO-TFC (seed=100),PPO-TFC,100,1,0.8604229688644409,0.8600000143051147,0.86,0,Forward,25323,attack
201,PPO-TFC (seed=100),PPO-TFC,100,1,0.8699449300765991,0.8700000047683716,0.87,0,Forward,25341,attack
202,PPO-TFC (seed=100),PPO-TFC,100,0,0.7626132369041443,0.7599999904632568,0.76,0,Forward,25525,benign
203,PPO-TFC (seed=100),PPO-TFC,100,0,0.7826955914497375,0.7799999713897705,0.78,0,Forward,25624,benign
204,PPO-TFC (seed=100),PPO-TFC,100,1,0.8601194024085999,0.8600000143051147,0.86,0,Forward,25753,attack
205,PPO-TFC (seed=100),PPO-TFC,100,1,0.8498777151107788,0.8500000238418579,0.85,0,Forward,25855,attack
206,PPO-TFC (seed=100),PPO-TFC,100,1,0.8552750945091248,0.8600000143051147,0.85,0,Forward,25924,attack
207,PPO-TFC (seed=100),PPO-TFC,100,1,0.8599913120269775,0.8600000143051147,0.86,0,Forward,26023,attack
208,PPO-TFC (seed=100),PPO-TFC,100,0,0.8406216502189636,0.8399999737739563,0.84,0,Forward,26138,benign
209,PPO-TFC (seed=100),PPO-TFC,100,0,0.8106439113616943,0.8100000023841858,0.81,0,Forward,26215,benign
210,PPO-TFC (seed=100),PPO-TFC,100,1,0.8734425902366638,0.8700000047683716,0.88,0,Forward,26320,attack
211,PPO-TFC (seed=100),PPO-TFC,100,1,0.8734425902366638,0.8700000047683716,0.88,0,Forward,26321,attack
212,PPO-TFC (seed=100),PPO-TFC,100,0,0.8274185657501221,0.8199999928474426,0.82,0,Forward,26485,benign
213,PPO-TFC (seed=100),PPO-TFC,100,0,0.7977456450462341,0.7900000214576721,0.8,0,Forward,26629,benign
214,PPO-TFC (seed=100),PPO-TFC,100,0,0.7860429883003235,0.7799999713897705,0.79,0,Forward,26652,benign
215,PPO-TFC (seed=100),PPO-TFC,100,0,0.8211085796356201,0.8199999928474426,0.82,0,Forward,27007,benign
216,PPO-TFC (seed=100),PPO-TFC,100,0,0.8113611340522766,0.8100000023841858,0.81,0,Forward,27027,benign
217,PPO-TFC (seed=100),PPO-TFC,100,0,0.8113600015640259,0.8100000023841858,0.81,0,Forward,27028,benign
218,PPO-TFC (seed=100),PPO-TFC,100,1,0.8569684028625488,0.8500000238418579,0.86,0,Forward,27099,attack
219,PPO-TFC (seed=100),PPO-TFC,100,1,0.8499709963798523,0.8500000238418579,0.85,0,Forward,27290,attack
220,PPO-TFC (seed=100),PPO-TFC,100,0,0.8199859857559204,0.8199999928474426,0.82,0,Forward,27385,benign
221,PPO-TFC (seed=100),PPO-TFC,100,0,0.8246893286705017,0.8199999928474426,0.82,0,Forward,27475,benign
222,PPO-TFC (seed=100),PPO-TFC,100,1,0.8756607174873352,0.8799999952316284,0.88,0,Forward,27647,attack
223,PPO-TFC (seed=100),PPO-TFC,100,1,0.8587411642074585,0.8600000143051147,0.86,0,Forward,27708,attack
224,PPO-TFC (seed=100),PPO-TFC,100,0,0.8176383972167969,0.8199999928474426,0.81,0,Forward,27800,benign
225,PPO-TFC (seed=100),PPO-TFC,100,0,0.8300334215164185,0.8299999833106995,0.82,0,Forward,27874,benign
226,PPO-TFC (seed=100),PPO-TFC,100,1,0.8468767404556274,0.8399999737739563,0.85,0,Forward,28068,attack
227,PPO-TFC (seed=100),PPO-TFC,100,0,0.8368855118751526,0.8299999833106995,0.84,0,Forward,28073,benign
228,PPO-TFC (seed=100),PPO-TFC,100,1,0.879469096660614,0.8799999952316284,0.87,0,Forward,28281,attack
229,PPO-TFC (seed=100),PPO-TFC,100,0,0.8395709991455078,0.8399999737739563,0.83,0,Forward,28318,benign
230,PPO-TFC (seed=100),PPO-TFC,100,0,0.8398676514625549,0.8399999737739563,0.84,0,Forward,28618,benign
231,PPO-TFC (seed=100),PPO-TFC,100,0,0.824093222618103,0.8199999928474426,0.83,0,Forward,28794,benign
232,PPO-TFC (seed=100),PPO-TFC,100,0,0.8240866661071777,0.8199999928474426,0.83,0,Forward,28804,benign
233,PPO-TFC (seed=100),PPO-TFC,100,1,0.8526306748390198,0.8500000238418579,0.85,0,Forward,28906,attack
234,PPO-TFC (seed=100),PPO-TFC,100,1,0.8526313900947571,0.8500000238418579,0.85,0,Forward,28907,attack
235,PPO-TFC (seed=100),PPO-TFC,100,1,0.8500974178314209,0.8500000238418579,0.85,0,Forward,29018,attack
236,PPO-TFC (seed=100),PPO-TFC,100,0,0.8424707651138306,0.8399999737739563,0.84,0,Forward,29042,benign
237,PPO-TFC (seed=100),PPO-TFC,100,0,0.8119410872459412,0.8100000023841858,0.81,0,Forward,29145,benign
238,PPO-TFC (seed=100),PPO-TFC,100,0,0.8217334747314453,0.8199999928474426,0.82,0,Forward,29234,benign
239,PPO-TFC (seed=100),PPO-TFC,100,0,0.8317458629608154,0.8299999833106995,0.83,0,Forward,29238,benign
240,PPO-TFC (seed=100),PPO-TFC,100,0,0.8088564872741699,0.8100000023841858,0.81,0,Forward,29334,benign
241,PPO-TFC (seed=100),PPO-TFC,100,1,0.8475148677825928,0.8500000238418579,0.85,0,Forward,29394,attack
242,PPO-TFC (seed=100),PPO-TFC,100,0,0.8201691508293152,0.8199999928474426,0.83,0,Forward,29434,benign
243,PPO-TFC (seed=100),PPO-TFC,100,1,0.8426319360733032,0.8399999737739563,0.85,0,Forward,29457,attack
244,PPO-TFC (seed=100),PPO-TFC,100,0,0.8261587023735046,0.8299999833106995,0.83,0,Forward,29590,benign
245,PPO-TFC (seed=100),PPO-TFC,100,0,0.8141408562660217,0.8100000023841858,0.82,0,Forward,29634,benign
246,PPO-TFC (seed=100),PPO-TFC,100,0,0.8041713237762451,0.800000011920929,0.81,0,Forward,29644,benign
247,PPO-TFC (seed=100),PPO-TFC,100,0,0.8383910655975342,0.8399999737739563,0.84,0,Forward,29713,benign
248,PPO-TFC (seed=100),PPO-TFC,100,1,0.9029292464256287,0.8999999761581421,0.9,0,Forward,29828,attack
0,PPO-TFC (seed=200),PPO-TFC,200,1,0.879833996295929,0.8799999952316284,0.88,0,Forward,34,attack
1,PPO-TFC (seed=200),PPO-TFC,200,0,0.8099673390388489,0.8100000023841858,0.81,0,Forward,163,benign
2,PPO-TFC (seed=200),PPO-TFC,200,0,0.8290244936943054,0.8299999833106995,0.82,0,Forward,359,benign
3,PPO-TFC (seed=200),PPO-TFC,200,1,0.8779748678207397,0.8799999952316284,0.87,0,Forward,543,attack
4,PPO-TFC (seed=200),PPO-TFC,200,1,0.8908616900444031,0.8899999856948853,0.89,0,Forward,788,attack
5,PPO-TFC (seed=200),PPO-TFC,200,0,0.8184310793876648,0.8199999928474426,0.83,0,Forward,1007,benign
6,PPO-TFC (seed=200),PPO-TFC,200,1,0.8630930185317993,0.8700000047683716,0.86,0,Forward,1077,attack
7,PPO-TFC (seed=200),PPO-TFC,200,0,0.7812010049819946,0.7799999713897705,0.78,0,Forward,1173,benign
8,PPO-TFC (seed=200),PPO-TFC,200,0,0.7988349199295044,0.800000011920929,0.8,0,Forward,1338,benign
9,PPO-TFC (seed=200),PPO-TFC,200,1,0.8783858418464661,0.8799999952316284,0.88,0,Forward,1589,attack
10,PPO-TFC (seed=200),PPO-TFC,200,1,0.9270837903022766,0.9300000071525574,0.93,0,Forward,1711,attack
11,PPO-TFC (seed=200),PPO-TFC,200,1,0.9204261302947998,0.9200000166893005,0.92,0,Forward,1755,attack
12,PPO-TFC (seed=200),PPO-TFC,200,1,0.8790686726570129,0.8799999952316284,0.88,0,Forward,1826,attack
13,PPO-TFC (seed=200),PPO-TFC,200,1,0.8598487377166748,0.8600000143051147,0.86,0,Forward,2303,attack
14,PPO-TFC (seed=200),PPO-TFC,200,1,0.8559197187423706,0.8500000238418579,0.87,0,Forward,2509,attack
15,PPO-TFC (seed=200),PPO-TFC,200,1,0.8448888659477234,0.8399999737739563,0.85,0,Forward,2579,attack
16,PPO-TFC (seed=200),PPO-TFC,200,1,0.8343343138694763,0.8299999833106995,0.85,0,Forward,2704,attack
17,PPO-TFC (seed=200),PPO-TFC,200,1,0.909209668636322,0.9100000262260437,0.91,0,Forward,2984,attack
18,PPO-TFC (seed=200),PPO-TFC,200,1,0.892710268497467,0.8899999856948853,0.89,0,Forward,3042,attack
19,PPO-TFC (seed=200),PPO-TFC,200,0,0.779188334941864,0.7799999713897705,0.78,0,Forward,3187,benign
20,PPO-TFC (seed=200),PPO-TFC,200,0,0.7874859571456909,0.7900000214576721,0.79,0,Forward,3200,benign
21,PPO-TFC (seed=200),PPO-TFC,200,1,0.8884751200675964,0.8899999856948853,0.88,0,Forward,3480,attack
22,PPO-TFC (seed=200),PPO-TFC,200,0,0.8297797441482544,0.8299999833106995,0.83,0,Forward,3603,benign
23,PPO-TFC (seed=200),PPO-TFC,200,1,0.8987791538238525,0.8999999761581421,0.9,0,Forward,4036,attack
24,PPO-TFC (seed=200),PPO-TFC,200,1,0.9100563526153564,0.9100000262260437,0.91,0,Forward,4096,attack
25,PPO-TFC (seed=200),PPO-TFC,200,0,0.7760412693023682,0.7799999713897705,0.78,0,Forward,4223,benign
26,PPO-TFC (seed=200),PPO-TFC,200,0,0.7967140674591064,0.7900000214576721,0.8,0,Forward,4492,benign
27,PPO-TFC (seed=200),PPO-TFC,200,0,0.773356556892395,0.7699999809265137,0.78,0,Forward,4724,benign
28,PPO-TFC (seed=200),PPO-TFC,200,1,0.9137651920318604,0.9100000262260437,0.92,0,Forward,4794,attack
29,PPO-TFC (seed=200),PPO-TFC,200,1,0.8725376129150391,0.8700000047683716,0.88,0,Forward,4856,attack
30,PPO-TFC (seed=200),PPO-TFC,200,1,0.8711929321289062,0.8700000047683716,0.88,0,Forward,4879,attack
31,PPO-TFC (seed=200),PPO-TFC,200,1,0.8682050108909607,0.8700000047683716,0.87,0,Forward,5004,attack
32,PPO-TFC (seed=200),PPO-TFC,200,1,0.8684120178222656,0.8700000047683716,0.87,0,Forward,5015,attack
33,PPO-TFC (seed=200),PPO-TFC,200,1,0.9081689715385437,0.9100000262260437,0.91,0,Forward,5100,attack
34,PPO-TFC (seed=200),PPO-TFC,200,1,0.8976726531982422,0.8999999761581421,0.9,0,Forward,5137,attack
35,PPO-TFC (seed=200),PPO-TFC,200,0,0.8373674154281616,0.8399999737739563,0.83,0,Forward,5188,benign
36,PPO-TFC (seed=200),PPO-TFC,200,1,0.862047553062439,0.8600000143051147,0.86,0,Forward,5222,attack
37,PPO-TFC (seed=200),PPO-TFC,200,1,0.8858568668365479,0.8799999952316284,0.89,0,Forward,5375,attack
38,PPO-TFC (seed=200),PPO-TFC,200,1,0.8564433455467224,0.8500000238418579,0.86,0,Forward,5529,attack
39,PPO-TFC (seed=200),PPO-TFC,200,0,0.8269306421279907,0.8199999928474426,0.83,0,Forward,5615,benign
40,PPO-TFC (seed=200),PPO-TFC,200,0,0.813768208026886,0.8100000023841858,0.8,0,Forward,5691,benign
41,PPO-TFC (seed=200),PPO-TFC,200,0,0.8197215795516968,0.8100000023841858,0.81,0,Forward,5747,benign
42,PPO-TFC (seed=200),PPO-TFC,200,0,0.8220182061195374,0.8100000023841858,0.81,0,Forward,5774,benign
43,PPO-TFC (seed=200),PPO-TFC,200,1,0.8663164377212524,0.8600000143051147,0.86,0,Forward,5933,attack
44,PPO-TFC (seed=200),PPO-TFC,200,0,0.849316418170929,0.8399999737739563,0.84,0,Forward,5966,benign
45,PPO-TFC (seed=200),PPO-TFC,200,0,0.8093292713165283,0.800000011920929,0.8,0,Forward,6009,benign
46,PPO-TFC (seed=200),PPO-TFC,200,0,0.8414927124977112,0.8399999737739563,0.83,0,Forward,6047,benign
47,PPO-TFC (seed=200),PPO-TFC,200,0,0.7934058308601379,0.7900000214576721,0.79,0,Forward,6156,benign
48,PPO-TFC (seed=200),PPO-TFC,200,0,0.7934057116508484,0.7900000214576721,0.79,0,Forward,6158,benign
49,PPO-TFC (seed=200),PPO-TFC,200,0,0.8012173175811768,0.800000011920929,0.8,0,Forward,6161,benign
50,PPO-TFC (seed=200),PPO-TFC,200,1,0.8523243069648743,0.8500000238418579,0.85,0,Forward,6544,attack
51,PPO-TFC (seed=200),PPO-TFC,200,1,0.8538548350334167,0.8500000238418579,0.85,0,Forward,6691,attack
52,PPO-TFC (seed=200),PPO-TFC,200,0,0.8254052996635437,0.8299999833106995,0.83,0,Forward,7158,benign
53,PPO-TFC (seed=200),PPO-TFC,200,0,0.7887188196182251,0.7900000214576721,0.79,0,Forward,7298,benign
54,PPO-TFC (seed=200),PPO-TFC,200,1,0.8693459033966064,0.8700000047683716,0.87,0,Forward,7805,attack
55,PPO-TFC (seed=200),PPO-TFC,200,0,0.8328465819358826,0.8299999833106995,0.83,0,Forward,7938,benign
56,PPO-TFC (seed=200),PPO-TFC,200,1,0.8672149181365967,0.8700000047683716,0.87,0,Forward,8112,attack
57,PPO-TFC (seed=200),PPO-TFC,200,1,0.8870208859443665,0.8899999856948853,0.89,0,Forward,8169,attack
58,PPO-TFC (seed=200),PPO-TFC,200,1,0.8547448515892029,0.8600000143051147,0.86,0,Forward,8187,attack
59,PPO-TFC (seed=200),PPO-TFC,200,1,0.8655512928962708,0.8700000047683716,0.87,0,Forward,8323,attack
60,PPO-TFC (seed=200),PPO-TFC,200,0,0.7602249383926392,0.7599999904632568,0.76,0,Forward,8570,benign
61,PPO-TFC (seed=200),PPO-TFC,200,0,0.7500377893447876,0.75,0.75,0,Forward,8585,benign
62,PPO-TFC (seed=200),PPO-TFC,200,0,0.7400667071342468,0.7400000095367432,0.74,0,Forward,8593,benign
63,PPO-TFC (seed=200),PPO-TFC,200,1,0.8890588283538818,0.8899999856948853,0.88,0,Forward,8699,attack
64,PPO-TFC (seed=200),PPO-TFC,200,1,0.8890588879585266,0.8899999856948853,0.88,0,Forward,8700,attack
65,PPO-TFC (seed=200),PPO-TFC,200,0,0.8400719165802002,0.8399999737739563,0.84,0,Forward,8758,benign
66,PPO-TFC (seed=200),PPO-TFC,200,0,0.800307035446167,0.7900000214576721,0.79,0,Forward,8963,benign
67,PPO-TFC (seed=200),PPO-TFC,200,0,0.8101561069488525,0.8100000023841858,0.81,0,Forward,9413,benign
68,PPO-TFC (seed=200),PPO-TFC,200,1,0.8594833612442017,0.8600000143051147,0.86,0,Forward,9754,attack
69,PPO-TFC (seed=200),PPO-TFC,200,0,0.8076704144477844,0.8100000023841858,0.81,0,Forward,9871,benign
70,PPO-TFC (seed=200),PPO-TFC,200,0,0.7902960777282715,0.7900000214576721,0.79,0,Forward,9907,benign
71,PPO-TFC (seed=200),PPO-TFC,200,1,0.9019876718521118,0.8999999761581421,0.9,0,Forward,10288,attack
72,PPO-TFC (seed=200),PPO-TFC,200,1,0.8918544054031372,0.8899999856948853,0.89,0,Forward,10301,attack
73,PPO-TFC (seed=200),PPO-TFC,200,1,0.8455605506896973,0.8500000238418579,0.85,0,Forward,10545,attack
74,PPO-TFC (seed=200),PPO-TFC,200,0,0.8055262565612793,0.800000011920929,0.79,0,Forward,10720,benign
75,PPO-TFC (seed=200),PPO-TFC,200,1,0.8840524554252625,0.8700000047683716,0.88,0,Forward,10844,attack
76,PPO-TFC (seed=200),PPO-TFC,200,1,0.8640789985656738,0.8500000238418579,0.86,0,Forward,10855,attack
77,PPO-TFC (seed=200),PPO-TFC,200,0,0.7940945625305176,0.7799999713897705,0.79,0,Forward,10888,benign
78,PPO-TFC (seed=200),PPO-TFC,200,0,0.7955327033996582,0.7900000214576721,0.8,0,Forward,10926,benign
79,PPO-TFC (seed=200),PPO-TFC,200,0,0.8359295725822449,0.8299999833106995,0.84,0,Forward,11013,benign
80,PPO-TFC (seed=200),PPO-TFC,200,0,0.8027329444885254,0.7900000214576721,0.79,0,Forward,11177,benign
81,PPO-TFC (seed=200),PPO-TFC,200,0,0.8449897170066833,0.8399999737739563,0.84,0,Forward,11275,benign
82,PPO-TFC (seed=200),PPO-TFC,200,0,0.8350366950035095,0.8299999833106995,0.83,0,Forward,11301,benign
83,PPO-TFC (seed=200),PPO-TFC,200,0,0.8350360989570618,0.8299999833106995,0.83,0,Forward,11302,benign
84,PPO-TFC (seed=200),PPO-TFC,200,0,0.81482994556427,0.8100000023841858,0.81,0,Forward,11352,benign
85,PPO-TFC (seed=200),PPO-TFC,200,1,0.8718368411064148,0.8700000047683716,0.87,0,Forward,11464,attack
86,PPO-TFC (seed=200),PPO-TFC,200,1,0.8501495122909546,0.8500000238418579,0.86,0,Forward,11772,attack
87,PPO-TFC (seed=200),PPO-TFC,200,0,0.8084815144538879,0.800000011920929,0.81,0,Forward,11813,benign
88,PPO-TFC (seed=200),PPO-TFC,200,0,0.8098862171173096,0.8100000023841858,0.81,0,Forward,11881,benign
89,PPO-TFC (seed=200),PPO-TFC,200,1,0.8678771257400513,0.8700000047683716,0.86,0,Forward,12061,attack
90,PPO-TFC (seed=200),PPO-TFC,200,0,0.8481305837631226,0.8500000238418579,0.84,0,Forward,12088,benign
91,PPO-TFC (seed=200),PPO-TFC,200,1,0.858406126499176,0.8600000143051147,0.85,0,Forward,12109,attack
92,PPO-TFC (seed=200),PPO-TFC,200,1,0.8504123091697693,0.8500000238418579,0.85,0,Forward,12137,attack
93,PPO-TFC (seed=200),PPO-TFC,200,0,0.8224881887435913,0.8199999928474426,0.82,0,Forward,12176,benign
94,PPO-TFC (seed=200),PPO-TFC,200,0,0.8422060608863831,0.8399999737739563,0.84,0,Forward,12187,benign
95,PPO-TFC (seed=200),PPO-TFC,200,0,0.8399506211280823,0.8399999737739563,0.84,0,Forward,12297,benign
96,PPO-TFC (seed=200),PPO-TFC,200,1,0.8687772154808044,0.8700000047683716,0.87,0,Forward,12464,attack
97,PPO-TFC (seed=200),PPO-TFC,200,1,0.8521358966827393,0.8500000238418579,0.85,0,Forward,12715,attack
98,PPO-TFC (seed=200),PPO-TFC,200,1,0.8409515619277954,0.8399999737739563,0.85,0,Forward,12891,attack
99,PPO-TFC (seed=200),PPO-TFC,200,1,0.8435349464416504,0.8399999737739563,0.85,0,Forward,12963,attack
100,PPO-TFC (seed=200),PPO-TFC,200,0,0.8321276307106018,0.8299999833106995,0.83,0,Forward,13036,benign
101,PPO-TFC (seed=200),PPO-TFC,200,0,0.8130981922149658,0.8100000023841858,0.81,0,Forward,13047,benign
102,PPO-TFC (seed=200),PPO-TFC,200,0,0.8230418562889099,0.8199999928474426,0.82,0,Forward,13058,benign
103,PPO-TFC (seed=200),PPO-TFC,200,1,0.8648033142089844,0.8600000143051147,0.86,0,Forward,13189,attack
104,PPO-TFC (seed=200),PPO-TFC,200,1,0.8940011858940125,0.8899999856948853,0.89,0,Forward,13220,attack
105,PPO-TFC (seed=200),PPO-TFC,200,1,0.8817206621170044,0.8799999952316284,0.89,0,Forward,13229,attack
106,PPO-TFC (seed=200),PPO-TFC,200,0,0.789798378944397,0.7900000214576721,0.79,0,Forward,13418,benign
107,PPO-TFC (seed=200),PPO-TFC,200,0,0.799791693687439,0.800000011920929,0.8,0,Forward,13422,benign
108,PPO-TFC (seed=200),PPO-TFC,200,1,0.8395397067070007,0.8399999737739563,0.85,0,Forward,13790,attack
109,PPO-TFC (seed=200),PPO-TFC,200,0,0.8311482071876526,0.8299999833106995,0.84,0,Forward,13821,benign
110,PPO-TFC (seed=200),PPO-TFC,200,1,0.8897304534912109,0.8899999856948853,0.89,0,Forward,13896,attack
111,PPO-TFC (seed=200),PPO-TFC,200,1,0.8981784582138062,0.8999999761581421,0.9,0,Forward,13941,attack
112,PPO-TFC (seed=200),PPO-TFC,200,0,0.8418792486190796,0.8500000238418579,0.84,0,Forward,14060,benign
113,PPO-TFC (seed=200),PPO-TFC,200,0,0.8191235065460205,0.8100000023841858,0.8,0,Forward,14233,benign
114,PPO-TFC (seed=200),PPO-TFC,200,1,0.8727867007255554,0.8700000047683716,0.88,0,Forward,14309,attack
115,PPO-TFC (seed=200),PPO-TFC,200,1,0.859923243522644,0.8600000143051147,0.86,0,Forward,15051,attack
116,PPO-TFC (seed=200),PPO-TFC,200,1,0.8823280930519104,0.8799999952316284,0.88,0,Forward,15187,attack
117,PPO-TFC (seed=200),PPO-TFC,200,0,0.8324939608573914,0.8299999833106995,0.83,0,Forward,15211,benign
118,PPO-TFC (seed=200),PPO-TFC,200,1,0.8637133836746216,0.8600000143051147,0.86,0,Forward,15308,attack
119,PPO-TFC (seed=200),PPO-TFC,200,0,0.8160220384597778,0.8100000023841858,0.82,0,Forward,15325,benign
120,PPO-TFC (seed=200),PPO-TFC,200,0,0.754787802696228,0.75,0.76,0,Forward,15412,benign
121,PPO-TFC (seed=200),PPO-TFC,200,1,0.851523756980896,0.8500000238418579,0.85,0,Forward,15587,attack
122,PPO-TFC (seed=200),PPO-TFC,200,1,0.8701123595237732,0.8700000047683716,0.87,0,Forward,15646,attack
123,PPO-TFC (seed=200),PPO-TFC,200,1,0.8801069855690002,0.8799999952316284,0.88,0,Forward,15647,attack
124,PPO-TFC (seed=200),PPO-TFC,200,1,0.9189636707305908,0.9200000166893005,0.91,0,Forward,15731,attack
125,PPO-TFC (seed=200),PPO-TFC,200,0,0.8464939594268799,0.8500000238418579,0.84,0,Forward,16024,benign
126,PPO-TFC (seed=200),PPO-TFC,200,1,0.8612254858016968,0.8600000143051147,0.87,0,Forward,16469,attack
127,PPO-TFC (seed=200),PPO-TFC,200,1,0.8597354292869568,0.8600000143051147,0.87,0,Forward,16492,attack
128,PPO-TFC (seed=200),PPO-TFC,200,1,0.8625316619873047,0.8600000143051147,0.86,0,Forward,16621,attack
129,PPO-TFC (seed=200),PPO-TFC,200,1,0.8625324964523315,0.8600000143051147,0.86,0,Forward,16622,attack
130,PPO-TFC (seed=200),PPO-TFC,200,0,0.8334140777587891,0.8299999833106995,0.84,0,Forward,16712,benign
131,PPO-TFC (seed=200),PPO-TFC,200,1,0.8998856544494629,0.8999999761581421,0.9,0,Forward,16856,attack
132,PPO-TFC (seed=200),PPO-TFC,200,1,0.8994457721710205,0.8999999761581421,0.9,0,Forward,16929,attack
133,PPO-TFC (seed=200),PPO-TFC,200,1,0.8741875290870667,0.8700000047683716,0.88,0,Forward,17031,attack
134,PPO-TFC (seed=200),PPO-TFC,200,0,0.8287768363952637,0.8199999928474426,0.84,0,Forward,17229,benign
135,PPO-TFC (seed=200),PPO-TFC,200,0,0.8439942002296448,0.8399999737739563,0.84,0,Forward,17474,benign
136,PPO-TFC (seed=200),PPO-TFC,200,0,0.8278783559799194,0.8199999928474426,0.82,0,Forward,17678,benign
137,PPO-TFC (seed=200),PPO-TFC,200,0,0.8066718578338623,0.800000011920929,0.8,0,Forward,17719,benign
138,PPO-TFC (seed=200),PPO-TFC,200,0,0.8577614426612854,0.8500000238418579,0.84,0,Forward,18102,benign
139,PPO-TFC (seed=200),PPO-TFC,200,1,0.8832355737686157,0.8799999952316284,0.87,0,Forward,18120,attack
140,PPO-TFC (seed=200),PPO-TFC,200,1,0.8787582516670227,0.8799999952316284,0.88,0,Forward,18188,attack
141,PPO-TFC (seed=200),PPO-TFC,200,1,0.9003291130065918,0.8999999761581421,0.9,0,Forward,18373,attack
142,PPO-TFC (seed=200),PPO-TFC,200,0,0.8293827176094055,0.8299999833106995,0.83,0,Forward,18429,benign
143,PPO-TFC (seed=200),PPO-TFC,200,0,0.8019344806671143,0.800000011920929,0.8,0,Forward,18605,benign
144,PPO-TFC (seed=200),PPO-TFC,200,0,0.7719220519065857,0.7699999809265137,0.77,0,Forward,18629,benign
145,PPO-TFC (seed=200),PPO-TFC,200,1,0.8580705523490906,0.8600000143051147,0.86,0,Forward,19034,attack
146,PPO-TFC (seed=200),PPO-TFC,200,1,0.8591589331626892,0.8600000143051147,0.86,0,Forward,19261,attack
147,PPO-TFC (seed=200),PPO-TFC,200,0,0.8198917508125305,0.8199999928474426,0.82,0,Forward,19568,benign
148,PPO-TFC (seed=200),PPO-TFC,200,0,0.8346434831619263,0.8299999833106995,0.84,0,Forward,19606,benign
149,PPO-TFC (seed=200),PPO-TFC,200,0,0.6925909519195557,0.6899999976158142,0.69,0,Forward,19803,benign
150,PPO-TFC (seed=200),PPO-TFC,200,1,0.8533068895339966,0.8500000238418579,0.85,0,Forward,19973,attack
151,PPO-TFC (seed=200),PPO-TFC,200,1,0.9491422176361084,0.949999988079071,0.95,0,Forward,20134,attack
152,PPO-TFC (seed=200),PPO-TFC,200,1,0.8576992154121399,0.8600000143051147,0.86,0,Forward,20261,attack
153,PPO-TFC (seed=200),PPO-TFC,200,0,0.837689220905304,0.8399999737739563,0.84,0,Forward,20271,benign
154,PPO-TFC (seed=200),PPO-TFC,200,1,0.8698458075523376,0.8700000047683716,0.87,0,Forward,20328,attack
155,PPO-TFC (seed=200),PPO-TFC,200,1,0.8497189879417419,0.8500000238418579,0.85,0,Forward,20578,attack
156,PPO-TFC (seed=200),PPO-TFC,200,1,0.8485469818115234,0.8500000238418579,0.85,0,Forward,20712,attack
157,PPO-TFC (seed=200),PPO-TFC,200,1,0.8510622978210449,0.8500000238418579,0.86,0,Forward,20838,attack
158,PPO-TFC (seed=200),PPO-TFC,200,0,0.8205698132514954,0.8199999928474426,0.82,0,Forward,20916,benign
159,PPO-TFC (seed=200),PPO-TFC,200,0,0.7999889254570007,0.800000011920929,0.8,0,Forward,21203,benign
160,PPO-TFC (seed=200),PPO-TFC,200,0,0.7922539710998535,0.7900000214576721,0.8,0,Forward,21295,benign
161,PPO-TFC (seed=200),PPO-TFC,200,0,0.7913861870765686,0.7900000214576721,0.8,0,Forward,21299,benign
162,PPO-TFC (seed=200),PPO-TFC,200,0,0.830646812915802,0.8299999833106995,0.84,0,Forward,21508,benign
163,PPO-TFC (seed=200),PPO-TFC,200,1,0.8479499816894531,0.8500000238418579,0.85,0,Forward,21600,attack
164,PPO-TFC (seed=200),PPO-TFC,200,0,0.8187517523765564,0.8199999928474426,0.81,0,Forward,21733,benign
165,PPO-TFC (seed=200),PPO-TFC,200,0,0.7671636343002319,0.7599999904632568,0.76,0,Forward,21806,benign
166,PPO-TFC (seed=200),PPO-TFC,200,1,0.8541373610496521,0.8399999737739563,0.86,0,Forward,21948,attack
167,PPO-TFC (seed=200),PPO-TFC,200,1,0.876903235912323,0.8700000047683716,0.87,0,Forward,22082,attack
168,PPO-TFC (seed=200),PPO-TFC,200,1,0.9052704572677612,0.8999999761581421,0.9,0,Forward,22110,attack
169,PPO-TFC (seed=200),PPO-TFC,200,0,0.8391054272651672,0.8399999737739563,0.83,0,Forward,22171,benign
170,PPO-TFC (seed=200),PPO-TFC,200,1,0.8498303294181824,0.8500000238418579,0.85,0,Forward,22284,attack
171,PPO-TFC (seed=200),PPO-TFC,200,1,0.8491634130477905,0.8500000238418579,0.85,0,Forward,22317,attack
172,PPO-TFC (seed=200),PPO-TFC,200,1,0.8691211938858032,0.8700000047683716,0.87,0,Forward,22329,attack
173,PPO-TFC (seed=200),PPO-TFC,200,1,0.8876321911811829,0.8899999856948853,0.89,0,Forward,22468,attack
174,PPO-TFC (seed=200),PPO-TFC,200,1,0.8775237202644348,0.8799999952316284,0.88,0,Forward,22501,attack
175,PPO-TFC (seed=200),PPO-TFC,200,0,0.8302080035209656,0.8299999833106995,0.83,0,Forward,22708,benign
176,PPO-TFC (seed=200),PPO-TFC,200,1,0.8703062534332275,0.8700000047683716,0.87,0,Forward,22853,attack
177,PPO-TFC (seed=200),PPO-TFC,200,0,0.8237143158912659,0.8199999928474426,0.82,0,Forward,22944,benign
178,PPO-TFC (seed=200),PPO-TFC,200,1,0.8696657419204712,0.8600000143051147,0.86,0,Forward,23025,attack
179,PPO-TFC (seed=200),PPO-TFC,200,1,0.8847257494926453,0.8799999952316284,0.88,0,Forward,23094,attack
180,PPO-TFC (seed=200),PPO-TFC,200,1,0.8747749924659729,0.8700000047683716,0.87,0,Forward,23112,attack
181,PPO-TFC (seed=200),PPO-TFC,200,0,0.8125288486480713,0.8100000023841858,0.81,0,Forward,23209,benign
182,PPO-TFC (seed=200),PPO-TFC,200,0,0.8284656405448914,0.8299999833106995,0.83,0,Forward,23431,benign
183,PPO-TFC (seed=200),PPO-TFC,200,1,0.8589532971382141,0.8600000143051147,0.86,0,Forward,23733,attack
184,PPO-TFC (seed=200),PPO-TFC,200,1,0.8488499522209167,0.8500000238418579,0.85,0,Forward,23759,attack
185,PPO-TFC (seed=200),PPO-TFC,200,0,0.8388105034828186,0.8399999737739563,0.84,0,Forward,23778,benign
186,PPO-TFC (seed=200),PPO-TFC,200,0,0.8340607285499573,0.8299999833106995,0.83,0,Forward,23811,benign
187,PPO-TFC (seed=200),PPO-TFC,200,0,0.8036412000656128,0.800000011920929,0.8,0,Forward,24133,benign
188,PPO-TFC (seed=200),PPO-TFC,200,0,0.7837530374526978,0.7799999713897705,0.78,0,Forward,24191,benign
189,PPO-TFC (seed=200),PPO-TFC,200,0,0.7800889611244202,0.7799999713897705,0.78,0,Forward,24211,benign
190,PPO-TFC (seed=200),PPO-TFC,200,1,0.8676241040229797,0.8600000143051147,0.87,0,Forward,24373,attack
191,PPO-TFC (seed=200),PPO-TFC,200,0,0.8401661515235901,0.8399999737739563,0.84,0,Forward,24560,benign
192,PPO-TFC (seed=200),PPO-TFC,200,1,0.8799384832382202,0.8799999952316284,0.88,0,Forward,24613,attack
193,PPO-TFC (seed=200),PPO-TFC,200,1,0.889945924282074,0.8899999856948853,0.89,0,Forward,24618,attack
194,PPO-TFC (seed=200),PPO-TFC,200,1,0.8958290219306946,0.8899999856948853,0.91,0,Forward,24726,attack
195,PPO-TFC (seed=200),PPO-TFC,200,1,0.8804629445075989,0.8799999952316284,0.88,0,Forward,24772,attack
196,PPO-TFC (seed=200),PPO-TFC,200,0,0.843108594417572,0.8399999737739563,0.84,0,Forward,24837,benign
197,PPO-TFC (seed=200),PPO-TFC,200,0,0.8299122452735901,0.8299999833106995,0.83,0,Forward,24967,benign
198,PPO-TFC (seed=200),PPO-TFC,200,0,0.8168489336967468,0.8199999928474426,0.82,0,Forward,24996,benign
199,PPO-TFC (seed=200),PPO-TFC,200,0,0.7699838280677795,0.7599999904632568,0.77,0,Forward,25212,benign
200,PPO-TFC (seed=200),PPO-TFC,200,1,0.8604229688644409,0.8600000143051147,0.86,0,Forward,25323,attack
201,PPO-TFC (seed=200),PPO-TFC,200,1,0.8699449300765991,0.8700000047683716,0.87,0,Forward,25341,attack
202,PPO-TFC (seed=200),PPO-TFC,200,0,0.7626132369041443,0.7599999904632568,0.76,0,Forward,25525,benign
203,PPO-TFC (seed=200),PPO-TFC,200,0,0.7826955914497375,0.7799999713897705,0.78,0,Forward,25624,benign
204,PPO-TFC (seed=200),PPO-TFC,200,1,0.8601194024085999,0.8600000143051147,0.86,0,Forward,25753,attack
205,PPO-TFC (seed=200),PPO-TFC,200,1,0.8498777151107788,0.8500000238418579,0.85,0,Forward,25855,attack
206,PPO-TFC (seed=200),PPO-TFC,200,1,0.8552750945091248,0.8600000143051147,0.85,0,Forward,25924,attack
207,PPO-TFC (seed=200),PPO-TFC,200,1,0.8599913120269775,0.8600000143051147,0.86,0,Forward,26023,attack
208,PPO-TFC (seed=200),PPO-TFC,200,0,0.8406216502189636,0.8399999737739563,0.84,0,Forward,26138,benign
209,PPO-TFC (seed=200),PPO-TFC,200,0,0.8106439113616943,0.8100000023841858,0.81,0,Forward,26215,benign
210,PPO-TFC (seed=200),PPO-TFC,200,1,0.8734425902366638,0.8700000047683716,0.88,0,Forward,26320,attack
211,PPO-TFC (seed=200),PPO-TFC,200,1,0.8734425902366638,0.8700000047683716,0.88,0,Forward,26321,attack
212,PPO-TFC (seed=200),PPO-TFC,200,0,0.8274185657501221,0.8199999928474426,0.82,0,Forward,26485,benign
213,PPO-TFC (seed=200),PPO-TFC,200,0,0.7977456450462341,0.7900000214576721,0.8,0,Forward,26629,benign
214,PPO-TFC (seed=200),PPO-TFC,200,0,0.7860429883003235,0.7799999713897705,0.79,0,Forward,26652,benign
215,PPO-TFC (seed=200),PPO-TFC,200,0,0.8211085796356201,0.8199999928474426,0.82,0,Forward,27007,benign
216,PPO-TFC (seed=200),PPO-TFC,200,0,0.8113611340522766,0.8100000023841858,0.81,0,Forward,27027,benign
217,PPO-TFC (seed=200),PPO-TFC,200,0,0.8113600015640259,0.8100000023841858,0.81,0,Forward,27028,benign
218,PPO-TFC (seed=200),PPO-TFC,200,1,0.8569684028625488,0.8500000238418579,0.86,0,Forward,27099,attack
219,PPO-TFC (seed=200),PPO-TFC,200,1,0.8499709963798523,0.8500000238418579,0.85,0,Forward,27290,attack
220,PPO-TFC (seed=200),PPO-TFC,200,0,0.8199859857559204,0.8199999928474426,0.82,0,Forward,27385,benign
221,PPO-TFC (seed=200),PPO-TFC,200,0,0.8246893286705017,0.8199999928474426,0.82,0,Forward,27475,benign
222,PPO-TFC (seed=200),PPO-TFC,200,1,0.8756607174873352,0.8799999952316284,0.88,0,Forward,27647,attack
223,PPO-TFC (seed=200),PPO-TFC,200,1,0.8587411642074585,0.8600000143051147,0.86,0,Forward,27708,attack
224,PPO-TFC (seed=200),PPO-TFC,200,0,0.8176383972167969,0.8199999928474426,0.81,0,Forward,27800,benign
225,PPO-TFC (seed=200),PPO-TFC,200,0,0.8300334215164185,0.8299999833106995,0.82,0,Forward,27874,benign
226,PPO-TFC (seed=200),PPO-TFC,200,1,0.8468767404556274,0.8399999737739563,0.85,0,Forward,28068,attack
227,PPO-TFC (seed=200),PPO-TFC,200,0,0.8368855118751526,0.8299999833106995,0.84,0,Forward,28073,benign
228,PPO-TFC (seed=200),PPO-TFC,200,1,0.879469096660614,0.8799999952316284,0.87,0,Forward,28281,attack
229,PPO-TFC (seed=200),PPO-TFC,200,0,0.8395709991455078,0.8399999737739563,0.83,0,Forward,28318,benign
230,PPO-TFC (seed=200),PPO-TFC,200,0,0.8398676514625549,0.8399999737739563,0.84,0,Forward,28618,benign
231,PPO-TFC (seed=200),PPO-TFC,200,0,0.824093222618103,0.8199999928474426,0.83,0,Forward,28794,benign
232,PPO-TFC (seed=200),PPO-TFC,200,0,0.8240866661071777,0.8199999928474426,0.83,0,Forward,28804,benign
233,PPO-TFC (seed=200),PPO-TFC,200,1,0.8526306748390198,0.8500000238418579,0.85,0,Forward,28906,attack
234,PPO-TFC (seed=200),PPO-TFC,200,1,0.8526313900947571,0.8500000238418579,0.85,0,Forward,28907,attack
235,PPO-TFC (seed=200),PPO-TFC,200,1,0.8500974178314209,0.8500000238418579,0.85,0,Forward,29018,attack
236,PPO-TFC (seed=200),PPO-TFC,200,0,0.8424707651138306,0.8399999737739563,0.84,0,Forward,29042,benign
237,PPO-TFC (seed=200),PPO-TFC,200,0,0.8119410872459412,0.8100000023841858,0.81,0,Forward,29145,benign
238,PPO-TFC (seed=200),PPO-TFC,200,0,0.8217334747314453,0.8199999928474426,0.82,0,Forward,29234,benign
239,PPO-TFC (seed=200),PPO-TFC,200,0,0.8317458629608154,0.8299999833106995,0.83,0,Forward,29238,benign
240,PPO-TFC (seed=200),PPO-TFC,200,0,0.8088564872741699,0.8100000023841858,0.81,0,Forward,29334,benign
241,PPO-TFC (seed=200),PPO-TFC,200,1,0.8475148677825928,0.8500000238418579,0.85,0,Forward,29394,attack
242,PPO-TFC (seed=200),PPO-TFC,200,0,0.8201691508293152,0.8199999928474426,0.83,0,Forward,29434,benign
243,PPO-TFC (seed=200),PPO-TFC,200,1,0.8426319360733032,0.8399999737739563,0.85,0,Forward,29457,attack
244,PPO-TFC (seed=200),PPO-TFC,200,0,0.8261587023735046,0.8299999833106995,0.83,0,Forward,29590,benign
245,PPO-TFC (seed=200),PPO-TFC,200,0,0.8141408562660217,0.8100000023841858,0.82,0,Forward,29634,benign
246,PPO-TFC (seed=200),PPO-TFC,200,0,0.8041713237762451,0.800000011920929,0.81,0,Forward,29644,benign
247,PPO-TFC (seed=200),PPO-TFC,200,0,0.8383910655975342,0.8399999737739563,0.84,0,Forward,29713,benign
248,PPO-TFC (seed=200),PPO-TFC,200,1,0.9029292464256287,0.8999999761581421,0.9,0,Forward,29828,attack
0,PPO-TFC (seed=300),PPO-TFC,300,1,0.879833996295929,0.8799999952316284,0.88,0,Forward,34,attack
1,PPO-TFC (seed=300),PPO-TFC,300,0,0.8099673390388489,0.8100000023841858,0.81,0,Forward,163,benign
2,PPO-TFC (seed=300),PPO-TFC,300,0,0.8290244936943054,0.8299999833106995,0.82,0,Forward,359,benign
3,PPO-TFC (seed=300),PPO-TFC,300,1,0.8779748678207397,0.8799999952316284,0.87,0,Forward,543,attack
4,PPO-TFC (seed=300),PPO-TFC,300,1,0.8908616900444031,0.8899999856948853,0.89,0,Forward,788,attack
5,PPO-TFC (seed=300),PPO-TFC,300,0,0.8184310793876648,0.8199999928474426,0.83,0,Forward,1007,benign
6,PPO-TFC (seed=300),PPO-TFC,300,1,0.8630930185317993,0.8700000047683716,0.86,0,Forward,1077,attack
7,PPO-TFC (seed=300),PPO-TFC,300,0,0.7812010049819946,0.7799999713897705,0.78,0,Forward,1173,benign
8,PPO-TFC (seed=300),PPO-TFC,300,0,0.7988349199295044,0.800000011920929,0.8,0,Forward,1338,benign
9,PPO-TFC (seed=300),PPO-TFC,300,1,0.8783858418464661,0.8799999952316284,0.88,0,Forward,1589,attack
10,PPO-TFC (seed=300),PPO-TFC,300,1,0.9270837903022766,0.9300000071525574,0.93,0,Forward,1711,attack
11,PPO-TFC (seed=300),PPO-TFC,300,1,0.9204261302947998,0.9200000166893005,0.92,0,Forward,1755,attack
12,PPO-TFC (seed=300),PPO-TFC,300,1,0.8790686726570129,0.8799999952316284,0.88,0,Forward,1826,attack
13,PPO-TFC (seed=300),PPO-TFC,300,1,0.8598487377166748,0.8600000143051147,0.86,0,Forward,2303,attack
14,PPO-TFC (seed=300),PPO-TFC,300,1,0.8559197187423706,0.8500000238418579,0.87,0,Forward,2509,attack
15,PPO-TFC (seed=300),PPO-TFC,300,1,0.8448888659477234,0.8399999737739563,0.85,0,Forward,2579,attack
16,PPO-TFC (seed=300),PPO-TFC,300,1,0.8343343138694763,0.8299999833106995,0.85,0,Forward,2704,attack
17,PPO-TFC (seed=300),PPO-TFC,300,1,0.909209668636322,0.9100000262260437,0.91,0,Forward,2984,attack
18,PPO-TFC (seed=300),PPO-TFC,300,1,0.892710268497467,0.8899999856948853,0.89,0,Forward,3042,attack
19,PPO-TFC (seed=300),PPO-TFC,300,0,0.779188334941864,0.7799999713897705,0.78,0,Forward,3187,benign
20,PPO-TFC (seed=300),PPO-TFC,300,0,0.7874859571456909,0.7900000214576721,0.79,0,Forward,3200,benign
21,PPO-TFC (seed=300),PPO-TFC,300,1,0.8884751200675964,0.8899999856948853,0.88,0,Forward,3480,attack
22,PPO-TFC (seed=300),PPO-TFC,300,0,0.8297797441482544,0.8299999833106995,0.83,0,Forward,3603,benign
23,PPO-TFC (seed=300),PPO-TFC,300,1,0.8987791538238525,0.8999999761581421,0.9,0,Forward,4036,attack
24,PPO-TFC (seed=300),PPO-TFC,300,1,0.9100563526153564,0.9100000262260437,0.91,0,Forward,4096,attack
25,PPO-TFC (seed=300),PPO-TFC,300,0,0.7760412693023682,0.7799999713897705,0.78,0,Forward,4223,benign
26,PPO-TFC (seed=300),PPO-TFC,300,0,0.7967140674591064,0.7900000214576721,0.8,0,Forward,4492,benign
27,PPO-TFC (seed=300),PPO-TFC,300,0,0.773356556892395,0.7699999809265137,0.78,0,Forward,4724,benign
28,PPO-TFC (seed=300),PPO-TFC,300,1,0.9137651920318604,0.9100000262260437,0.92,0,Forward,4794,attack
29,PPO-TFC (seed=300),PPO-TFC,300,1,0.8725376129150391,0.8700000047683716,0.88,0,Forward,4856,attack
30,PPO-TFC (seed=300),PPO-TFC,300,1,0.8711929321289062,0.8700000047683716,0.88,0,Forward,4879,attack
31,PPO-TFC (seed=300),PPO-TFC,300,1,0.8682050108909607,0.8700000047683716,0.87,0,Forward,5004,attack
32,PPO-TFC (seed=300),PPO-TFC,300,1,0.8684120178222656,0.8700000047683716,0.87,0,Forward,5015,attack
33,PPO-TFC (seed=300),PPO-TFC,300,1,0.9081689715385437,0.9100000262260437,0.91,0,Forward,5100,attack
34,PPO-TFC (seed=300),PPO-TFC,300,1,0.8976726531982422,0.8999999761581421,0.9,0,Forward,5137,attack
35,PPO-TFC (seed=300),PPO-TFC,300,0,0.8373674154281616,0.8399999737739563,0.83,0,Forward,5188,benign
36,PPO-TFC (seed=300),PPO-TFC,300,1,0.862047553062439,0.8600000143051147,0.86,0,Forward,5222,attack
37,PPO-TFC (seed=300),PPO-TFC,300,1,0.8858568668365479,0.8799999952316284,0.89,0,Forward,5375,attack
38,PPO-TFC (seed=300),PPO-TFC,300,1,0.8564433455467224,0.8500000238418579,0.86,0,Forward,5529,attack
39,PPO-TFC (seed=300),PPO-TFC,300,0,0.8269306421279907,0.8199999928474426,0.83,0,Forward,5615,benign
40,PPO-TFC (seed=300),PPO-TFC,300,0,0.813768208026886,0.8100000023841858,0.8,0,Forward,5691,benign
41,PPO-TFC (seed=300),PPO-TFC,300,0,0.8197215795516968,0.8100000023841858,0.81,0,Forward,5747,benign
42,PPO-TFC (seed=300),PPO-TFC,300,0,0.8220182061195374,0.8100000023841858,0.81,0,Forward,5774,benign
43,PPO-TFC (seed=300),PPO-TFC,300,1,0.8663164377212524,0.8600000143051147,0.86,0,Forward,5933,attack
44,PPO-TFC (seed=300),PPO-TFC,300,0,0.849316418170929,0.8399999737739563,0.84,0,Forward,5966,benign
45,PPO-TFC (seed=300),PPO-TFC,300,0,0.8093292713165283,0.800000011920929,0.8,0,Forward,6009,benign
46,PPO-TFC (seed=300),PPO-TFC,300,0,0.8414927124977112,0.8399999737739563,0.83,0,Forward,6047,benign
47,PPO-TFC (seed=300),PPO-TFC,300,0,0.7934058308601379,0.7900000214576721,0.79,0,Forward,6156,benign
48,PPO-TFC (seed=300),PPO-TFC,300,0,0.7934057116508484,0.7900000214576721,0.79,0,Forward,6158,benign
49,PPO-TFC (seed=300),PPO-TFC,300,0,0.8012173175811768,0.800000011920929,0.8,0,Forward,6161,benign
50,PPO-TFC (seed=300),PPO-TFC,300,1,0.8523243069648743,0.8500000238418579,0.85,0,Forward,6544,attack
51,PPO-TFC (seed=300),PPO-TFC,300,1,0.8538548350334167,0.8500000238418579,0.85,0,Forward,6691,attack
52,PPO-TFC (seed=300),PPO-TFC,300,0,0.8254052996635437,0.8299999833106995,0.83,0,Forward,7158,benign
53,PPO-TFC (seed=300),PPO-TFC,300,0,0.7887188196182251,0.7900000214576721,0.79,0,Forward,7298,benign
54,PPO-TFC (seed=300),PPO-TFC,300,1,0.8693459033966064,0.8700000047683716,0.87,0,Forward,7805,attack
55,PPO-TFC (seed=300),PPO-TFC,300,0,0.8328465819358826,0.8299999833106995,0.83,0,Forward,7938,benign
56,PPO-TFC (seed=300),PPO-TFC,300,1,0.8672149181365967,0.8700000047683716,0.87,0,Forward,8112,attack
57,PPO-TFC (seed=300),PPO-TFC,300,1,0.8870208859443665,0.8899999856948853,0.89,0,Forward,8169,attack
58,PPO-TFC (seed=300),PPO-TFC,300,1,0.8547448515892029,0.8600000143051147,0.86,0,Forward,8187,attack
59,PPO-TFC (seed=300),PPO-TFC,300,1,0.8655512928962708,0.8700000047683716,0.87,0,Forward,8323,attack
60,PPO-TFC (seed=300),PPO-TFC,300,0,0.7602249383926392,0.7599999904632568,0.76,0,Forward,8570,benign
61,PPO-TFC (seed=300),PPO-TFC,300,0,0.7500377893447876,0.75,0.75,0,Forward,8585,benign
62,PPO-TFC (seed=300),PPO-TFC,300,0,0.7400667071342468,0.7400000095367432,0.74,0,Forward,8593,benign
63,PPO-TFC (seed=300),PPO-TFC,300,1,0.8890588283538818,0.8899999856948853,0.88,0,Forward,8699,attack
64,PPO-TFC (seed=300),PPO-TFC,300,1,0.8890588879585266,0.8899999856948853,0.88,0,Forward,8700,attack
65,PPO-TFC (seed=300),PPO-TFC,300,0,0.8400719165802002,0.8399999737739563,0.84,0,Forward,8758,benign
66,PPO-TFC (seed=300),PPO-TFC,300,0,0.800307035446167,0.7900000214576721,0.79,0,Forward,8963,benign
67,PPO-TFC (seed=300),PPO-TFC,300,0,0.8101561069488525,0.8100000023841858,0.81,0,Forward,9413,benign
68,PPO-TFC (seed=300),PPO-TFC,300,1,0.8594833612442017,0.8600000143051147,0.86,0,Forward,9754,attack
69,PPO-TFC (seed=300),PPO-TFC,300,0,0.8076704144477844,0.8100000023841858,0.81,0,Forward,9871,benign
70,PPO-TFC (seed=300),PPO-TFC,300,0,0.7902960777282715,0.7900000214576721,0.79,0,Forward,9907,benign
71,PPO-TFC (seed=300),PPO-TFC,300,1,0.9019876718521118,0.8999999761581421,0.9,0,Forward,10288,attack
72,PPO-TFC (seed=300),PPO-TFC,300,1,0.8918544054031372,0.8899999856948853,0.89,0,Forward,10301,attack
73,PPO-TFC (seed=300),PPO-TFC,300,1,0.8455605506896973,0.8500000238418579,0.85,0,Forward,10545,attack
74,PPO-TFC (seed=300),PPO-TFC,300,0,0.8055262565612793,0.800000011920929,0.79,0,Forward,10720,benign
75,PPO-TFC (seed=300),PPO-TFC,300,1,0.8840524554252625,0.8700000047683716,0.88,0,Forward,10844,attack
76,PPO-TFC (seed=300),PPO-TFC,300,1,0.8640789985656738,0.8500000238418579,0.86,0,Forward,10855,attack
77,PPO-TFC (seed=300),PPO-TFC,300,0,0.7940945625305176,0.7799999713897705,0.79,0,Forward,10888,benign
78,PPO-TFC (seed=300),PPO-TFC,300,0,0.7955327033996582,0.7900000214576721,0.8,0,Forward,10926,benign
79,PPO-TFC (seed=300),PPO-TFC,300,0,0.8359295725822449,0.8299999833106995,0.84,0,Forward,11013,benign
80,PPO-TFC (seed=300),PPO-TFC,300,0,0.8027329444885254,0.7900000214576721,0.79,0,Forward,11177,benign
81,PPO-TFC (seed=300),PPO-TFC,300,0,0.8449897170066833,0.8399999737739563,0.84,0,Forward,11275,benign
82,PPO-TFC (seed=300),PPO-TFC,300,0,0.8350366950035095,0.8299999833106995,0.83,0,Forward,11301,benign
83,PPO-TFC (seed=300),PPO-TFC,300,0,0.8350360989570618,0.8299999833106995,0.83,0,Forward,11302,benign
84,PPO-TFC (seed=300),PPO-TFC,300,0,0.81482994556427,0.8100000023841858,0.81,0,Forward,11352,benign
85,PPO-TFC (seed=300),PPO-TFC,300,1,0.8718368411064148,0.8700000047683716,0.87,0,Forward,11464,attack
86,PPO-TFC (seed=300),PPO-TFC,300,1,0.8501495122909546,0.8500000238418579,0.86,0,Forward,11772,attack
87,PPO-TFC (seed=300),PPO-TFC,300,0,0.8084815144538879,0.800000011920929,0.81,0,Forward,11813,benign
88,PPO-TFC (seed=300),PPO-TFC,300,0,0.8098862171173096,0.8100000023841858,0.81,0,Forward,11881,benign
89,PPO-TFC (seed=300),PPO-TFC,300,1,0.8678771257400513,0.8700000047683716,0.86,0,Forward,12061,attack
90,PPO-TFC (seed=300),PPO-TFC,300,0,0.8481305837631226,0.8500000238418579,0.84,0,Forward,12088,benign
91,PPO-TFC (seed=300),PPO-TFC,300,1,0.858406126499176,0.8600000143051147,0.85,0,Forward,12109,attack
92,PPO-TFC (seed=300),PPO-TFC,300,1,0.8504123091697693,0.8500000238418579,0.85,0,Forward,12137,attack
93,PPO-TFC (seed=300),PPO-TFC,300,0,0.8224881887435913,0.8199999928474426,0.82,0,Forward,12176,benign
94,PPO-TFC (seed=300),PPO-TFC,300,0,0.8422060608863831,0.8399999737739563,0.84,0,Forward,12187,benign
95,PPO-TFC (seed=300),PPO-TFC,300,0,0.8399506211280823,0.8399999737739563,0.84,0,Forward,12297,benign
96,PPO-TFC (seed=300),PPO-TFC,300,1,0.8687772154808044,0.8700000047683716,0.87,0,Forward,12464,attack
97,PPO-TFC (seed=300),PPO-TFC,300,1,0.8521358966827393,0.8500000238418579,0.85,0,Forward,12715,attack
98,PPO-TFC (seed=300),PPO-TFC,300,1,0.8409515619277954,0.8399999737739563,0.85,0,Forward,12891,attack
99,PPO-TFC (seed=300),PPO-TFC,300,1,0.8435349464416504,0.8399999737739563,0.85,0,Forward,12963,attack
100,PPO-TFC (seed=300),PPO-TFC,300,0,0.8321276307106018,0.8299999833106995,0.83,0,Forward,13036,benign
101,PPO-TFC (seed=300),PPO-TFC,300,0,0.8130981922149658,0.8100000023841858,0.81,0,Forward,13047,benign
102,PPO-TFC (seed=300),PPO-TFC,300,0,0.8230418562889099,0.8199999928474426,0.82,0,Forward,13058,benign
103,PPO-TFC (seed=300),PPO-TFC,300,1,0.8648033142089844,0.8600000143051147,0.86,0,Forward,13189,attack
104,PPO-TFC (seed=300),PPO-TFC,300,1,0.8940011858940125,0.8899999856948853,0.89,0,Forward,13220,attack
105,PPO-TFC (seed=300),PPO-TFC,300,1,0.8817206621170044,0.8799999952316284,0.89,0,Forward,13229,attack
106,PPO-TFC (seed=300),PPO-TFC,300,0,0.789798378944397,0.7900000214576721,0.79,0,Forward,13418,benign
107,PPO-TFC (seed=300),PPO-TFC,300,0,0.799791693687439,0.800000011920929,0.8,0,Forward,13422,benign
108,PPO-TFC (seed=300),PPO-TFC,300,1,0.8395397067070007,0.8399999737739563,0.85,0,Forward,13790,attack
109,PPO-TFC (seed=300),PPO-TFC,300,0,0.8311482071876526,0.8299999833106995,0.84,0,Forward,13821,benign
110,PPO-TFC (seed=300),PPO-TFC,300,1,0.8897304534912109,0.8899999856948853,0.89,0,Forward,13896,attack
111,PPO-TFC (seed=300),PPO-TFC,300,1,0.8981784582138062,0.8999999761581421,0.9,0,Forward,13941,attack
112,PPO-TFC (seed=300),PPO-TFC,300,0,0.8418792486190796,0.8500000238418579,0.84,0,Forward,14060,benign
113,PPO-TFC (seed=300),PPO-TFC,300,0,0.8191235065460205,0.8100000023841858,0.8,0,Forward,14233,benign
114,PPO-TFC (seed=300),PPO-TFC,300,1,0.8727867007255554,0.8700000047683716,0.88,0,Forward,14309,attack
115,PPO-TFC (seed=300),PPO-TFC,300,1,0.859923243522644,0.8600000143051147,0.86,0,Forward,15051,attack
116,PPO-TFC (seed=300),PPO-TFC,300,1,0.8823280930519104,0.8799999952316284,0.88,0,Forward,15187,attack
117,PPO-TFC (seed=300),PPO-TFC,300,0,0.8324939608573914,0.8299999833106995,0.83,0,Forward,15211,benign
118,PPO-TFC (seed=300),PPO-TFC,300,1,0.8637133836746216,0.8600000143051147,0.86,0,Forward,15308,attack
119,PPO-TFC (seed=300),PPO-TFC,300,0,0.8160220384597778,0.8100000023841858,0.82,0,Forward,15325,benign
120,PPO-TFC (seed=300),PPO-TFC,300,0,0.754787802696228,0.75,0.76,0,Forward,15412,benign
121,PPO-TFC (seed=300),PPO-TFC,300,1,0.851523756980896,0.8500000238418579,0.85,0,Forward,15587,attack
122,PPO-TFC (seed=300),PPO-TFC,300,1,0.8701123595237732,0.8700000047683716,0.87,0,Forward,15646,attack
123,PPO-TFC (seed=300),PPO-TFC,300,1,0.8801069855690002,0.8799999952316284,0.88,0,Forward,15647,attack
124,PPO-TFC (seed=300),PPO-TFC,300,1,0.9189636707305908,0.9200000166893005,0.91,0,Forward,15731,attack
125,PPO-TFC (seed=300),PPO-TFC,300,0,0.8464939594268799,0.8500000238418579,0.84,0,Forward,16024,benign
126,PPO-TFC (seed=300),PPO-TFC,300,1,0.8612254858016968,0.8600000143051147,0.87,0,Forward,16469,attack
127,PPO-TFC (seed=300),PPO-TFC,300,1,0.8597354292869568,0.8600000143051147,0.87,0,Forward,16492,attack
128,PPO-TFC (seed=300),PPO-TFC,300,1,0.8625316619873047,0.8600000143051147,0.86,0,Forward,16621,attack
129,PPO-TFC (seed=300),PPO-TFC,300,1,0.8625324964523315,0.8600000143051147,0.86,0,Forward,16622,attack
130,PPO-TFC (seed=300),PPO-TFC,300,0,0.8334140777587891,0.8299999833106995,0.84,0,Forward,16712,benign
131,PPO-TFC (seed=300),PPO-TFC,300,1,0.8998856544494629,0.8999999761581421,0.9,0,Forward,16856,attack
132,PPO-TFC (seed=300),PPO-TFC,300,1,0.8994457721710205,0.8999999761581421,0.9,0,Forward,16929,attack
133,PPO-TFC (seed=300),PPO-TFC,300,1,0.8741875290870667,0.8700000047683716,0.88,0,Forward,17031,attack
134,PPO-TFC (seed=300),PPO-TFC,300,0,0.8287768363952637,0.8199999928474426,0.84,0,Forward,17229,benign
135,PPO-TFC (seed=300),PPO-TFC,300,0,0.8439942002296448,0.8399999737739563,0.84,0,Forward,17474,benign
136,PPO-TFC (seed=300),PPO-TFC,300,0,0.8278783559799194,0.8199999928474426,0.82,0,Forward,17678,benign
137,PPO-TFC (seed=300),PPO-TFC,300,0,0.8066718578338623,0.800000011920929,0.8,0,Forward,17719,benign
138,PPO-TFC (seed=300),PPO-TFC,300,0,0.8577614426612854,0.8500000238418579,0.84,0,Forward,18102,benign
139,PPO-TFC (seed=300),PPO-TFC,300,1,0.8832355737686157,0.8799999952316284,0.87,0,Forward,18120,attack
140,PPO-TFC (seed=300),PPO-TFC,300,1,0.8787582516670227,0.8799999952316284,0.88,0,Forward,18188,attack
141,PPO-TFC (seed=300),PPO-TFC,300,1,0.9003291130065918,0.8999999761581421,0.9,0,Forward,18373,attack
142,PPO-TFC (seed=300),PPO-TFC,300,0,0.8293827176094055,0.8299999833106995,0.83,0,Forward,18429,benign
143,PPO-TFC (seed=300),PPO-TFC,300,0,0.8019344806671143,0.800000011920929,0.8,0,Forward,18605,benign
144,PPO-TFC (seed=300),PPO-TFC,300,0,0.7719220519065857,0.7699999809265137,0.77,0,Forward,18629,benign
145,PPO-TFC (seed=300),PPO-TFC,300,1,0.8580705523490906,0.8600000143051147,0.86,0,Forward,19034,attack
146,PPO-TFC (seed=300),PPO-TFC,300,1,0.8591589331626892,0.8600000143051147,0.86,0,Forward,19261,attack
147,PPO-TFC (seed=300),PPO-TFC,300,0,0.8198917508125305,0.8199999928474426,0.82,0,Forward,19568,benign
148,PPO-TFC (seed=300),PPO-TFC,300,0,0.8346434831619263,0.8299999833106995,0.84,0,Forward,19606,benign
149,PPO-TFC (seed=300),PPO-TFC,300,0,0.6925909519195557,0.6899999976158142,0.69,0,Forward,19803,benign
150,PPO-TFC (seed=300),PPO-TFC,300,1,0.8533068895339966,0.8500000238418579,0.85,0,Forward,19973,attack
151,PPO-TFC (seed=300),PPO-TFC,300,1,0.9491422176361084,0.949999988079071,0.95,0,Forward,20134,attack
152,PPO-TFC (seed=300),PPO-TFC,300,1,0.8576992154121399,0.8600000143051147,0.86,0,Forward,20261,attack
153,PPO-TFC (seed=300),PPO-TFC,300,0,0.837689220905304,0.8399999737739563,0.84,0,Forward,20271,benign
154,PPO-TFC (seed=300),PPO-TFC,300,1,0.8698458075523376,0.8700000047683716,0.87,0,Forward,20328,attack
155,PPO-TFC (seed=300),PPO-TFC,300,1,0.8497189879417419,0.8500000238418579,0.85,0,Forward,20578,attack
156,PPO-TFC (seed=300),PPO-TFC,300,1,0.8485469818115234,0.8500000238418579,0.85,0,Forward,20712,attack
157,PPO-TFC (seed=300),PPO-TFC,300,1,0.8510622978210449,0.8500000238418579,0.86,0,Forward,20838,attack
158,PPO-TFC (seed=300),PPO-TFC,300,0,0.8205698132514954,0.8199999928474426,0.82,0,Forward,20916,benign
159,PPO-TFC (seed=300),PPO-TFC,300,0,0.7999889254570007,0.800000011920929,0.8,0,Forward,21203,benign
160,PPO-TFC (seed=300),PPO-TFC,300,0,0.7922539710998535,0.7900000214576721,0.8,0,Forward,21295,benign
161,PPO-TFC (seed=300),PPO-TFC,300,0,0.7913861870765686,0.7900000214576721,0.8,0,Forward,21299,benign
162,PPO-TFC (seed=300),PPO-TFC,300,0,0.830646812915802,0.8299999833106995,0.84,0,Forward,21508,benign
163,PPO-TFC (seed=300),PPO-TFC,300,1,0.8479499816894531,0.8500000238418579,0.85,0,Forward,21600,attack
164,PPO-TFC (seed=300),PPO-TFC,300,0,0.8187517523765564,0.8199999928474426,0.81,0,Forward,21733,benign
165,PPO-TFC (seed=300),PPO-TFC,300,0,0.7671636343002319,0.7599999904632568,0.76,0,Forward,21806,benign
166,PPO-TFC (seed=300),PPO-TFC,300,1,0.8541373610496521,0.8399999737739563,0.86,0,Forward,21948,attack
167,PPO-TFC (seed=300),PPO-TFC,300,1,0.876903235912323,0.8700000047683716,0.87,0,Forward,22082,attack
168,PPO-TFC (seed=300),PPO-TFC,300,1,0.9052704572677612,0.8999999761581421,0.9,0,Forward,22110,attack
169,PPO-TFC (seed=300),PPO-TFC,300,0,0.8391054272651672,0.8399999737739563,0.83,0,Forward,22171,benign
170,PPO-TFC (seed=300),PPO-TFC,300,1,0.8498303294181824,0.8500000238418579,0.85,0,Forward,22284,attack
171,PPO-TFC (seed=300),PPO-TFC,300,1,0.8491634130477905,0.8500000238418579,0.85,0,Forward,22317,attack
172,PPO-TFC (seed=300),PPO-TFC,300,1,0.8691211938858032,0.8700000047683716,0.87,0,Forward,22329,attack
173,PPO-TFC (seed=300),PPO-TFC,300,1,0.8876321911811829,0.8899999856948853,0.89,0,Forward,22468,attack
174,PPO-TFC (seed=300),PPO-TFC,300,1,0.8775237202644348,0.8799999952316284,0.88,0,Forward,22501,attack
175,PPO-TFC (seed=300),PPO-TFC,300,0,0.8302080035209656,0.8299999833106995,0.83,0,Forward,22708,benign
176,PPO-TFC (seed=300),PPO-TFC,300,1,0.8703062534332275,0.8700000047683716,0.87,0,Forward,22853,attack
177,PPO-TFC (seed=300),PPO-TFC,300,0,0.8237143158912659,0.8199999928474426,0.82,0,Forward,22944,benign
178,PPO-TFC (seed=300),PPO-TFC,300,1,0.8696657419204712,0.8600000143051147,0.86,0,Forward,23025,attack
179,PPO-TFC (seed=300),PPO-TFC,300,1,0.8847257494926453,0.8799999952316284,0.88,0,Forward,23094,attack
180,PPO-TFC (seed=300),PPO-TFC,300,1,0.8747749924659729,0.8700000047683716,0.87,0,Forward,23112,attack
181,PPO-TFC (seed=300),PPO-TFC,300,0,0.8125288486480713,0.8100000023841858,0.81,0,Forward,23209,benign
182,PPO-TFC (seed=300),PPO-TFC,300,0,0.8284656405448914,0.8299999833106995,0.83,0,Forward,23431,benign
183,PPO-TFC (seed=300),PPO-TFC,300,1,0.8589532971382141,0.8600000143051147,0.86,0,Forward,23733,attack
184,PPO-TFC (seed=300),PPO-TFC,300,1,0.8488499522209167,0.8500000238418579,0.85,0,Forward,23759,attack
185,PPO-TFC (seed=300),PPO-TFC,300,0,0.8388105034828186,0.8399999737739563,0.84,0,Forward,23778,benign
186,PPO-TFC (seed=300),PPO-TFC,300,0,0.8340607285499573,0.8299999833106995,0.83,0,Forward,23811,benign
187,PPO-TFC (seed=300),PPO-TFC,300,0,0.8036412000656128,0.800000011920929,0.8,0,Forward,24133,benign
188,PPO-TFC (seed=300),PPO-TFC,300,0,0.7837530374526978,0.7799999713897705,0.78,0,Forward,24191,benign
189,PPO-TFC (seed=300),PPO-TFC,300,0,0.7800889611244202,0.7799999713897705,0.78,0,Forward,24211,benign
190,PPO-TFC (seed=300),PPO-TFC,300,1,0.8676241040229797,0.8600000143051147,0.87,0,Forward,24373,attack
191,PPO-TFC (seed=300),PPO-TFC,300,0,0.8401661515235901,0.8399999737739563,0.84,0,Forward,24560,benign
192,PPO-TFC (seed=300),PPO-TFC,300,1,0.8799384832382202,0.8799999952316284,0.88,0,Forward,24613,attack
193,PPO-TFC (seed=300),PPO-TFC,300,1,0.889945924282074,0.8899999856948853,0.89,0,Forward,24618,attack
194,PPO-TFC (seed=300),PPO-TFC,300,1,0.8958290219306946,0.8899999856948853,0.91,0,Forward,24726,attack
195,PPO-TFC (seed=300),PPO-TFC,300,1,0.8804629445075989,0.8799999952316284,0.88,0,Forward,24772,attack
196,PPO-TFC (seed=300),PPO-TFC,300,0,0.843108594417572,0.8399999737739563,0.84,0,Forward,24837,benign
197,PPO-TFC (seed=300),PPO-TFC,300,0,0.8299122452735901,0.8299999833106995,0.83,0,Forward,24967,benign
198,PPO-TFC (seed=300),PPO-TFC,300,0,0.8168489336967468,0.8199999928474426,0.82,0,Forward,24996,benign
199,PPO-TFC (seed=300),PPO-TFC,300,0,0.7699838280677795,0.7599999904632568,0.77,0,Forward,25212,benign
200,PPO-TFC (seed=300),PPO-TFC,300,1,0.8604229688644409,0.8600000143051147,0.86,0,Forward,25323,attack
201,PPO-TFC (seed=300),PPO-TFC,300,1,0.8699449300765991,0.8700000047683716,0.87,0,Forward,25341,attack
202,PPO-TFC (seed=300),PPO-TFC,300,0,0.7626132369041443,0.7599999904632568,0.76,0,Forward,25525,benign
203,PPO-TFC (seed=300),PPO-TFC,300,0,0.7826955914497375,0.7799999713897705,0.78,0,Forward,25624,benign
204,PPO-TFC (seed=300),PPO-TFC,300,1,0.8601194024085999,0.8600000143051147,0.86,0,Forward,25753,attack
205,PPO-TFC (seed=300),PPO-TFC,300,1,0.8498777151107788,0.8500000238418579,0.85,0,Forward,25855,attack
206,PPO-TFC (seed=300),PPO-TFC,300,1,0.8552750945091248,0.8600000143051147,0.85,0,Forward,25924,attack
207,PPO-TFC (seed=300),PPO-TFC,300,1,0.8599913120269775,0.8600000143051147,0.86,0,Forward,26023,attack
208,PPO-TFC (seed=300),PPO-TFC,300,0,0.8406216502189636,0.8399999737739563,0.84,0,Forward,26138,benign
209,PPO-TFC (seed=300),PPO-TFC,300,0,0.8106439113616943,0.8100000023841858,0.81,0,Forward,26215,benign
210,PPO-TFC (seed=300),PPO-TFC,300,1,0.8734425902366638,0.8700000047683716,0.88,0,Forward,26320,attack
211,PPO-TFC (seed=300),PPO-TFC,300,1,0.8734425902366638,0.8700000047683716,0.88,0,Forward,26321,attack
212,PPO-TFC (seed=300),PPO-TFC,300,0,0.8274185657501221,0.8199999928474426,0.82,0,Forward,26485,benign
213,PPO-TFC (seed=300),PPO-TFC,300,0,0.7977456450462341,0.7900000214576721,0.8,0,Forward,26629,benign
214,PPO-TFC (seed=300),PPO-TFC,300,0,0.7860429883003235,0.7799999713897705,0.79,0,Forward,26652,benign
215,PPO-TFC (seed=300),PPO-TFC,300,0,0.8211085796356201,0.8199999928474426,0.82,0,Forward,27007,benign
216,PPO-TFC (seed=300),PPO-TFC,300,0,0.8113611340522766,0.8100000023841858,0.81,0,Forward,27027,benign
217,PPO-TFC (seed=300),PPO-TFC,300,0,0.8113600015640259,0.8100000023841858,0.81,0,Forward,27028,benign
218,PPO-TFC (seed=300),PPO-TFC,300,1,0.8569684028625488,0.8500000238418579,0.86,0,Forward,27099,attack
219,PPO-TFC (seed=300),PPO-TFC,300,1,0.8499709963798523,0.8500000238418579,0.85,0,Forward,27290,attack
220,PPO-TFC (seed=300),PPO-TFC,300,0,0.8199859857559204,0.8199999928474426,0.82,0,Forward,27385,benign
221,PPO-TFC (seed=300),PPO-TFC,300,0,0.8246893286705017,0.8199999928474426,0.82,0,Forward,27475,benign
222,PPO-TFC (seed=300),PPO-TFC,300,1,0.8756607174873352,0.8799999952316284,0.88,0,Forward,27647,attack
223,PPO-TFC (seed=300),PPO-TFC,300,1,0.8587411642074585,0.8600000143051147,0.86,0,Forward,27708,attack
224,PPO-TFC (seed=300),PPO-TFC,300,0,0.8176383972167969,0.8199999928474426,0.81,0,Forward,27800,benign
225,PPO-TFC (seed=300),PPO-TFC,300,0,0.8300334215164185,0.8299999833106995,0.82,0,Forward,27874,benign
226,PPO-TFC (seed=300),PPO-TFC,300,1,0.8468767404556274,0.8399999737739563,0.85,0,Forward,28068,attack
227,PPO-TFC (seed=300),PPO-TFC,300,0,0.8368855118751526,0.8299999833106995,0.84,0,Forward,28073,benign
228,PPO-TFC (seed=300),PPO-TFC,300,1,0.879469096660614,0.8799999952316284,0.87,0,Forward,28281,attack
229,PPO-TFC (seed=300),PPO-TFC,300,0,0.8395709991455078,0.8399999737739563,0.83,0,Forward,28318,benign
230,PPO-TFC (seed=300),PPO-TFC,300,0,0.8398676514625549,0.8399999737739563,0.84,0,Forward,28618,benign
231,PPO-TFC (seed=300),PPO-TFC,300,0,0.824093222618103,0.8199999928474426,0.83,0,Forward,28794,benign
232,PPO-TFC (seed=300),PPO-TFC,300,0,0.8240866661071777,0.8199999928474426,0.83,0,Forward,28804,benign
233,PPO-TFC (seed=300),PPO-TFC,300,1,0.8526306748390198,0.8500000238418579,0.85,0,Forward,28906,attack
234,PPO-TFC (seed=300),PPO-TFC,300,1,0.8526313900947571,0.8500000238418579,0.85,0,Forward,28907,attack
235,PPO-TFC (seed=300),PPO-TFC,300,1,0.8500974178314209,0.8500000238418579,0.85,0,Forward,29018,attack
236,PPO-TFC (seed=300),PPO-TFC,300,0,0.8424707651138306,0.8399999737739563,0.84,0,Forward,29042,benign
237,PPO-TFC (seed=300),PPO-TFC,300,0,0.8119410872459412,0.8100000023841858,0.81,0,Forward,29145,benign
238,PPO-TFC (seed=300),PPO-TFC,300,0,0.8217334747314453,0.8199999928474426,0.82,0,Forward,29234,benign
239,PPO-TFC (seed=300),PPO-TFC,300,0,0.8317458629608154,0.8299999833106995,0.83,0,Forward,29238,benign
240,PPO-TFC (seed=300),PPO-TFC,300,0,0.8088564872741699,0.8100000023841858,0.81,0,Forward,29334,benign
241,PPO-TFC (seed=300),PPO-TFC,300,1,0.8475148677825928,0.8500000238418579,0.85,0,Forward,29394,attack
242,PPO-TFC (seed=300),PPO-TFC,300,0,0.8201691508293152,0.8199999928474426,0.83,0,Forward,29434,benign
243,PPO-TFC (seed=300),PPO-TFC,300,1,0.8426319360733032,0.8399999737739563,0.85,0,Forward,29457,attack
244,PPO-TFC (seed=300),PPO-TFC,300,0,0.8261587023735046,0.8299999833106995,0.83,0,Forward,29590,benign
245,PPO-TFC (seed=300),PPO-TFC,300,0,0.8141408562660217,0.8100000023841858,0.82,0,Forward,29634,benign
246,PPO-TFC (seed=300),PPO-TFC,300,0,0.8041713237762451,0.800000011920929,0.81,0,Forward,29644,benign
247,PPO-TFC (seed=300),PPO-TFC,300,0,0.8383910655975342,0.8399999737739563,0.84,0,Forward,29713,benign
248,PPO-TFC (seed=300),PPO-TFC,300,1,0.9029292464256287,0.8999999761581421,0.9,0,Forward,29828,attack
0,PPO-TFC (seed=400),PPO-TFC,400,1,0.879833996295929,0.8799999952316284,0.88,5,Drop,34,attack
1,PPO-TFC (seed=400),PPO-TFC,400,0,0.8099673390388489,0.8100000023841858,0.81,0,Forward,163,benign
2,PPO-TFC (seed=400),PPO-TFC,400,0,0.8290244936943054,0.8299999833106995,0.82,5,Drop,359,benign
3,PPO-TFC (seed=400),PPO-TFC,400,1,0.8779748678207397,0.8799999952316284,0.87,5,Drop,543,attack
4,PPO-TFC (seed=400),PPO-TFC,400,1,0.8908616900444031,0.8899999856948853,0.89,5,Drop,788,attack
5,PPO-TFC (seed=400),PPO-TFC,400,0,0.8184310793876648,0.8199999928474426,0.83,5,Drop,1007,benign
6,PPO-TFC (seed=400),PPO-TFC,400,1,0.8630930185317993,0.8700000047683716,0.86,5,Drop,1077,attack
7,PPO-TFC (seed=400),PPO-TFC,400,0,0.7812010049819946,0.7799999713897705,0.78,0,Forward,1173,benign
8,PPO-TFC (seed=400),PPO-TFC,400,0,0.7988349199295044,0.800000011920929,0.8,0,Forward,1338,benign
9,PPO-TFC (seed=400),PPO-TFC,400,1,0.8783858418464661,0.8799999952316284,0.88,5,Drop,1589,attack
10,PPO-TFC (seed=400),PPO-TFC,400,1,0.9270837903022766,0.9300000071525574,0.93,5,Drop,1711,attack
11,PPO-TFC (seed=400),PPO-TFC,400,1,0.9204261302947998,0.9200000166893005,0.92,5,Drop,1755,attack
12,PPO-TFC (seed=400),PPO-TFC,400,1,0.8790686726570129,0.8799999952316284,0.88,0,Forward,1826,attack
13,PPO-TFC (seed=400),PPO-TFC,400,1,0.8598487377166748,0.8600000143051147,0.86,5,Drop,2303,attack
14,PPO-TFC (seed=400),PPO-TFC,400,1,0.8559197187423706,0.8500000238418579,0.87,0,Forward,2509,attack
15,PPO-TFC (seed=400),PPO-TFC,400,1,0.8448888659477234,0.8399999737739563,0.85,5,Drop,2579,attack
16,PPO-TFC (seed=400),PPO-TFC,400,1,0.8343343138694763,0.8299999833106995,0.85,0,Forward,2704,attack
17,PPO-TFC (seed=400),PPO-TFC,400,1,0.909209668636322,0.9100000262260437,0.91,0,Forward,2984,attack
18,PPO-TFC (seed=400),PPO-TFC,400,1,0.892710268497467,0.8899999856948853,0.89,5,Drop,3042,attack
19,PPO-TFC (seed=400),PPO-TFC,400,0,0.779188334941864,0.7799999713897705,0.78,0,Forward,3187,benign
20,PPO-TFC (seed=400),PPO-TFC,400,0,0.7874859571456909,0.7900000214576721,0.79,0,Forward,3200,benign
21,PPO-TFC (seed=400),PPO-TFC,400,1,0.8884751200675964,0.8899999856948853,0.88,5,Drop,3480,attack
22,PPO-TFC (seed=400),PPO-TFC,400,0,0.8297797441482544,0.8299999833106995,0.83,0,Forward,3603,benign
23,PPO-TFC (seed=400),PPO-TFC,400,1,0.8987791538238525,0.8999999761581421,0.9,0,Forward,4036,attack
24,PPO-TFC (seed=400),PPO-TFC,400,1,0.9100563526153564,0.9100000262260437,0.91,5,Drop,4096,attack
25,PPO-TFC (seed=400),PPO-TFC,400,0,0.7760412693023682,0.7799999713897705,0.78,0,Forward,4223,benign
26,PPO-TFC (seed=400),PPO-TFC,400,0,0.7967140674591064,0.7900000214576721,0.8,0,Forward,4492,benign
27,PPO-TFC (seed=400),PPO-TFC,400,0,0.773356556892395,0.7699999809265137,0.78,0,Forward,4724,benign
28,PPO-TFC (seed=400),PPO-TFC,400,1,0.9137651920318604,0.9100000262260437,0.92,0,Forward,4794,attack
29,PPO-TFC (seed=400),PPO-TFC,400,1,0.8725376129150391,0.8700000047683716,0.88,0,Forward,4856,attack
30,PPO-TFC (seed=400),PPO-TFC,400,1,0.8711929321289062,0.8700000047683716,0.88,0,Forward,4879,attack
31,PPO-TFC (seed=400),PPO-TFC,400,1,0.8682050108909607,0.8700000047683716,0.87,5,Drop,5004,attack
32,PPO-TFC (seed=400),PPO-TFC,400,1,0.8684120178222656,0.8700000047683716,0.87,5,Drop,5015,attack
33,PPO-TFC (seed=400),PPO-TFC,400,1,0.9081689715385437,0.9100000262260437,0.91,0,Forward,5100,attack
34,PPO-TFC (seed=400),PPO-TFC,400,1,0.8976726531982422,0.8999999761581421,0.9,0,Forward,5137,attack
35,PPO-TFC (seed=400),PPO-TFC,400,0,0.8373674154281616,0.8399999737739563,0.83,0,Forward,5188,benign
36,PPO-TFC (seed=400),PPO-TFC,400,1,0.862047553062439,0.8600000143051147,0.86,0,Forward,5222,attack
37,PPO-TFC (seed=400),PPO-TFC,400,1,0.8858568668365479,0.8799999952316284,0.89,0,Forward,5375,attack
38,PPO-TFC (seed=400),PPO-TFC,400,1,0.8564433455467224,0.8500000238418579,0.86,0,Forward,5529,attack
39,PPO-TFC (seed=400),PPO-TFC,400,0,0.8269306421279907,0.8199999928474426,0.83,0,Forward,5615,benign
40,PPO-TFC (seed=400),PPO-TFC,400,0,0.813768208026886,0.8100000023841858,0.8,0,Forward,5691,benign
41,PPO-TFC (seed=400),PPO-TFC,400,0,0.8197215795516968,0.8100000023841858,0.81,0,Forward,5747,benign
42,PPO-TFC (seed=400),PPO-TFC,400,0,0.8220182061195374,0.8100000023841858,0.81,0,Forward,5774,benign
43,PPO-TFC (seed=400),PPO-TFC,400,1,0.8663164377212524,0.8600000143051147,0.86,0,Forward,5933,attack
44,PPO-TFC (seed=400),PPO-TFC,400,0,0.849316418170929,0.8399999737739563,0.84,0,Forward,5966,benign
45,PPO-TFC (seed=400),PPO-TFC,400,0,0.8093292713165283,0.800000011920929,0.8,0,Forward,6009,benign
46,PPO-TFC (seed=400),PPO-TFC,400,0,0.8414927124977112,0.8399999737739563,0.83,5,Drop,6047,benign
47,PPO-TFC (seed=400),PPO-TFC,400,0,0.7934058308601379,0.7900000214576721,0.79,0,Forward,6156,benign
48,PPO-TFC (seed=400),PPO-TFC,400,0,0.7934057116508484,0.7900000214576721,0.79,0,Forward,6158,benign
49,PPO-TFC (seed=400),PPO-TFC,400,0,0.8012173175811768,0.800000011920929,0.8,0,Forward,6161,benign
50,PPO-TFC (seed=400),PPO-TFC,400,1,0.8523243069648743,0.8500000238418579,0.85,0,Forward,6544,attack
51,PPO-TFC (seed=400),PPO-TFC,400,1,0.8538548350334167,0.8500000238418579,0.85,0,Forward,6691,attack
52,PPO-TFC (seed=400),PPO-TFC,400,0,0.8254052996635437,0.8299999833106995,0.83,0,Forward,7158,benign
53,PPO-TFC (seed=400),PPO-TFC,400,0,0.7887188196182251,0.7900000214576721,0.79,0,Forward,7298,benign
54,PPO-TFC (seed=400),PPO-TFC,400,1,0.8693459033966064,0.8700000047683716,0.87,0,Forward,7805,attack
55,PPO-TFC (seed=400),PPO-TFC,400,0,0.8328465819358826,0.8299999833106995,0.83,0,Forward,7938,benign
56,PPO-TFC (seed=400),PPO-TFC,400,1,0.8672149181365967,0.8700000047683716,0.87,0,Forward,8112,attack
57,PPO-TFC (seed=400),PPO-TFC,400,1,0.8870208859443665,0.8899999856948853,0.89,0,Forward,8169,attack
58,PPO-TFC (seed=400),PPO-TFC,400,1,0.8547448515892029,0.8600000143051147,0.86,0,Forward,8187,attack
59,PPO-TFC (seed=400),PPO-TFC,400,1,0.8655512928962708,0.8700000047683716,0.87,0,Forward,8323,attack
60,PPO-TFC (seed=400),PPO-TFC,400,0,0.7602249383926392,0.7599999904632568,0.76,0,Forward,8570,benign
61,PPO-TFC (seed=400),PPO-TFC,400,0,0.7500377893447876,0.75,0.75,0,Forward,8585,benign
62,PPO-TFC (seed=400),PPO-TFC,400,0,0.7400667071342468,0.7400000095367432,0.74,0,Forward,8593,benign
63,PPO-TFC (seed=400),PPO-TFC,400,1,0.8890588283538818,0.8899999856948853,0.88,0,Forward,8699,attack
64,PPO-TFC (seed=400),PPO-TFC,400,1,0.8890588879585266,0.8899999856948853,0.88,0,Forward,8700,attack
65,PPO-TFC (seed=400),PPO-TFC,400,0,0.8400719165802002,0.8399999737739563,0.84,0,Forward,8758,benign
66,PPO-TFC (seed=400),PPO-TFC,400,0,0.800307035446167,0.7900000214576721,0.79,0,Forward,8963,benign
67,PPO-TFC (seed=400),PPO-TFC,400,0,0.8101561069488525,0.8100000023841858,0.81,0,Forward,9413,benign
68,PPO-TFC (seed=400),PPO-TFC,400,1,0.8594833612442017,0.8600000143051147,0.86,0,Forward,9754,attack
69,PPO-TFC (seed=400),PPO-TFC,400,0,0.8076704144477844,0.8100000023841858,0.81,0,Forward,9871,benign
70,PPO-TFC (seed=400),PPO-TFC,400,0,0.7902960777282715,0.7900000214576721,0.79,0,Forward,9907,benign
71,PPO-TFC (seed=400),PPO-TFC,400,1,0.9019876718521118,0.8999999761581421,0.9,0,Forward,10288,attack
72,PPO-TFC (seed=400),PPO-TFC,400,1,0.8918544054031372,0.8899999856948853,0.89,0,Forward,10301,attack
73,PPO-TFC (seed=400),PPO-TFC,400,1,0.8455605506896973,0.8500000238418579,0.85,0,Forward,10545,attack
74,PPO-TFC (seed=400),PPO-TFC,400,0,0.8055262565612793,0.800000011920929,0.79,0,Forward,10720,benign
75,PPO-TFC (seed=400),PPO-TFC,400,1,0.8840524554252625,0.8700000047683716,0.88,0,Forward,10844,attack
76,PPO-TFC (seed=400),PPO-TFC,400,1,0.8640789985656738,0.8500000238418579,0.86,0,Forward,10855,attack
77,PPO-TFC (seed=400),PPO-TFC,400,0,0.7940945625305176,0.7799999713897705,0.79,0,Forward,10888,benign
78,PPO-TFC (seed=400),PPO-TFC,400,0,0.7955327033996582,0.7900000214576721,0.8,0,Forward,10926,benign
79,PPO-TFC (seed=400),PPO-TFC,400,0,0.8359295725822449,0.8299999833106995,0.84,0,Forward,11013,benign
80,PPO-TFC (seed=400),PPO-TFC,400,0,0.8027329444885254,0.7900000214576721,0.79,0,Forward,11177,benign
81,PPO-TFC (seed=400),PPO-TFC,400,0,0.8449897170066833,0.8399999737739563,0.84,0,Forward,11275,benign
82,PPO-TFC (seed=400),PPO-TFC,400,0,0.8350366950035095,0.8299999833106995,0.83,0,Forward,11301,benign
83,PPO-TFC (seed=400),PPO-TFC,400,0,0.8350360989570618,0.8299999833106995,0.83,0,Forward,11302,benign
84,PPO-TFC (seed=400),PPO-TFC,400,0,0.81482994556427,0.8100000023841858,0.81,0,Forward,11352,benign
85,PPO-TFC (seed=400),PPO-TFC,400,1,0.8718368411064148,0.8700000047683716,0.87,0,Forward,11464,attack
86,PPO-TFC (seed=400),PPO-TFC,400,1,0.8501495122909546,0.8500000238418579,0.86,0,Forward,11772,attack
87,PPO-TFC (seed=400),PPO-TFC,400,0,0.8084815144538879,0.800000011920929,0.81,0,Forward,11813,benign
88,PPO-TFC (seed=400),PPO-TFC,400,0,0.8098862171173096,0.8100000023841858,0.81,0,Forward,11881,benign
89,PPO-TFC (seed=400),PPO-TFC,400,1,0.8678771257400513,0.8700000047683716,0.86,0,Forward,12061,attack
90,PPO-TFC (seed=400),PPO-TFC,400,0,0.8481305837631226,0.8500000238418579,0.84,0,Forward,12088,benign
91,PPO-TFC (seed=400),PPO-TFC,400,1,0.858406126499176,0.8600000143051147,0.85,0,Forward,12109,attack
92,PPO-TFC (seed=400),PPO-TFC,400,1,0.8504123091697693,0.8500000238418579,0.85,0,Forward,12137,attack
93,PPO-TFC (seed=400),PPO-TFC,400,0,0.8224881887435913,0.8199999928474426,0.82,0,Forward,12176,benign
94,PPO-TFC (seed=400),PPO-TFC,400,0,0.8422060608863831,0.8399999737739563,0.84,0,Forward,12187,benign
95,PPO-TFC (seed=400),PPO-TFC,400,0,0.8399506211280823,0.8399999737739563,0.84,0,Forward,12297,benign
96,PPO-TFC (seed=400),PPO-TFC,400,1,0.8687772154808044,0.8700000047683716,0.87,0,Forward,12464,attack
97,PPO-TFC (seed=400),PPO-TFC,400,1,0.8521358966827393,0.8500000238418579,0.85,0,Forward,12715,attack
98,PPO-TFC (seed=400),PPO-TFC,400,1,0.8409515619277954,0.8399999737739563,0.85,0,Forward,12891,attack
99,PPO-TFC (seed=400),PPO-TFC,400,1,0.8435349464416504,0.8399999737739563,0.85,0,Forward,12963,attack
100,PPO-TFC (seed=400),PPO-TFC,400,0,0.8321276307106018,0.8299999833106995,0.83,0,Forward,13036,benign
101,PPO-TFC (seed=400),PPO-TFC,400,0,0.8130981922149658,0.8100000023841858,0.81,0,Forward,13047,benign
102,PPO-TFC (seed=400),PPO-TFC,400,0,0.8230418562889099,0.8199999928474426,0.82,0,Forward,13058,benign
103,PPO-TFC (seed=400),PPO-TFC,400,1,0.8648033142089844,0.8600000143051147,0.86,0,Forward,13189,attack
104,PPO-TFC (seed=400),PPO-TFC,400,1,0.8940011858940125,0.8899999856948853,0.89,5,Drop,13220,attack
105,PPO-TFC (seed=400),PPO-TFC,400,1,0.8817206621170044,0.8799999952316284,0.89,5,Drop,13229,attack
106,PPO-TFC (seed=400),PPO-TFC,400,0,0.789798378944397,0.7900000214576721,0.79,0,Forward,13418,benign
107,PPO-TFC (seed=400),PPO-TFC,400,0,0.799791693687439,0.800000011920929,0.8,0,Forward,13422,benign
108,PPO-TFC (seed=400),PPO-TFC,400,1,0.8395397067070007,0.8399999737739563,0.85,0,Forward,13790,attack
109,PPO-TFC (seed=400),PPO-TFC,400,0,0.8311482071876526,0.8299999833106995,0.84,0,Forward,13821,benign
110,PPO-TFC (seed=400),PPO-TFC,400,1,0.8897304534912109,0.8899999856948853,0.89,0,Forward,13896,attack
111,PPO-TFC (seed=400),PPO-TFC,400,1,0.8981784582138062,0.8999999761581421,0.9,0,Forward,13941,attack
112,PPO-TFC (seed=400),PPO-TFC,400,0,0.8418792486190796,0.8500000238418579,0.84,0,Forward,14060,benign
113,PPO-TFC (seed=400),PPO-TFC,400,0,0.8191235065460205,0.8100000023841858,0.8,0,Forward,14233,benign
114,PPO-TFC (seed=400),PPO-TFC,400,1,0.8727867007255554,0.8700000047683716,0.88,5,Drop,14309,attack
115,PPO-TFC (seed=400),PPO-TFC,400,1,0.859923243522644,0.8600000143051147,0.86,0,Forward,15051,attack
116,PPO-TFC (seed=400),PPO-TFC,400,1,0.8823280930519104,0.8799999952316284,0.88,0,Forward,15187,attack
117,PPO-TFC (seed=400),PPO-TFC,400,0,0.8324939608573914,0.8299999833106995,0.83,0,Forward,15211,benign
118,PPO-TFC (seed=400),PPO-TFC,400,1,0.8637133836746216,0.8600000143051147,0.86,0,Forward,15308,attack
119,PPO-TFC (seed=400),PPO-TFC,400,0,0.8160220384597778,0.8100000023841858,0.82,0,Forward,15325,benign
120,PPO-TFC (seed=400),PPO-TFC,400,0,0.754787802696228,0.75,0.76,0,Forward,15412,benign
121,PPO-TFC (seed=400),PPO-TFC,400,1,0.851523756980896,0.8500000238418579,0.85,0,Forward,15587,attack
122,PPO-TFC (seed=400),PPO-TFC,400,1,0.8701123595237732,0.8700000047683716,0.87,0,Forward,15646,attack
123,PPO-TFC (seed=400),PPO-TFC,400,1,0.8801069855690002,0.8799999952316284,0.88,0,Forward,15647,attack
124,PPO-TFC (seed=400),PPO-TFC,400,1,0.9189636707305908,0.9200000166893005,0.91,5,Drop,15731,attack
125,PPO-TFC (seed=400),PPO-TFC,400,0,0.8464939594268799,0.8500000238418579,0.84,0,Forward,16024,benign
126,PPO-TFC (seed=400),PPO-TFC,400,1,0.8612254858016968,0.8600000143051147,0.87,0,Forward,16469,attack
127,PPO-TFC (seed=400),PPO-TFC,400,1,0.8597354292869568,0.8600000143051147,0.87,0,Forward,16492,attack
128,PPO-TFC (seed=400),PPO-TFC,400,1,0.8625316619873047,0.8600000143051147,0.86,0,Forward,16621,attack
129,PPO-TFC (seed=400),PPO-TFC,400,1,0.8625324964523315,0.8600000143051147,0.86,0,Forward,16622,attack
130,PPO-TFC (seed=400),PPO-TFC,400,0,0.8334140777587891,0.8299999833106995,0.84,0,Forward,16712,benign
131,PPO-TFC (seed=400),PPO-TFC,400,1,0.8998856544494629,0.8999999761581421,0.9,0,Forward,16856,attack
132,PPO-TFC (seed=400),PPO-TFC,400,1,0.8994457721710205,0.8999999761581421,0.9,5,Drop,16929,attack
133,PPO-TFC (seed=400),PPO-TFC,400,1,0.8741875290870667,0.8700000047683716,0.88,0,Forward,17031,attack
134,PPO-TFC (seed=400),PPO-TFC,400,0,0.8287768363952637,0.8199999928474426,0.84,0,Forward,17229,benign
135,PPO-TFC (seed=400),PPO-TFC,400,0,0.8439942002296448,0.8399999737739563,0.84,0,Forward,17474,benign
136,PPO-TFC (seed=400),PPO-TFC,400,0,0.8278783559799194,0.8199999928474426,0.82,0,Forward,17678,benign
137,PPO-TFC (seed=400),PPO-TFC,400,0,0.8066718578338623,0.800000011920929,0.8,0,Forward,17719,benign
138,PPO-TFC (seed=400),PPO-TFC,400,0,0.8577614426612854,0.8500000238418579,0.84,0,Forward,18102,benign
139,PPO-TFC (seed=400),PPO-TFC,400,1,0.8832355737686157,0.8799999952316284,0.87,0,Forward,18120,attack
140,PPO-TFC (seed=400),PPO-TFC,400,1,0.8787582516670227,0.8799999952316284,0.88,0,Forward,18188,attack
141,PPO-TFC (seed=400),PPO-TFC,400,1,0.9003291130065918,0.8999999761581421,0.9,0,Forward,18373,attack
142,PPO-TFC (seed=400),PPO-TFC,400,0,0.8293827176094055,0.8299999833106995,0.83,0,Forward,18429,benign
143,PPO-TFC (seed=400),PPO-TFC,400,0,0.8019344806671143,0.800000011920929,0.8,0,Forward,18605,benign
144,PPO-TFC (seed=400),PPO-TFC,400,0,0.7719220519065857,0.7699999809265137,0.77,0,Forward,18629,benign
145,PPO-TFC (seed=400),PPO-TFC,400,1,0.8580705523490906,0.8600000143051147,0.86,0,Forward,19034,attack
146,PPO-TFC (seed=400),PPO-TFC,400,1,0.8591589331626892,0.8600000143051147,0.86,0,Forward,19261,attack
147,PPO-TFC (seed=400),PPO-TFC,400,0,0.8198917508125305,0.8199999928474426,0.82,0,Forward,19568,benign
148,PPO-TFC (seed=400),PPO-TFC,400,0,0.8346434831619263,0.8299999833106995,0.84,0,Forward,19606,benign
149,PPO-TFC (seed=400),PPO-TFC,400,0,0.6925909519195557,0.6899999976158142,0.69,0,Forward,19803,benign
150,PPO-TFC (seed=400),PPO-TFC,400,1,0.8533068895339966,0.8500000238418579,0.85,0,Forward,19973,attack
151,PPO-TFC (seed=400),PPO-TFC,400,1,0.9491422176361084,0.949999988079071,0.95,5,Drop,20134,attack
152,PPO-TFC (seed=400),PPO-TFC,400,1,0.8576992154121399,0.8600000143051147,0.86,0,Forward,20261,attack
153,PPO-TFC (seed=400),PPO-TFC,400,0,0.837689220905304,0.8399999737739563,0.84,0,Forward,20271,benign
154,PPO-TFC (seed=400),PPO-TFC,400,1,0.8698458075523376,0.8700000047683716,0.87,0,Forward,20328,attack
155,PPO-TFC (seed=400),PPO-TFC,400,1,0.8497189879417419,0.8500000238418579,0.85,0,Forward,20578,attack
156,PPO-TFC (seed=400),PPO-TFC,400,1,0.8485469818115234,0.8500000238418579,0.85,0,Forward,20712,attack
157,PPO-TFC (seed=400),PPO-TFC,400,1,0.8510622978210449,0.8500000238418579,0.86,0,Forward,20838,attack
158,PPO-TFC (seed=400),PPO-TFC,400,0,0.8205698132514954,0.8199999928474426,0.82,0,Forward,20916,benign
159,PPO-TFC (seed=400),PPO-TFC,400,0,0.7999889254570007,0.800000011920929,0.8,0,Forward,21203,benign
160,PPO-TFC (seed=400),PPO-TFC,400,0,0.7922539710998535,0.7900000214576721,0.8,0,Forward,21295,benign
161,PPO-TFC (seed=400),PPO-TFC,400,0,0.7913861870765686,0.7900000214576721,0.8,0,Forward,21299,benign
162,PPO-TFC (seed=400),PPO-TFC,400,0,0.830646812915802,0.8299999833106995,0.84,0,Forward,21508,benign
163,PPO-TFC (seed=400),PPO-TFC,400,1,0.8479499816894531,0.8500000238418579,0.85,0,Forward,21600,attack
164,PPO-TFC (seed=400),PPO-TFC,400,0,0.8187517523765564,0.8199999928474426,0.81,0,Forward,21733,benign
165,PPO-TFC (seed=400),PPO-TFC,400,0,0.7671636343002319,0.7599999904632568,0.76,0,Forward,21806,benign
166,PPO-TFC (seed=400),PPO-TFC,400,1,0.8541373610496521,0.8399999737739563,0.86,0,Forward,21948,attack
167,PPO-TFC (seed=400),PPO-TFC,400,1,0.876903235912323,0.8700000047683716,0.87,0,Forward,22082,attack
168,PPO-TFC (seed=400),PPO-TFC,400,1,0.9052704572677612,0.8999999761581421,0.9,0,Forward,22110,attack
169,PPO-TFC (seed=400),PPO-TFC,400,0,0.8391054272651672,0.8399999737739563,0.83,0,Forward,22171,benign
170,PPO-TFC (seed=400),PPO-TFC,400,1,0.8498303294181824,0.8500000238418579,0.85,0,Forward,22284,attack
171,PPO-TFC (seed=400),PPO-TFC,400,1,0.8491634130477905,0.8500000238418579,0.85,0,Forward,22317,attack
172,PPO-TFC (seed=400),PPO-TFC,400,1,0.8691211938858032,0.8700000047683716,0.87,0,Forward,22329,attack
173,PPO-TFC (seed=400),PPO-TFC,400,1,0.8876321911811829,0.8899999856948853,0.89,5,Drop,22468,attack
174,PPO-TFC (seed=400),PPO-TFC,400,1,0.8775237202644348,0.8799999952316284,0.88,0,Forward,22501,attack
175,PPO-TFC (seed=400),PPO-TFC,400,0,0.8302080035209656,0.8299999833106995,0.83,0,Forward,22708,benign
176,PPO-TFC (seed=400),PPO-TFC,400,1,0.8703062534332275,0.8700000047683716,0.87,0,Forward,22853,attack
177,PPO-TFC (seed=400),PPO-TFC,400,0,0.8237143158912659,0.8199999928474426,0.82,0,Forward,22944,benign
178,PPO-TFC (seed=400),PPO-TFC,400,1,0.8696657419204712,0.8600000143051147,0.86,0,Forward,23025,attack
179,PPO-TFC (seed=400),PPO-TFC,400,1,0.8847257494926453,0.8799999952316284,0.88,0,Forward,23094,attack
180,PPO-TFC (seed=400),PPO-TFC,400,1,0.8747749924659729,0.8700000047683716,0.87,0,Forward,23112,attack
181,PPO-TFC (seed=400),PPO-TFC,400,0,0.8125288486480713,0.8100000023841858,0.81,0,Forward,23209,benign
182,PPO-TFC (seed=400),PPO-TFC,400,0,0.8284656405448914,0.8299999833106995,0.83,0,Forward,23431,benign
183,PPO-TFC (seed=400),PPO-TFC,400,1,0.8589532971382141,0.8600000143051147,0.86,5,Drop,23733,attack
184,PPO-TFC (seed=400),PPO-TFC,400,1,0.8488499522209167,0.8500000238418579,0.85,5,Drop,23759,attack
185,PPO-TFC (seed=400),PPO-TFC,400,0,0.8388105034828186,0.8399999737739563,0.84,0,Forward,23778,benign
186,PPO-TFC (seed=400),PPO-TFC,400,0,0.8340607285499573,0.8299999833106995,0.83,0,Forward,23811,benign
187,PPO-TFC (seed=400),PPO-TFC,400,0,0.8036412000656128,0.800000011920929,0.8,0,Forward,24133,benign
188,PPO-TFC (seed=400),PPO-TFC,400,0,0.7837530374526978,0.7799999713897705,0.78,0,Forward,24191,benign
189,PPO-TFC (seed=400),PPO-TFC,400,0,0.7800889611244202,0.7799999713897705,0.78,0,Forward,24211,benign
190,PPO-TFC (seed=400),PPO-TFC,400,1,0.8676241040229797,0.8600000143051147,0.87,0,Forward,24373,attack
191,PPO-TFC (seed=400),PPO-TFC,400,0,0.8401661515235901,0.8399999737739563,0.84,0,Forward,24560,benign
192,PPO-TFC (seed=400),PPO-TFC,400,1,0.8799384832382202,0.8799999952316284,0.88,0,Forward,24613,attack
193,PPO-TFC (seed=400),PPO-TFC,400,1,0.889945924282074,0.8899999856948853,0.89,0,Forward,24618,attack
194,PPO-TFC (seed=400),PPO-TFC,400,1,0.8958290219306946,0.8899999856948853,0.91,0,Forward,24726,attack
195,PPO-TFC (seed=400),PPO-TFC,400,1,0.8804629445075989,0.8799999952316284,0.88,0,Forward,24772,attack
196,PPO-TFC (seed=400),PPO-TFC,400,0,0.843108594417572,0.8399999737739563,0.84,0,Forward,24837,benign
197,PPO-TFC (seed=400),PPO-TFC,400,0,0.8299122452735901,0.8299999833106995,0.83,0,Forward,24967,benign
198,PPO-TFC (seed=400),PPO-TFC,400,0,0.8168489336967468,0.8199999928474426,0.82,0,Forward,24996,benign
199,PPO-TFC (seed=400),PPO-TFC,400,0,0.7699838280677795,0.7599999904632568,0.77,0,Forward,25212,benign
200,PPO-TFC (seed=400),PPO-TFC,400,1,0.8604229688644409,0.8600000143051147,0.86,0,Forward,25323,attack
201,PPO-TFC (seed=400),PPO-TFC,400,1,0.8699449300765991,0.8700000047683716,0.87,0,Forward,25341,attack
202,PPO-TFC (seed=400),PPO-TFC,400,0,0.7626132369041443,0.7599999904632568,0.76,0,Forward,25525,benign
203,PPO-TFC (seed=400),PPO-TFC,400,0,0.7826955914497375,0.7799999713897705,0.78,0,Forward,25624,benign
204,PPO-TFC (seed=400),PPO-TFC,400,1,0.8601194024085999,0.8600000143051147,0.86,0,Forward,25753,attack
205,PPO-TFC (seed=400),PPO-TFC,400,1,0.8498777151107788,0.8500000238418579,0.85,0,Forward,25855,attack
206,PPO-TFC (seed=400),PPO-TFC,400,1,0.8552750945091248,0.8600000143051147,0.85,0,Forward,25924,attack
207,PPO-TFC (seed=400),PPO-TFC,400,1,0.8599913120269775,0.8600000143051147,0.86,0,Forward,26023,attack
208,PPO-TFC (seed=400),PPO-TFC,400,0,0.8406216502189636,0.8399999737739563,0.84,5,Drop,26138,benign
209,PPO-TFC (seed=400),PPO-TFC,400,0,0.8106439113616943,0.8100000023841858,0.81,0,Forward,26215,benign
210,PPO-TFC (seed=400),PPO-TFC,400,1,0.8734425902366638,0.8700000047683716,0.88,0,Forward,26320,attack
211,PPO-TFC (seed=400),PPO-TFC,400,1,0.8734425902366638,0.8700000047683716,0.88,0,Forward,26321,attack
212,PPO-TFC (seed=400),PPO-TFC,400,0,0.8274185657501221,0.8199999928474426,0.82,0,Forward,26485,benign
213,PPO-TFC (seed=400),PPO-TFC,400,0,0.7977456450462341,0.7900000214576721,0.8,0,Forward,26629,benign
214,PPO-TFC (seed=400),PPO-TFC,400,0,0.7860429883003235,0.7799999713897705,0.79,0,Forward,26652,benign
215,PPO-TFC (seed=400),PPO-TFC,400,0,0.8211085796356201,0.8199999928474426,0.82,0,Forward,27007,benign
216,PPO-TFC (seed=400),PPO-TFC,400,0,0.8113611340522766,0.8100000023841858,0.81,0,Forward,27027,benign
217,PPO-TFC (seed=400),PPO-TFC,400,0,0.8113600015640259,0.8100000023841858,0.81,0,Forward,27028,benign
218,PPO-TFC (seed=400),PPO-TFC,400,1,0.8569684028625488,0.8500000238418579,0.86,0,Forward,27099,attack
219,PPO-TFC (seed=400),PPO-TFC,400,1,0.8499709963798523,0.8500000238418579,0.85,0,Forward,27290,attack
220,PPO-TFC (seed=400),PPO-TFC,400,0,0.8199859857559204,0.8199999928474426,0.82,5,Drop,27385,benign
221,PPO-TFC (seed=400),PPO-TFC,400,0,0.8246893286705017,0.8199999928474426,0.82,0,Forward,27475,benign
222,PPO-TFC (seed=400),PPO-TFC,400,1,0.8756607174873352,0.8799999952316284,0.88,0,Forward,27647,attack
223,PPO-TFC (seed=400),PPO-TFC,400,1,0.8587411642074585,0.8600000143051147,0.86,0,Forward,27708,attack
224,PPO-TFC (seed=400),PPO-TFC,400,0,0.8176383972167969,0.8199999928474426,0.81,0,Forward,27800,benign
225,PPO-TFC (seed=400),PPO-TFC,400,0,0.8300334215164185,0.8299999833106995,0.82,0,Forward,27874,benign
226,PPO-TFC (seed=400),PPO-TFC,400,1,0.8468767404556274,0.8399999737739563,0.85,0,Forward,28068,attack
227,PPO-TFC (seed=400),PPO-TFC,400,0,0.8368855118751526,0.8299999833106995,0.84,0,Forward,28073,benign
228,PPO-TFC (seed=400),PPO-TFC,400,1,0.879469096660614,0.8799999952316284,0.87,0,Forward,28281,attack
229,PPO-TFC (seed=400),PPO-TFC,400,0,0.8395709991455078,0.8399999737739563,0.83,0,Forward,28318,benign
230,PPO-TFC (seed=400),PPO-TFC,400,0,0.8398676514625549,0.8399999737739563,0.84,0,Forward,28618,benign
231,PPO-TFC (seed=400),PPO-TFC,400,0,0.824093222618103,0.8199999928474426,0.83,0,Forward,28794,benign
232,PPO-TFC (seed=400),PPO-TFC,400,0,0.8240866661071777,0.8199999928474426,0.83,0,Forward,28804,benign
233,PPO-TFC (seed=400),PPO-TFC,400,1,0.8526306748390198,0.8500000238418579,0.85,0,Forward,28906,attack
234,PPO-TFC (seed=400),PPO-TFC,400,1,0.8526313900947571,0.8500000238418579,0.85,0,Forward,28907,attack
235,PPO-TFC (seed=400),PPO-TFC,400,1,0.8500974178314209,0.8500000238418579,0.85,0,Forward,29018,attack
236,PPO-TFC (seed=400),PPO-TFC,400,0,0.8424707651138306,0.8399999737739563,0.84,0,Forward,29042,benign
237,PPO-TFC (seed=400),PPO-TFC,400,0,0.8119410872459412,0.8100000023841858,0.81,0,Forward,29145,benign
238,PPO-TFC (seed=400),PPO-TFC,400,0,0.8217334747314453,0.8199999928474426,0.82,0,Forward,29234,benign
239,PPO-TFC (seed=400),PPO-TFC,400,0,0.8317458629608154,0.8299999833106995,0.83,0,Forward,29238,benign
240,PPO-TFC (seed=400),PPO-TFC,400,0,0.8088564872741699,0.8100000023841858,0.81,0,Forward,29334,benign
241,PPO-TFC (seed=400),PPO-TFC,400,1,0.8475148677825928,0.8500000238418579,0.85,0,Forward,29394,attack
242,PPO-TFC (seed=400),PPO-TFC,400,0,0.8201691508293152,0.8199999928474426,0.83,0,Forward,29434,benign
243,PPO-TFC (seed=400),PPO-TFC,400,1,0.8426319360733032,0.8399999737739563,0.85,0,Forward,29457,attack
244,PPO-TFC (seed=400),PPO-TFC,400,0,0.8261587023735046,0.8299999833106995,0.83,0,Forward,29590,benign
245,PPO-TFC (seed=400),PPO-TFC,400,0,0.8141408562660217,0.8100000023841858,0.82,0,Forward,29634,benign
246,PPO-TFC (seed=400),PPO-TFC,400,0,0.8041713237762451,0.800000011920929,0.81,0,Forward,29644,benign
247,PPO-TFC (seed=400),PPO-TFC,400,0,0.8383910655975342,0.8399999737739563,0.84,0,Forward,29713,benign
248,PPO-TFC (seed=400),PPO-TFC,400,1,0.9029292464256287,0.8999999761581421,0.9,5,Drop,29828,attack
0,PPO-TFC (seed=500),PPO-TFC,500,1,0.879833996295929,0.8799999952316284,0.88,0,Forward,34,attack
1,PPO-TFC (seed=500),PPO-TFC,500,0,0.8099673390388489,0.8100000023841858,0.81,0,Forward,163,benign
2,PPO-TFC (seed=500),PPO-TFC,500,0,0.8290244936943054,0.8299999833106995,0.82,0,Forward,359,benign
3,PPO-TFC (seed=500),PPO-TFC,500,1,0.8779748678207397,0.8799999952316284,0.87,0,Forward,543,attack
4,PPO-TFC (seed=500),PPO-TFC,500,1,0.8908616900444031,0.8899999856948853,0.89,0,Forward,788,attack
5,PPO-TFC (seed=500),PPO-TFC,500,0,0.8184310793876648,0.8199999928474426,0.83,0,Forward,1007,benign
6,PPO-TFC (seed=500),PPO-TFC,500,1,0.8630930185317993,0.8700000047683716,0.86,0,Forward,1077,attack
7,PPO-TFC (seed=500),PPO-TFC,500,0,0.7812010049819946,0.7799999713897705,0.78,0,Forward,1173,benign
8,PPO-TFC (seed=500),PPO-TFC,500,0,0.7988349199295044,0.800000011920929,0.8,0,Forward,1338,benign
9,PPO-TFC (seed=500),PPO-TFC,500,1,0.8783858418464661,0.8799999952316284,0.88,0,Forward,1589,attack
10,PPO-TFC (seed=500),PPO-TFC,500,1,0.9270837903022766,0.9300000071525574,0.93,0,Forward,1711,attack
11,PPO-TFC (seed=500),PPO-TFC,500,1,0.9204261302947998,0.9200000166893005,0.92,0,Forward,1755,attack
12,PPO-TFC (seed=500),PPO-TFC,500,1,0.8790686726570129,0.8799999952316284,0.88,0,Forward,1826,attack
13,PPO-TFC (seed=500),PPO-TFC,500,1,0.8598487377166748,0.8600000143051147,0.86,0,Forward,2303,attack
14,PPO-TFC (seed=500),PPO-TFC,500,1,0.8559197187423706,0.8500000238418579,0.87,0,Forward,2509,attack
15,PPO-TFC (seed=500),PPO-TFC,500,1,0.8448888659477234,0.8399999737739563,0.85,0,Forward,2579,attack
16,PPO-TFC (seed=500),PPO-TFC,500,1,0.8343343138694763,0.8299999833106995,0.85,0,Forward,2704,attack
17,PPO-TFC (seed=500),PPO-TFC,500,1,0.909209668636322,0.9100000262260437,0.91,0,Forward,2984,attack
18,PPO-TFC (seed=500),PPO-TFC,500,1,0.892710268497467,0.8899999856948853,0.89,0,Forward,3042,attack
19,PPO-TFC (seed=500),PPO-TFC,500,0,0.779188334941864,0.7799999713897705,0.78,0,Forward,3187,benign
20,PPO-TFC (seed=500),PPO-TFC,500,0,0.7874859571456909,0.7900000214576721,0.79,0,Forward,3200,benign
21,PPO-TFC (seed=500),PPO-TFC,500,1,0.8884751200675964,0.8899999856948853,0.88,0,Forward,3480,attack
22,PPO-TFC (seed=500),PPO-TFC,500,0,0.8297797441482544,0.8299999833106995,0.83,0,Forward,3603,benign
23,PPO-TFC (seed=500),PPO-TFC,500,1,0.8987791538238525,0.8999999761581421,0.9,0,Forward,4036,attack
24,PPO-TFC (seed=500),PPO-TFC,500,1,0.9100563526153564,0.9100000262260437,0.91,0,Forward,4096,attack
25,PPO-TFC (seed=500),PPO-TFC,500,0,0.7760412693023682,0.7799999713897705,0.78,0,Forward,4223,benign
26,PPO-TFC (seed=500),PPO-TFC,500,0,0.7967140674591064,0.7900000214576721,0.8,0,Forward,4492,benign
27,PPO-TFC (seed=500),PPO-TFC,500,0,0.773356556892395,0.7699999809265137,0.78,0,Forward,4724,benign
28,PPO-TFC (seed=500),PPO-TFC,500,1,0.9137651920318604,0.9100000262260437,0.92,0,Forward,4794,attack
29,PPO-TFC (seed=500),PPO-TFC,500,1,0.8725376129150391,0.8700000047683716,0.88,0,Forward,4856,attack
30,PPO-TFC (seed=500),PPO-TFC,500,1,0.8711929321289062,0.8700000047683716,0.88,0,Forward,4879,attack
31,PPO-TFC (seed=500),PPO-TFC,500,1,0.8682050108909607,0.8700000047683716,0.87,0,Forward,5004,attack
32,PPO-TFC (seed=500),PPO-TFC,500,1,0.8684120178222656,0.8700000047683716,0.87,0,Forward,5015,attack
33,PPO-TFC (seed=500),PPO-TFC,500,1,0.9081689715385437,0.9100000262260437,0.91,0,Forward,5100,attack
34,PPO-TFC (seed=500),PPO-TFC,500,1,0.8976726531982422,0.8999999761581421,0.9,0,Forward,5137,attack
35,PPO-TFC (seed=500),PPO-TFC,500,0,0.8373674154281616,0.8399999737739563,0.83,0,Forward,5188,benign
36,PPO-TFC (seed=500),PPO-TFC,500,1,0.862047553062439,0.8600000143051147,0.86,0,Forward,5222,attack
37,PPO-TFC (seed=500),PPO-TFC,500,1,0.8858568668365479,0.8799999952316284,0.89,0,Forward,5375,attack
38,PPO-TFC (seed=500),PPO-TFC,500,1,0.8564433455467224,0.8500000238418579,0.86,0,Forward,5529,attack
39,PPO-TFC (seed=500),PPO-TFC,500,0,0.8269306421279907,0.8199999928474426,0.83,0,Forward,5615,benign
40,PPO-TFC (seed=500),PPO-TFC,500,0,0.813768208026886,0.8100000023841858,0.8,0,Forward,5691,benign
41,PPO-TFC (seed=500),PPO-TFC,500,0,0.8197215795516968,0.8100000023841858,0.81,0,Forward,5747,benign
42,PPO-TFC (seed=500),PPO-TFC,500,0,0.8220182061195374,0.8100000023841858,0.81,0,Forward,5774,benign
43,PPO-TFC (seed=500),PPO-TFC,500,1,0.8663164377212524,0.8600000143051147,0.86,0,Forward,5933,attack
44,PPO-TFC (seed=500),PPO-TFC,500,0,0.849316418170929,0.8399999737739563,0.84,0,Forward,5966,benign
45,PPO-TFC (seed=500),PPO-TFC,500,0,0.8093292713165283,0.800000011920929,0.8,0,Forward,6009,benign
46,PPO-TFC (seed=500),PPO-TFC,500,0,0.8414927124977112,0.8399999737739563,0.83,0,Forward,6047,benign
47,PPO-TFC (seed=500),PPO-TFC,500,0,0.7934058308601379,0.7900000214576721,0.79,0,Forward,6156,benign
48,PPO-TFC (seed=500),PPO-TFC,500,0,0.7934057116508484,0.7900000214576721,0.79,0,Forward,6158,benign
49,PPO-TFC (seed=500),PPO-TFC,500,0,0.8012173175811768,0.800000011920929,0.8,0,Forward,6161,benign
50,PPO-TFC (seed=500),PPO-TFC,500,1,0.8523243069648743,0.8500000238418579,0.85,0,Forward,6544,attack
51,PPO-TFC (seed=500),PPO-TFC,500,1,0.8538548350334167,0.8500000238418579,0.85,0,Forward,6691,attack
52,PPO-TFC (seed=500),PPO-TFC,500,0,0.8254052996635437,0.8299999833106995,0.83,0,Forward,7158,benign
53,PPO-TFC (seed=500),PPO-TFC,500,0,0.7887188196182251,0.7900000214576721,0.79,0,Forward,7298,benign
54,PPO-TFC (seed=500),PPO-TFC,500,1,0.8693459033966064,0.8700000047683716,0.87,0,Forward,7805,attack
55,PPO-TFC (seed=500),PPO-TFC,500,0,0.8328465819358826,0.8299999833106995,0.83,0,Forward,7938,benign
56,PPO-TFC (seed=500),PPO-TFC,500,1,0.8672149181365967,0.8700000047683716,0.87,0,Forward,8112,attack
57,PPO-TFC (seed=500),PPO-TFC,500,1,0.8870208859443665,0.8899999856948853,0.89,0,Forward,8169,attack
58,PPO-TFC (seed=500),PPO-TFC,500,1,0.8547448515892029,0.8600000143051147,0.86,0,Forward,8187,attack
59,PPO-TFC (seed=500),PPO-TFC,500,1,0.8655512928962708,0.8700000047683716,0.87,0,Forward,8323,attack
60,PPO-TFC (seed=500),PPO-TFC,500,0,0.7602249383926392,0.7599999904632568,0.76,0,Forward,8570,benign
61,PPO-TFC (seed=500),PPO-TFC,500,0,0.7500377893447876,0.75,0.75,0,Forward,8585,benign
62,PPO-TFC (seed=500),PPO-TFC,500,0,0.7400667071342468,0.7400000095367432,0.74,0,Forward,8593,benign
63,PPO-TFC (seed=500),PPO-TFC,500,1,0.8890588283538818,0.8899999856948853,0.88,0,Forward,8699,attack
64,PPO-TFC (seed=500),PPO-TFC,500,1,0.8890588879585266,0.8899999856948853,0.88,0,Forward,8700,attack
65,PPO-TFC (seed=500),PPO-TFC,500,0,0.8400719165802002,0.8399999737739563,0.84,0,Forward,8758,benign
66,PPO-TFC (seed=500),PPO-TFC,500,0,0.800307035446167,0.7900000214576721,0.79,0,Forward,8963,benign
67,PPO-TFC (seed=500),PPO-TFC,500,0,0.8101561069488525,0.8100000023841858,0.81,0,Forward,9413,benign
68,PPO-TFC (seed=500),PPO-TFC,500,1,0.8594833612442017,0.8600000143051147,0.86,0,Forward,9754,attack
69,PPO-TFC (seed=500),PPO-TFC,500,0,0.8076704144477844,0.8100000023841858,0.81,0,Forward,9871,benign
70,PPO-TFC (seed=500),PPO-TFC,500,0,0.7902960777282715,0.7900000214576721,0.79,0,Forward,9907,benign
71,PPO-TFC (seed=500),PPO-TFC,500,1,0.9019876718521118,0.8999999761581421,0.9,0,Forward,10288,attack
72,PPO-TFC (seed=500),PPO-TFC,500,1,0.8918544054031372,0.8899999856948853,0.89,0,Forward,10301,attack
73,PPO-TFC (seed=500),PPO-TFC,500,1,0.8455605506896973,0.8500000238418579,0.85,0,Forward,10545,attack
74,PPO-TFC (seed=500),PPO-TFC,500,0,0.8055262565612793,0.800000011920929,0.79,0,Forward,10720,benign
75,PPO-TFC (seed=500),PPO-TFC,500,1,0.8840524554252625,0.8700000047683716,0.88,0,Forward,10844,attack
76,PPO-TFC (seed=500),PPO-TFC,500,1,0.8640789985656738,0.8500000238418579,0.86,0,Forward,10855,attack
77,PPO-TFC (seed=500),PPO-TFC,500,0,0.7940945625305176,0.7799999713897705,0.79,0,Forward,10888,benign
78,PPO-TFC (seed=500),PPO-TFC,500,0,0.7955327033996582,0.7900000214576721,0.8,0,Forward,10926,benign
79,PPO-TFC (seed=500),PPO-TFC,500,0,0.8359295725822449,0.8299999833106995,0.84,0,Forward,11013,benign
80,PPO-TFC (seed=500),PPO-TFC,500,0,0.8027329444885254,0.7900000214576721,0.79,0,Forward,11177,benign
81,PPO-TFC (seed=500),PPO-TFC,500,0,0.8449897170066833,0.8399999737739563,0.84,0,Forward,11275,benign
82,PPO-TFC (seed=500),PPO-TFC,500,0,0.8350366950035095,0.8299999833106995,0.83,0,Forward,11301,benign
83,PPO-TFC (seed=500),PPO-TFC,500,0,0.8350360989570618,0.8299999833106995,0.83,0,Forward,11302,benign
84,PPO-TFC (seed=500),PPO-TFC,500,0,0.81482994556427,0.8100000023841858,0.81,0,Forward,11352,benign
85,PPO-TFC (seed=500),PPO-TFC,500,1,0.8718368411064148,0.8700000047683716,0.87,0,Forward,11464,attack
86,PPO-TFC (seed=500),PPO-TFC,500,1,0.8501495122909546,0.8500000238418579,0.86,0,Forward,11772,attack
87,PPO-TFC (seed=500),PPO-TFC,500,0,0.8084815144538879,0.800000011920929,0.81,0,Forward,11813,benign
88,PPO-TFC (seed=500),PPO-TFC,500,0,0.8098862171173096,0.8100000023841858,0.81,0,Forward,11881,benign
89,PPO-TFC (seed=500),PPO-TFC,500,1,0.8678771257400513,0.8700000047683716,0.86,0,Forward,12061,attack
90,PPO-TFC (seed=500),PPO-TFC,500,0,0.8481305837631226,0.8500000238418579,0.84,0,Forward,12088,benign
91,PPO-TFC (seed=500),PPO-TFC,500,1,0.858406126499176,0.8600000143051147,0.85,0,Forward,12109,attack
92,PPO-TFC (seed=500),PPO-TFC,500,1,0.8504123091697693,0.8500000238418579,0.85,0,Forward,12137,attack
93,PPO-TFC (seed=500),PPO-TFC,500,0,0.8224881887435913,0.8199999928474426,0.82,0,Forward,12176,benign
94,PPO-TFC (seed=500),PPO-TFC,500,0,0.8422060608863831,0.8399999737739563,0.84,0,Forward,12187,benign
95,PPO-TFC (seed=500),PPO-TFC,500,0,0.8399506211280823,0.8399999737739563,0.84,0,Forward,12297,benign
96,PPO-TFC (seed=500),PPO-TFC,500,1,0.8687772154808044,0.8700000047683716,0.87,0,Forward,12464,attack
97,PPO-TFC (seed=500),PPO-TFC,500,1,0.8521358966827393,0.8500000238418579,0.85,0,Forward,12715,attack
98,PPO-TFC (seed=500),PPO-TFC,500,1,0.8409515619277954,0.8399999737739563,0.85,0,Forward,12891,attack
99,PPO-TFC (seed=500),PPO-TFC,500,1,0.8435349464416504,0.8399999737739563,0.85,0,Forward,12963,attack
100,PPO-TFC (seed=500),PPO-TFC,500,0,0.8321276307106018,0.8299999833106995,0.83,0,Forward,13036,benign
101,PPO-TFC (seed=500),PPO-TFC,500,0,0.8130981922149658,0.8100000023841858,0.81,0,Forward,13047,benign
102,PPO-TFC (seed=500),PPO-TFC,500,0,0.8230418562889099,0.8199999928474426,0.82,0,Forward,13058,benign
103,PPO-TFC (seed=500),PPO-TFC,500,1,0.8648033142089844,0.8600000143051147,0.86,0,Forward,13189,attack
104,PPO-TFC (seed=500),PPO-TFC,500,1,0.8940011858940125,0.8899999856948853,0.89,0,Forward,13220,attack
105,PPO-TFC (seed=500),PPO-TFC,500,1,0.8817206621170044,0.8799999952316284,0.89,0,Forward,13229,attack
106,PPO-TFC (seed=500),PPO-TFC,500,0,0.789798378944397,0.7900000214576721,0.79,0,Forward,13418,benign
107,PPO-TFC (seed=500),PPO-TFC,500,0,0.799791693687439,0.800000011920929,0.8,0,Forward,13422,benign
108,PPO-TFC (seed=500),PPO-TFC,500,1,0.8395397067070007,0.8399999737739563,0.85,0,Forward,13790,attack
109,PPO-TFC (seed=500),PPO-TFC,500,0,0.8311482071876526,0.8299999833106995,0.84,0,Forward,13821,benign
110,PPO-TFC (seed=500),PPO-TFC,500,1,0.8897304534912109,0.8899999856948853,0.89,0,Forward,13896,attack
111,PPO-TFC (seed=500),PPO-TFC,500,1,0.8981784582138062,0.8999999761581421,0.9,0,Forward,13941,attack
112,PPO-TFC (seed=500),PPO-TFC,500,0,0.8418792486190796,0.8500000238418579,0.84,0,Forward,14060,benign
113,PPO-TFC (seed=500),PPO-TFC,500,0,0.8191235065460205,0.8100000023841858,0.8,0,Forward,14233,benign
114,PPO-TFC (seed=500),PPO-TFC,500,1,0.8727867007255554,0.8700000047683716,0.88,0,Forward,14309,attack
115,PPO-TFC (seed=500),PPO-TFC,500,1,0.859923243522644,0.8600000143051147,0.86,0,Forward,15051,attack
116,PPO-TFC (seed=500),PPO-TFC,500,1,0.8823280930519104,0.8799999952316284,0.88,0,Forward,15187,attack
117,PPO-TFC (seed=500),PPO-TFC,500,0,0.8324939608573914,0.8299999833106995,0.83,0,Forward,15211,benign
118,PPO-TFC (seed=500),PPO-TFC,500,1,0.8637133836746216,0.8600000143051147,0.86,0,Forward,15308,attack
119,PPO-TFC (seed=500),PPO-TFC,500,0,0.8160220384597778,0.8100000023841858,0.82,0,Forward,15325,benign
120,PPO-TFC (seed=500),PPO-TFC,500,0,0.754787802696228,0.75,0.76,0,Forward,15412,benign
121,PPO-TFC (seed=500),PPO-TFC,500,1,0.851523756980896,0.8500000238418579,0.85,0,Forward,15587,attack
122,PPO-TFC (seed=500),PPO-TFC,500,1,0.8701123595237732,0.8700000047683716,0.87,0,Forward,15646,attack
123,PPO-TFC (seed=500),PPO-TFC,500,1,0.8801069855690002,0.8799999952316284,0.88,0,Forward,15647,attack
124,PPO-TFC (seed=500),PPO-TFC,500,1,0.9189636707305908,0.9200000166893005,0.91,0,Forward,15731,attack
125,PPO-TFC (seed=500),PPO-TFC,500,0,0.8464939594268799,0.8500000238418579,0.84,0,Forward,16024,benign
126,PPO-TFC (seed=500),PPO-TFC,500,1,0.8612254858016968,0.8600000143051147,0.87,0,Forward,16469,attack
127,PPO-TFC (seed=500),PPO-TFC,500,1,0.8597354292869568,0.8600000143051147,0.87,0,Forward,16492,attack
128,PPO-TFC (seed=500),PPO-TFC,500,1,0.8625316619873047,0.8600000143051147,0.86,0,Forward,16621,attack
129,PPO-TFC (seed=500),PPO-TFC,500,1,0.8625324964523315,0.8600000143051147,0.86,0,Forward,16622,attack
130,PPO-TFC (seed=500),PPO-TFC,500,0,0.8334140777587891,0.8299999833106995,0.84,0,Forward,16712,benign
131,PPO-TFC (seed=500),PPO-TFC,500,1,0.8998856544494629,0.8999999761581421,0.9,0,Forward,16856,attack
132,PPO-TFC (seed=500),PPO-TFC,500,1,0.8994457721710205,0.8999999761581421,0.9,0,Forward,16929,attack
133,PPO-TFC (seed=500),PPO-TFC,500,1,0.8741875290870667,0.8700000047683716,0.88,0,Forward,17031,attack
134,PPO-TFC (seed=500),PPO-TFC,500,0,0.8287768363952637,0.8199999928474426,0.84,0,Forward,17229,benign
135,PPO-TFC (seed=500),PPO-TFC,500,0,0.8439942002296448,0.8399999737739563,0.84,0,Forward,17474,benign
136,PPO-TFC (seed=500),PPO-TFC,500,0,0.8278783559799194,0.8199999928474426,0.82,0,Forward,17678,benign
137,PPO-TFC (seed=500),PPO-TFC,500,0,0.8066718578338623,0.800000011920929,0.8,0,Forward,17719,benign
138,PPO-TFC (seed=500),PPO-TFC,500,0,0.8577614426612854,0.8500000238418579,0.84,0,Forward,18102,benign
139,PPO-TFC (seed=500),PPO-TFC,500,1,0.8832355737686157,0.8799999952316284,0.87,0,Forward,18120,attack
140,PPO-TFC (seed=500),PPO-TFC,500,1,0.8787582516670227,0.8799999952316284,0.88,0,Forward,18188,attack
141,PPO-TFC (seed=500),PPO-TFC,500,1,0.9003291130065918,0.8999999761581421,0.9,0,Forward,18373,attack
142,PPO-TFC (seed=500),PPO-TFC,500,0,0.8293827176094055,0.8299999833106995,0.83,0,Forward,18429,benign
143,PPO-TFC (seed=500),PPO-TFC,500,0,0.8019344806671143,0.800000011920929,0.8,0,Forward,18605,benign
144,PPO-TFC (seed=500),PPO-TFC,500,0,0.7719220519065857,0.7699999809265137,0.77,0,Forward,18629,benign
145,PPO-TFC (seed=500),PPO-TFC,500,1,0.8580705523490906,0.8600000143051147,0.86,0,Forward,19034,attack
146,PPO-TFC (seed=500),PPO-TFC,500,1,0.8591589331626892,0.8600000143051147,0.86,0,Forward,19261,attack
147,PPO-TFC (seed=500),PPO-TFC,500,0,0.8198917508125305,0.8199999928474426,0.82,0,Forward,19568,benign
148,PPO-TFC (seed=500),PPO-TFC,500,0,0.8346434831619263,0.8299999833106995,0.84,0,Forward,19606,benign
149,PPO-TFC (seed=500),PPO-TFC,500,0,0.6925909519195557,0.6899999976158142,0.69,0,Forward,19803,benign
150,PPO-TFC (seed=500),PPO-TFC,500,1,0.8533068895339966,0.8500000238418579,0.85,0,Forward,19973,attack
151,PPO-TFC (seed=500),PPO-TFC,500,1,0.9491422176361084,0.949999988079071,0.95,0,Forward,20134,attack
152,PPO-TFC (seed=500),PPO-TFC,500,1,0.8576992154121399,0.8600000143051147,0.86,0,Forward,20261,attack
153,PPO-TFC (seed=500),PPO-TFC,500,0,0.837689220905304,0.8399999737739563,0.84,0,Forward,20271,benign
154,PPO-TFC (seed=500),PPO-TFC,500,1,0.8698458075523376,0.8700000047683716,0.87,0,Forward,20328,attack
155,PPO-TFC (seed=500),PPO-TFC,500,1,0.8497189879417419,0.8500000238418579,0.85,0,Forward,20578,attack
156,PPO-TFC (seed=500),PPO-TFC,500,1,0.8485469818115234,0.8500000238418579,0.85,0,Forward,20712,attack
157,PPO-TFC (seed=500),PPO-TFC,500,1,0.8510622978210449,0.8500000238418579,0.86,0,Forward,20838,attack
158,PPO-TFC (seed=500),PPO-TFC,500,0,0.8205698132514954,0.8199999928474426,0.82,0,Forward,20916,benign
159,PPO-TFC (seed=500),PPO-TFC,500,0,0.7999889254570007,0.800000011920929,0.8,0,Forward,21203,benign
160,PPO-TFC (seed=500),PPO-TFC,500,0,0.7922539710998535,0.7900000214576721,0.8,0,Forward,21295,benign
161,PPO-TFC (seed=500),PPO-TFC,500,0,0.7913861870765686,0.7900000214576721,0.8,0,Forward,21299,benign
162,PPO-TFC (seed=500),PPO-TFC,500,0,0.830646812915802,0.8299999833106995,0.84,0,Forward,21508,benign
163,PPO-TFC (seed=500),PPO-TFC,500,1,0.8479499816894531,0.8500000238418579,0.85,0,Forward,21600,attack
164,PPO-TFC (seed=500),PPO-TFC,500,0,0.8187517523765564,0.8199999928474426,0.81,0,Forward,21733,benign
165,PPO-TFC (seed=500),PPO-TFC,500,0,0.7671636343002319,0.7599999904632568,0.76,0,Forward,21806,benign
166,PPO-TFC (seed=500),PPO-TFC,500,1,0.8541373610496521,0.8399999737739563,0.86,0,Forward,21948,attack
167,PPO-TFC (seed=500),PPO-TFC,500,1,0.876903235912323,0.8700000047683716,0.87,0,Forward,22082,attack
168,PPO-TFC (seed=500),PPO-TFC,500,1,0.9052704572677612,0.8999999761581421,0.9,0,Forward,22110,attack
169,PPO-TFC (seed=500),PPO-TFC,500,0,0.8391054272651672,0.8399999737739563,0.83,0,Forward,22171,benign
170,PPO-TFC (seed=500),PPO-TFC,500,1,0.8498303294181824,0.8500000238418579,0.85,0,Forward,22284,attack
171,PPO-TFC (seed=500),PPO-TFC,500,1,0.8491634130477905,0.8500000238418579,0.85,0,Forward,22317,attack
172,PPO-TFC (seed=500),PPO-TFC,500,1,0.8691211938858032,0.8700000047683716,0.87,0,Forward,22329,attack
173,PPO-TFC (seed=500),PPO-TFC,500,1,0.8876321911811829,0.8899999856948853,0.89,0,Forward,22468,attack
174,PPO-TFC (seed=500),PPO-TFC,500,1,0.8775237202644348,0.8799999952316284,0.88,0,Forward,22501,attack
175,PPO-TFC (seed=500),PPO-TFC,500,0,0.8302080035209656,0.8299999833106995,0.83,0,Forward,22708,benign
176,PPO-TFC (seed=500),PPO-TFC,500,1,0.8703062534332275,0.8700000047683716,0.87,0,Forward,22853,attack
177,PPO-TFC (seed=500),PPO-TFC,500,0,0.8237143158912659,0.8199999928474426,0.82,0,Forward,22944,benign
178,PPO-TFC (seed=500),PPO-TFC,500,1,0.8696657419204712,0.8600000143051147,0.86,0,Forward,23025,attack
179,PPO-TFC (seed=500),PPO-TFC,500,1,0.8847257494926453,0.8799999952316284,0.88,0,Forward,23094,attack
180,PPO-TFC (seed=500),PPO-TFC,500,1,0.8747749924659729,0.8700000047683716,0.87,0,Forward,23112,attack
181,PPO-TFC (seed=500),PPO-TFC,500,0,0.8125288486480713,0.8100000023841858,0.81,0,Forward,23209,benign
182,PPO-TFC (seed=500),PPO-TFC,500,0,0.8284656405448914,0.8299999833106995,0.83,0,Forward,23431,benign
183,PPO-TFC (seed=500),PPO-TFC,500,1,0.8589532971382141,0.8600000143051147,0.86,0,Forward,23733,attack
184,PPO-TFC (seed=500),PPO-TFC,500,1,0.8488499522209167,0.8500000238418579,0.85,0,Forward,23759,attack
185,PPO-TFC (seed=500),PPO-TFC,500,0,0.8388105034828186,0.8399999737739563,0.84,0,Forward,23778,benign
186,PPO-TFC (seed=500),PPO-TFC,500,0,0.8340607285499573,0.8299999833106995,0.83,0,Forward,23811,benign
187,PPO-TFC (seed=500),PPO-TFC,500,0,0.8036412000656128,0.800000011920929,0.8,0,Forward,24133,benign
188,PPO-TFC (seed=500),PPO-TFC,500,0,0.7837530374526978,0.7799999713897705,0.78,0,Forward,24191,benign
189,PPO-TFC (seed=500),PPO-TFC,500,0,0.7800889611244202,0.7799999713897705,0.78,0,Forward,24211,benign
190,PPO-TFC (seed=500),PPO-TFC,500,1,0.8676241040229797,0.8600000143051147,0.87,0,Forward,24373,attack
191,PPO-TFC (seed=500),PPO-TFC,500,0,0.8401661515235901,0.8399999737739563,0.84,0,Forward,24560,benign
192,PPO-TFC (seed=500),PPO-TFC,500,1,0.8799384832382202,0.8799999952316284,0.88,0,Forward,24613,attack
193,PPO-TFC (seed=500),PPO-TFC,500,1,0.889945924282074,0.8899999856948853,0.89,0,Forward,24618,attack
194,PPO-TFC (seed=500),PPO-TFC,500,1,0.8958290219306946,0.8899999856948853,0.91,0,Forward,24726,attack
195,PPO-TFC (seed=500),PPO-TFC,500,1,0.8804629445075989,0.8799999952316284,0.88,0,Forward,24772,attack
196,PPO-TFC (seed=500),PPO-TFC,500,0,0.843108594417572,0.8399999737739563,0.84,0,Forward,24837,benign
197,PPO-TFC (seed=500),PPO-TFC,500,0,0.8299122452735901,0.8299999833106995,0.83,0,Forward,24967,benign
198,PPO-TFC (seed=500),PPO-TFC,500,0,0.8168489336967468,0.8199999928474426,0.82,0,Forward,24996,benign
199,PPO-TFC (seed=500),PPO-TFC,500,0,0.7699838280677795,0.7599999904632568,0.77,0,Forward,25212,benign
200,PPO-TFC (seed=500),PPO-TFC,500,1,0.8604229688644409,0.8600000143051147,0.86,0,Forward,25323,attack
201,PPO-TFC (seed=500),PPO-TFC,500,1,0.8699449300765991,0.8700000047683716,0.87,0,Forward,25341,attack
202,PPO-TFC (seed=500),PPO-TFC,500,0,0.7626132369041443,0.7599999904632568,0.76,0,Forward,25525,benign
203,PPO-TFC (seed=500),PPO-TFC,500,0,0.7826955914497375,0.7799999713897705,0.78,0,Forward,25624,benign
204,PPO-TFC (seed=500),PPO-TFC,500,1,0.8601194024085999,0.8600000143051147,0.86,0,Forward,25753,attack
205,PPO-TFC (seed=500),PPO-TFC,500,1,0.8498777151107788,0.8500000238418579,0.85,0,Forward,25855,attack
206,PPO-TFC (seed=500),PPO-TFC,500,1,0.8552750945091248,0.8600000143051147,0.85,0,Forward,25924,attack
207,PPO-TFC (seed=500),PPO-TFC,500,1,0.8599913120269775,0.8600000143051147,0.86,0,Forward,26023,attack
208,PPO-TFC (seed=500),PPO-TFC,500,0,0.8406216502189636,0.8399999737739563,0.84,0,Forward,26138,benign
209,PPO-TFC (seed=500),PPO-TFC,500,0,0.8106439113616943,0.8100000023841858,0.81,0,Forward,26215,benign
210,PPO-TFC (seed=500),PPO-TFC,500,1,0.8734425902366638,0.8700000047683716,0.88,0,Forward,26320,attack
211,PPO-TFC (seed=500),PPO-TFC,500,1,0.8734425902366638,0.8700000047683716,0.88,0,Forward,26321,attack
212,PPO-TFC (seed=500),PPO-TFC,500,0,0.8274185657501221,0.8199999928474426,0.82,0,Forward,26485,benign
213,PPO-TFC (seed=500),PPO-TFC,500,0,0.7977456450462341,0.7900000214576721,0.8,0,Forward,26629,benign
214,PPO-TFC (seed=500),PPO-TFC,500,0,0.7860429883003235,0.7799999713897705,0.79,0,Forward,26652,benign
215,PPO-TFC (seed=500),PPO-TFC,500,0,0.8211085796356201,0.8199999928474426,0.82,0,Forward,27007,benign
216,PPO-TFC (seed=500),PPO-TFC,500,0,0.8113611340522766,0.8100000023841858,0.81,0,Forward,27027,benign
217,PPO-TFC (seed=500),PPO-TFC,500,0,0.8113600015640259,0.8100000023841858,0.81,0,Forward,27028,benign
218,PPO-TFC (seed=500),PPO-TFC,500,1,0.8569684028625488,0.8500000238418579,0.86,0,Forward,27099,attack
219,PPO-TFC (seed=500),PPO-TFC,500,1,0.8499709963798523,0.8500000238418579,0.85,0,Forward,27290,attack
220,PPO-TFC (seed=500),PPO-TFC,500,0,0.8199859857559204,0.8199999928474426,0.82,0,Forward,27385,benign
221,PPO-TFC (seed=500),PPO-TFC,500,0,0.8246893286705017,0.8199999928474426,0.82,0,Forward,27475,benign
222,PPO-TFC (seed=500),PPO-TFC,500,1,0.8756607174873352,0.8799999952316284,0.88,0,Forward,27647,attack
223,PPO-TFC (seed=500),PPO-TFC,500,1,0.8587411642074585,0.8600000143051147,0.86,0,Forward,27708,attack
224,PPO-TFC (seed=500),PPO-TFC,500,0,0.8176383972167969,0.8199999928474426,0.81,0,Forward,27800,benign
225,PPO-TFC (seed=500),PPO-TFC,500,0,0.8300334215164185,0.8299999833106995,0.82,0,Forward,27874,benign
226,PPO-TFC (seed=500),PPO-TFC,500,1,0.8468767404556274,0.8399999737739563,0.85,0,Forward,28068,attack
227,PPO-TFC (seed=500),PPO-TFC,500,0,0.8368855118751526,0.8299999833106995,0.84,0,Forward,28073,benign
228,PPO-TFC (seed=500),PPO-TFC,500,1,0.879469096660614,0.8799999952316284,0.87,0,Forward,28281,attack
229,PPO-TFC (seed=500),PPO-TFC,500,0,0.8395709991455078,0.8399999737739563,0.83,0,Forward,28318,benign
230,PPO-TFC (seed=500),PPO-TFC,500,0,0.8398676514625549,0.8399999737739563,0.84,0,Forward,28618,benign
231,PPO-TFC (seed=500),PPO-TFC,500,0,0.824093222618103,0.8199999928474426,0.83,0,Forward,28794,benign
232,PPO-TFC (seed=500),PPO-TFC,500,0,0.8240866661071777,0.8199999928474426,0.83,0,Forward,28804,benign
233,PPO-TFC (seed=500),PPO-TFC,500,1,0.8526306748390198,0.8500000238418579,0.85,0,Forward,28906,attack
234,PPO-TFC (seed=500),PPO-TFC,500,1,0.8526313900947571,0.8500000238418579,0.85,0,Forward,28907,attack
235,PPO-TFC (seed=500),PPO-TFC,500,1,0.8500974178314209,0.8500000238418579,0.85,0,Forward,29018,attack
236,PPO-TFC (seed=500),PPO-TFC,500,0,0.8424707651138306,0.8399999737739563,0.84,0,Forward,29042,benign
237,PPO-TFC (seed=500),PPO-TFC,500,0,0.8119410872459412,0.8100000023841858,0.81,0,Forward,29145,benign
238,PPO-TFC (seed=500),PPO-TFC,500,0,0.8217334747314453,0.8199999928474426,0.82,0,Forward,29234,benign
239,PPO-TFC (seed=500),PPO-TFC,500,0,0.8317458629608154,0.8299999833106995,0.83,0,Forward,29238,benign
240,PPO-TFC (seed=500),PPO-TFC,500,0,0.8088564872741699,0.8100000023841858,0.81,0,Forward,29334,benign
241,PPO-TFC (seed=500),PPO-TFC,500,1,0.8475148677825928,0.8500000238418579,0.85,0,Forward,29394,attack
242,PPO-TFC (seed=500),PPO-TFC,500,0,0.8201691508293152,0.8199999928474426,0.83,0,Forward,29434,benign
243,PPO-TFC (seed=500),PPO-TFC,500,1,0.8426319360733032,0.8399999737739563,0.85,0,Forward,29457,attack
244,PPO-TFC (seed=500),PPO-TFC,500,0,0.8261587023735046,0.8299999833106995,0.83,0,Forward,29590,benign
245,PPO-TFC (seed=500),PPO-TFC,500,0,0.8141408562660217,0.8100000023841858,0.82,0,Forward,29634,benign
246,PPO-TFC (seed=500),PPO-TFC,500,0,0.8041713237762451,0.800000011920929,0.81,0,Forward,29644,benign
247,PPO-TFC (seed=500),PPO-TFC,500,0,0.8383910655975342,0.8399999737739563,0.84,0,Forward,29713,benign
248,PPO-TFC (seed=500),PPO-TFC,500,1,0.9029292464256287,0.8999999761581421,0.9,0,Forward,29828,attack
0,PPO-TFC (seed=600),PPO-TFC,600,1,0.879833996295929,0.8799999952316284,0.88,5,Drop,34,attack
1,PPO-TFC (seed=600),PPO-TFC,600,0,0.8099673390388489,0.8100000023841858,0.81,0,Forward,163,benign
2,PPO-TFC (seed=600),PPO-TFC,600,0,0.8290244936943054,0.8299999833106995,0.82,5,Drop,359,benign
3,PPO-TFC (seed=600),PPO-TFC,600,1,0.8779748678207397,0.8799999952316284,0.87,5,Drop,543,attack
4,PPO-TFC (seed=600),PPO-TFC,600,1,0.8908616900444031,0.8899999856948853,0.89,5,Drop,788,attack
5,PPO-TFC (seed=600),PPO-TFC,600,0,0.8184310793876648,0.8199999928474426,0.83,5,Drop,1007,benign
6,PPO-TFC (seed=600),PPO-TFC,600,1,0.8630930185317993,0.8700000047683716,0.86,5,Drop,1077,attack
7,PPO-TFC (seed=600),PPO-TFC,600,0,0.7812010049819946,0.7799999713897705,0.78,0,Forward,1173,benign
8,PPO-TFC (seed=600),PPO-TFC,600,0,0.7988349199295044,0.800000011920929,0.8,0,Forward,1338,benign
9,PPO-TFC (seed=600),PPO-TFC,600,1,0.8783858418464661,0.8799999952316284,0.88,5,Drop,1589,attack
10,PPO-TFC (seed=600),PPO-TFC,600,1,0.9270837903022766,0.9300000071525574,0.93,5,Drop,1711,attack
11,PPO-TFC (seed=600),PPO-TFC,600,1,0.9204261302947998,0.9200000166893005,0.92,5,Drop,1755,attack
12,PPO-TFC (seed=600),PPO-TFC,600,1,0.8790686726570129,0.8799999952316284,0.88,0,Forward,1826,attack
13,PPO-TFC (seed=600),PPO-TFC,600,1,0.8598487377166748,0.8600000143051147,0.86,5,Drop,2303,attack
14,PPO-TFC (seed=600),PPO-TFC,600,1,0.8559197187423706,0.8500000238418579,0.87,0,Forward,2509,attack
15,PPO-TFC (seed=600),PPO-TFC,600,1,0.8448888659477234,0.8399999737739563,0.85,5,Drop,2579,attack
16,PPO-TFC (seed=600),PPO-TFC,600,1,0.8343343138694763,0.8299999833106995,0.85,0,Forward,2704,attack
17,PPO-TFC (seed=600),PPO-TFC,600,1,0.909209668636322,0.9100000262260437,0.91,0,Forward,2984,attack
18,PPO-TFC (seed=600),PPO-TFC,600,1,0.892710268497467,0.8899999856948853,0.89,5,Drop,3042,attack
19,PPO-TFC (seed=600),PPO-TFC,600,0,0.779188334941864,0.7799999713897705,0.78,0,Forward,3187,benign
20,PPO-TFC (seed=600),PPO-TFC,600,0,0.7874859571456909,0.7900000214576721,0.79,0,Forward,3200,benign
21,PPO-TFC (seed=600),PPO-TFC,600,1,0.8884751200675964,0.8899999856948853,0.88,5,Drop,3480,attack
22,PPO-TFC (seed=600),PPO-TFC,600,0,0.8297797441482544,0.8299999833106995,0.83,0,Forward,3603,benign
23,PPO-TFC (seed=600),PPO-TFC,600,1,0.8987791538238525,0.8999999761581421,0.9,0,Forward,4036,attack
24,PPO-TFC (seed=600),PPO-TFC,600,1,0.9100563526153564,0.9100000262260437,0.91,5,Drop,4096,attack
25,PPO-TFC (seed=600),PPO-TFC,600,0,0.7760412693023682,0.7799999713897705,0.78,0,Forward,4223,benign
26,PPO-TFC (seed=600),PPO-TFC,600,0,0.7967140674591064,0.7900000214576721,0.8,0,Forward,4492,benign
27,PPO-TFC (seed=600),PPO-TFC,600,0,0.773356556892395,0.7699999809265137,0.78,0,Forward,4724,benign
28,PPO-TFC (seed=600),PPO-TFC,600,1,0.9137651920318604,0.9100000262260437,0.92,0,Forward,4794,attack
29,PPO-TFC (seed=600),PPO-TFC,600,1,0.8725376129150391,0.8700000047683716,0.88,0,Forward,4856,attack
30,PPO-TFC (seed=600),PPO-TFC,600,1,0.8711929321289062,0.8700000047683716,0.88,0,Forward,4879,attack
31,PPO-TFC (seed=600),PPO-TFC,600,1,0.8682050108909607,0.8700000047683716,0.87,5,Drop,5004,attack
32,PPO-TFC (seed=600),PPO-TFC,600,1,0.8684120178222656,0.8700000047683716,0.87,5,Drop,5015,attack
33,PPO-TFC (seed=600),PPO-TFC,600,1,0.9081689715385437,0.9100000262260437,0.91,5,Drop,5100,attack
34,PPO-TFC (seed=600),PPO-TFC,600,1,0.8976726531982422,0.8999999761581421,0.9,0,Forward,5137,attack
35,PPO-TFC (seed=600),PPO-TFC,600,0,0.8373674154281616,0.8399999737739563,0.83,0,Forward,5188,benign
36,PPO-TFC (seed=600),PPO-TFC,600,1,0.862047553062439,0.8600000143051147,0.86,0,Forward,5222,attack
37,PPO-TFC (seed=600),PPO-TFC,600,1,0.8858568668365479,0.8799999952316284,0.89,0,Forward,5375,attack
38,PPO-TFC (seed=600),PPO-TFC,600,1,0.8564433455467224,0.8500000238418579,0.86,0,Forward,5529,attack
39,PPO-TFC (seed=600),PPO-TFC,600,0,0.8269306421279907,0.8199999928474426,0.83,0,Forward,5615,benign
40,PPO-TFC (seed=600),PPO-TFC,600,0,0.813768208026886,0.8100000023841858,0.8,0,Forward,5691,benign
41,PPO-TFC (seed=600),PPO-TFC,600,0,0.8197215795516968,0.8100000023841858,0.81,0,Forward,5747,benign
42,PPO-TFC (seed=600),PPO-TFC,600,0,0.8220182061195374,0.8100000023841858,0.81,0,Forward,5774,benign
43,PPO-TFC (seed=600),PPO-TFC,600,1,0.8663164377212524,0.8600000143051147,0.86,0,Forward,5933,attack
44,PPO-TFC (seed=600),PPO-TFC,600,0,0.849316418170929,0.8399999737739563,0.84,0,Forward,5966,benign
45,PPO-TFC (seed=600),PPO-TFC,600,0,0.8093292713165283,0.800000011920929,0.8,0,Forward,6009,benign
46,PPO-TFC (seed=600),PPO-TFC,600,0,0.8414927124977112,0.8399999737739563,0.83,5,Drop,6047,benign
47,PPO-TFC (seed=600),PPO-TFC,600,0,0.7934058308601379,0.7900000214576721,0.79,0,Forward,6156,benign
48,PPO-TFC (seed=600),PPO-TFC,600,0,0.7934057116508484,0.7900000214576721,0.79,0,Forward,6158,benign
49,PPO-TFC (seed=600),PPO-TFC,600,0,0.8012173175811768,0.800000011920929,0.8,0,Forward,6161,benign
50,PPO-TFC (seed=600),PPO-TFC,600,1,0.8523243069648743,0.8500000238418579,0.85,0,Forward,6544,attack
51,PPO-TFC (seed=600),PPO-TFC,600,1,0.8538548350334167,0.8500000238418579,0.85,0,Forward,6691,attack
52,PPO-TFC (seed=600),PPO-TFC,600,0,0.8254052996635437,0.8299999833106995,0.83,0,Forward,7158,benign
53,PPO-TFC (seed=600),PPO-TFC,600,0,0.7887188196182251,0.7900000214576721,0.79,0,Forward,7298,benign
54,PPO-TFC (seed=600),PPO-TFC,600,1,0.8693459033966064,0.8700000047683716,0.87,0,Forward,7805,attack
55,PPO-TFC (seed=600),PPO-TFC,600,0,0.8328465819358826,0.8299999833106995,0.83,0,Forward,7938,benign
56,PPO-TFC (seed=600),PPO-TFC,600,1,0.8672149181365967,0.8700000047683716,0.87,0,Forward,8112,attack
57,PPO-TFC (seed=600),PPO-TFC,600,1,0.8870208859443665,0.8899999856948853,0.89,0,Forward,8169,attack
58,PPO-TFC (seed=600),PPO-TFC,600,1,0.8547448515892029,0.8600000143051147,0.86,0,Forward,8187,attack
59,PPO-TFC (seed=600),PPO-TFC,600,1,0.8655512928962708,0.8700000047683716,0.87,0,Forward,8323,attack
60,PPO-TFC (seed=600),PPO-TFC,600,0,0.7602249383926392,0.7599999904632568,0.76,0,Forward,8570,benign
61,PPO-TFC (seed=600),PPO-TFC,600,0,0.7500377893447876,0.75,0.75,0,Forward,8585,benign
62,PPO-TFC (seed=600),PPO-TFC,600,0,0.7400667071342468,0.7400000095367432,0.74,0,Forward,8593,benign
63,PPO-TFC (seed=600),PPO-TFC,600,1,0.8890588283538818,0.8899999856948853,0.88,0,Forward,8699,attack
64,PPO-TFC (seed=600),PPO-TFC,600,1,0.8890588879585266,0.8899999856948853,0.88,0,Forward,8700,attack
65,PPO-TFC (seed=600),PPO-TFC,600,0,0.8400719165802002,0.8399999737739563,0.84,0,Forward,8758,benign
66,PPO-TFC (seed=600),PPO-TFC,600,0,0.800307035446167,0.7900000214576721,0.79,0,Forward,8963,benign
67,PPO-TFC (seed=600),PPO-TFC,600,0,0.8101561069488525,0.8100000023841858,0.81,0,Forward,9413,benign
68,PPO-TFC (seed=600),PPO-TFC,600,1,0.8594833612442017,0.8600000143051147,0.86,0,Forward,9754,attack
69,PPO-TFC (seed=600),PPO-TFC,600,0,0.8076704144477844,0.8100000023841858,0.81,0,Forward,9871,benign
70,PPO-TFC (seed=600),PPO-TFC,600,0,0.7902960777282715,0.7900000214576721,0.79,0,Forward,9907,benign
71,PPO-TFC (seed=600),PPO-TFC,600,1,0.9019876718521118,0.8999999761581421,0.9,0,Forward,10288,attack
72,PPO-TFC (seed=600),PPO-TFC,600,1,0.8918544054031372,0.8899999856948853,0.89,0,Forward,10301,attack
73,PPO-TFC (seed=600),PPO-TFC,600,1,0.8455605506896973,0.8500000238418579,0.85,0,Forward,10545,attack
74,PPO-TFC (seed=600),PPO-TFC,600,0,0.8055262565612793,0.800000011920929,0.79,0,Forward,10720,benign
75,PPO-TFC (seed=600),PPO-TFC,600,1,0.8840524554252625,0.8700000047683716,0.88,0,Forward,10844,attack
76,PPO-TFC (seed=600),PPO-TFC,600,1,0.8640789985656738,0.8500000238418579,0.86,0,Forward,10855,attack
77,PPO-TFC (seed=600),PPO-TFC,600,0,0.7940945625305176,0.7799999713897705,0.79,0,Forward,10888,benign
78,PPO-TFC (seed=600),PPO-TFC,600,0,0.7955327033996582,0.7900000214576721,0.8,0,Forward,10926,benign
79,PPO-TFC (seed=600),PPO-TFC,600,0,0.8359295725822449,0.8299999833106995,0.84,0,Forward,11013,benign
80,PPO-TFC (seed=600),PPO-TFC,600,0,0.8027329444885254,0.7900000214576721,0.79,0,Forward,11177,benign
81,PPO-TFC (seed=600),PPO-TFC,600,0,0.8449897170066833,0.8399999737739563,0.84,0,Forward,11275,benign
82,PPO-TFC (seed=600),PPO-TFC,600,0,0.8350366950035095,0.8299999833106995,0.83,0,Forward,11301,benign
83,PPO-TFC (seed=600),PPO-TFC,600,0,0.8350360989570618,0.8299999833106995,0.83,0,Forward,11302,benign
84,PPO-TFC (seed=600),PPO-TFC,600,0,0.81482994556427,0.8100000023841858,0.81,0,Forward,11352,benign
85,PPO-TFC (seed=600),PPO-TFC,600,1,0.8718368411064148,0.8700000047683716,0.87,0,Forward,11464,attack
86,PPO-TFC (seed=600),PPO-TFC,600,1,0.8501495122909546,0.8500000238418579,0.86,0,Forward,11772,attack
87,PPO-TFC (seed=600),PPO-TFC,600,0,0.8084815144538879,0.800000011920929,0.81,0,Forward,11813,benign
88,PPO-TFC (seed=600),PPO-TFC,600,0,0.8098862171173096,0.8100000023841858,0.81,0,Forward,11881,benign
89,PPO-TFC (seed=600),PPO-TFC,600,1,0.8678771257400513,0.8700000047683716,0.86,0,Forward,12061,attack
90,PPO-TFC (seed=600),PPO-TFC,600,0,0.8481305837631226,0.8500000238418579,0.84,0,Forward,12088,benign
91,PPO-TFC (seed=600),PPO-TFC,600,1,0.858406126499176,0.8600000143051147,0.85,0,Forward,12109,attack
92,PPO-TFC (seed=600),PPO-TFC,600,1,0.8504123091697693,0.8500000238418579,0.85,0,Forward,12137,attack
93,PPO-TFC (seed=600),PPO-TFC,600,0,0.8224881887435913,0.8199999928474426,0.82,0,Forward,12176,benign
94,PPO-TFC (seed=600),PPO-TFC,600,0,0.8422060608863831,0.8399999737739563,0.84,0,Forward,12187,benign
95,PPO-TFC (seed=600),PPO-TFC,600,0,0.8399506211280823,0.8399999737739563,0.84,0,Forward,12297,benign
96,PPO-TFC (seed=600),PPO-TFC,600,1,0.8687772154808044,0.8700000047683716,0.87,0,Forward,12464,attack
97,PPO-TFC (seed=600),PPO-TFC,600,1,0.8521358966827393,0.8500000238418579,0.85,0,Forward,12715,attack
98,PPO-TFC (seed=600),PPO-TFC,600,1,0.8409515619277954,0.8399999737739563,0.85,0,Forward,12891,attack
99,PPO-TFC (seed=600),PPO-TFC,600,1,0.8435349464416504,0.8399999737739563,0.85,0,Forward,12963,attack
100,PPO-TFC (seed=600),PPO-TFC,600,0,0.8321276307106018,0.8299999833106995,0.83,0,Forward,13036,benign
101,PPO-TFC (seed=600),PPO-TFC,600,0,0.8130981922149658,0.8100000023841858,0.81,0,Forward,13047,benign
102,PPO-TFC (seed=600),PPO-TFC,600,0,0.8230418562889099,0.8199999928474426,0.82,0,Forward,13058,benign
103,PPO-TFC (seed=600),PPO-TFC,600,1,0.8648033142089844,0.8600000143051147,0.86,0,Forward,13189,attack
104,PPO-TFC (seed=600),PPO-TFC,600,1,0.8940011858940125,0.8899999856948853,0.89,0,Forward,13220,attack
105,PPO-TFC (seed=600),PPO-TFC,600,1,0.8817206621170044,0.8799999952316284,0.89,0,Forward,13229,attack
106,PPO-TFC (seed=600),PPO-TFC,600,0,0.789798378944397,0.7900000214576721,0.79,0,Forward,13418,benign
107,PPO-TFC (seed=600),PPO-TFC,600,0,0.799791693687439,0.800000011920929,0.8,0,Forward,13422,benign
108,PPO-TFC (seed=600),PPO-TFC,600,1,0.8395397067070007,0.8399999737739563,0.85,0,Forward,13790,attack
109,PPO-TFC (seed=600),PPO-TFC,600,0,0.8311482071876526,0.8299999833106995,0.84,0,Forward,13821,benign
110,PPO-TFC (seed=600),PPO-TFC,600,1,0.8897304534912109,0.8899999856948853,0.89,0,Forward,13896,attack
111,PPO-TFC (seed=600),PPO-TFC,600,1,0.8981784582138062,0.8999999761581421,0.9,0,Forward,13941,attack
112,PPO-TFC (seed=600),PPO-TFC,600,0,0.8418792486190796,0.8500000238418579,0.84,0,Forward,14060,benign
113,PPO-TFC (seed=600),PPO-TFC,600,0,0.8191235065460205,0.8100000023841858,0.8,0,Forward,14233,benign
114,PPO-TFC (seed=600),PPO-TFC,600,1,0.8727867007255554,0.8700000047683716,0.88,5,Drop,14309,attack
115,PPO-TFC (seed=600),PPO-TFC,600,1,0.859923243522644,0.8600000143051147,0.86,0,Forward,15051,attack
116,PPO-TFC (seed=600),PPO-TFC,600,1,0.8823280930519104,0.8799999952316284,0.88,0,Forward,15187,attack
117,PPO-TFC (seed=600),PPO-TFC,600,0,0.8324939608573914,0.8299999833106995,0.83,0,Forward,15211,benign
118,PPO-TFC (seed=600),PPO-TFC,600,1,0.8637133836746216,0.8600000143051147,0.86,0,Forward,15308,attack
119,PPO-TFC (seed=600),PPO-TFC,600,0,0.8160220384597778,0.8100000023841858,0.82,0,Forward,15325,benign
120,PPO-TFC (seed=600),PPO-TFC,600,0,0.754787802696228,0.75,0.76,0,Forward,15412,benign
121,PPO-TFC (seed=600),PPO-TFC,600,1,0.851523756980896,0.8500000238418579,0.85,0,Forward,15587,attack
122,PPO-TFC (seed=600),PPO-TFC,600,1,0.8701123595237732,0.8700000047683716,0.87,0,Forward,15646,attack
123,PPO-TFC (seed=600),PPO-TFC,600,1,0.8801069855690002,0.8799999952316284,0.88,0,Forward,15647,attack
124,PPO-TFC (seed=600),PPO-TFC,600,1,0.9189636707305908,0.9200000166893005,0.91,5,Drop,15731,attack
125,PPO-TFC (seed=600),PPO-TFC,600,0,0.8464939594268799,0.8500000238418579,0.84,0,Forward,16024,benign
126,PPO-TFC (seed=600),PPO-TFC,600,1,0.8612254858016968,0.8600000143051147,0.87,0,Forward,16469,attack
127,PPO-TFC (seed=600),PPO-TFC,600,1,0.8597354292869568,0.8600000143051147,0.87,5,Drop,16492,attack
128,PPO-TFC (seed=600),PPO-TFC,600,1,0.8625316619873047,0.8600000143051147,0.86,0,Forward,16621,attack
129,PPO-TFC (seed=600),PPO-TFC,600,1,0.8625324964523315,0.8600000143051147,0.86,0,Forward,16622,attack
130,PPO-TFC (seed=600),PPO-TFC,600,0,0.8334140777587891,0.8299999833106995,0.84,5,Drop,16712,benign
131,PPO-TFC (seed=600),PPO-TFC,600,1,0.8998856544494629,0.8999999761581421,0.9,0,Forward,16856,attack
132,PPO-TFC (seed=600),PPO-TFC,600,1,0.8994457721710205,0.8999999761581421,0.9,5,Drop,16929,attack
133,PPO-TFC (seed=600),PPO-TFC,600,1,0.8741875290870667,0.8700000047683716,0.88,0,Forward,17031,attack
134,PPO-TFC (seed=600),PPO-TFC,600,0,0.8287768363952637,0.8199999928474426,0.84,0,Forward,17229,benign
135,PPO-TFC (seed=600),PPO-TFC,600,0,0.8439942002296448,0.8399999737739563,0.84,0,Forward,17474,benign
136,PPO-TFC (seed=600),PPO-TFC,600,0,0.8278783559799194,0.8199999928474426,0.82,0,Forward,17678,benign
137,PPO-TFC (seed=600),PPO-TFC,600,0,0.8066718578338623,0.800000011920929,0.8,0,Forward,17719,benign
138,PPO-TFC (seed=600),PPO-TFC,600,0,0.8577614426612854,0.8500000238418579,0.84,0,Forward,18102,benign
139,PPO-TFC (seed=600),PPO-TFC,600,1,0.8832355737686157,0.8799999952316284,0.87,0,Forward,18120,attack
140,PPO-TFC (seed=600),PPO-TFC,600,1,0.8787582516670227,0.8799999952316284,0.88,0,Forward,18188,attack
141,PPO-TFC (seed=600),PPO-TFC,600,1,0.9003291130065918,0.8999999761581421,0.9,0,Forward,18373,attack
142,PPO-TFC (seed=600),PPO-TFC,600,0,0.8293827176094055,0.8299999833106995,0.83,0,Forward,18429,benign
143,PPO-TFC (seed=600),PPO-TFC,600,0,0.8019344806671143,0.800000011920929,0.8,0,Forward,18605,benign
144,PPO-TFC (seed=600),PPO-TFC,600,0,0.7719220519065857,0.7699999809265137,0.77,0,Forward,18629,benign
145,PPO-TFC (seed=600),PPO-TFC,600,1,0.8580705523490906,0.8600000143051147,0.86,0,Forward,19034,attack
146,PPO-TFC (seed=600),PPO-TFC,600,1,0.8591589331626892,0.8600000143051147,0.86,0,Forward,19261,attack
147,PPO-TFC (seed=600),PPO-TFC,600,0,0.8198917508125305,0.8199999928474426,0.82,0,Forward,19568,benign
148,PPO-TFC (seed=600),PPO-TFC,600,0,0.8346434831619263,0.8299999833106995,0.84,0,Forward,19606,benign
149,PPO-TFC (seed=600),PPO-TFC,600,0,0.6925909519195557,0.6899999976158142,0.69,0,Forward,19803,benign
150,PPO-TFC (seed=600),PPO-TFC,600,1,0.8533068895339966,0.8500000238418579,0.85,0,Forward,19973,attack
151,PPO-TFC (seed=600),PPO-TFC,600,1,0.9491422176361084,0.949999988079071,0.95,5,Drop,20134,attack
152,PPO-TFC (seed=600),PPO-TFC,600,1,0.8576992154121399,0.8600000143051147,0.86,0,Forward,20261,attack
153,PPO-TFC (seed=600),PPO-TFC,600,0,0.837689220905304,0.8399999737739563,0.84,0,Forward,20271,benign
154,PPO-TFC (seed=600),PPO-TFC,600,1,0.8698458075523376,0.8700000047683716,0.87,0,Forward,20328,attack
155,PPO-TFC (seed=600),PPO-TFC,600,1,0.8497189879417419,0.8500000238418579,0.85,5,Drop,20578,attack
156,PPO-TFC (seed=600),PPO-TFC,600,1,0.8485469818115234,0.8500000238418579,0.85,0,Forward,20712,attack
157,PPO-TFC (seed=600),PPO-TFC,600,1,0.8510622978210449,0.8500000238418579,0.86,0,Forward,20838,attack
158,PPO-TFC (seed=600),PPO-TFC,600,0,0.8205698132514954,0.8199999928474426,0.82,0,Forward,20916,benign
159,PPO-TFC (seed=600),PPO-TFC,600,0,0.7999889254570007,0.800000011920929,0.8,0,Forward,21203,benign
160,PPO-TFC (seed=600),PPO-TFC,600,0,0.7922539710998535,0.7900000214576721,0.8,0,Forward,21295,benign
161,PPO-TFC (seed=600),PPO-TFC,600,0,0.7913861870765686,0.7900000214576721,0.8,0,Forward,21299,benign
162,PPO-TFC (seed=600),PPO-TFC,600,0,0.830646812915802,0.8299999833106995,0.84,0,Forward,21508,benign
163,PPO-TFC (seed=600),PPO-TFC,600,1,0.8479499816894531,0.8500000238418579,0.85,0,Forward,21600,attack
164,PPO-TFC (seed=600),PPO-TFC,600,0,0.8187517523765564,0.8199999928474426,0.81,0,Forward,21733,benign
165,PPO-TFC (seed=600),PPO-TFC,600,0,0.7671636343002319,0.7599999904632568,0.76,0,Forward,21806,benign
166,PPO-TFC (seed=600),PPO-TFC,600,1,0.8541373610496521,0.8399999737739563,0.86,0,Forward,21948,attack
167,PPO-TFC (seed=600),PPO-TFC,600,1,0.876903235912323,0.8700000047683716,0.87,5,Drop,22082,attack
168,PPO-TFC (seed=600),PPO-TFC,600,1,0.9052704572677612,0.8999999761581421,0.9,5,Drop,22110,attack
169,PPO-TFC (seed=600),PPO-TFC,600,0,0.8391054272651672,0.8399999737739563,0.83,0,Forward,22171,benign
170,PPO-TFC (seed=600),PPO-TFC,600,1,0.8498303294181824,0.8500000238418579,0.85,0,Forward,22284,attack
171,PPO-TFC (seed=600),PPO-TFC,600,1,0.8491634130477905,0.8500000238418579,0.85,0,Forward,22317,attack
172,PPO-TFC (seed=600),PPO-TFC,600,1,0.8691211938858032,0.8700000047683716,0.87,0,Forward,22329,attack
173,PPO-TFC (seed=600),PPO-TFC,600,1,0.8876321911811829,0.8899999856948853,0.89,5,Drop,22468,attack
174,PPO-TFC (seed=600),PPO-TFC,600,1,0.8775237202644348,0.8799999952316284,0.88,0,Forward,22501,attack
175,PPO-TFC (seed=600),PPO-TFC,600,0,0.8302080035209656,0.8299999833106995,0.83,0,Forward,22708,benign
176,PPO-TFC (seed=600),PPO-TFC,600,1,0.8703062534332275,0.8700000047683716,0.87,0,Forward,22853,attack
177,PPO-TFC (seed=600),PPO-TFC,600,0,0.8237143158912659,0.8199999928474426,0.82,0,Forward,22944,benign
178,PPO-TFC (seed=600),PPO-TFC,600,1,0.8696657419204712,0.8600000143051147,0.86,0,Forward,23025,attack
179,PPO-TFC (seed=600),PPO-TFC,600,1,0.8847257494926453,0.8799999952316284,0.88,0,Forward,23094,attack
180,PPO-TFC (seed=600),PPO-TFC,600,1,0.8747749924659729,0.8700000047683716,0.87,0,Forward,23112,attack
181,PPO-TFC (seed=600),PPO-TFC,600,0,0.8125288486480713,0.8100000023841858,0.81,0,Forward,23209,benign
182,PPO-TFC (seed=600),PPO-TFC,600,0,0.8284656405448914,0.8299999833106995,0.83,0,Forward,23431,benign
183,PPO-TFC (seed=600),PPO-TFC,600,1,0.8589532971382141,0.8600000143051147,0.86,5,Drop,23733,attack
184,PPO-TFC (seed=600),PPO-TFC,600,1,0.8488499522209167,0.8500000238418579,0.85,5,Drop,23759,attack
185,PPO-TFC (seed=600),PPO-TFC,600,0,0.8388105034828186,0.8399999737739563,0.84,0,Forward,23778,benign
186,PPO-TFC (seed=600),PPO-TFC,600,0,0.8340607285499573,0.8299999833106995,0.83,0,Forward,23811,benign
187,PPO-TFC (seed=600),PPO-TFC,600,0,0.8036412000656128,0.800000011920929,0.8,0,Forward,24133,benign
188,PPO-TFC (seed=600),PPO-TFC,600,0,0.7837530374526978,0.7799999713897705,0.78,0,Forward,24191,benign
189,PPO-TFC (seed=600),PPO-TFC,600,0,0.7800889611244202,0.7799999713897705,0.78,0,Forward,24211,benign
190,PPO-TFC (seed=600),PPO-TFC,600,1,0.8676241040229797,0.8600000143051147,0.87,0,Forward,24373,attack
191,PPO-TFC (seed=600),PPO-TFC,600,0,0.8401661515235901,0.8399999737739563,0.84,0,Forward,24560,benign
192,PPO-TFC (seed=600),PPO-TFC,600,1,0.8799384832382202,0.8799999952316284,0.88,0,Forward,24613,attack
193,PPO-TFC (seed=600),PPO-TFC,600,1,0.889945924282074,0.8899999856948853,0.89,0,Forward,24618,attack
194,PPO-TFC (seed=600),PPO-TFC,600,1,0.8958290219306946,0.8899999856948853,0.91,0,Forward,24726,attack
195,PPO-TFC (seed=600),PPO-TFC,600,1,0.8804629445075989,0.8799999952316284,0.88,0,Forward,24772,attack
196,PPO-TFC (seed=600),PPO-TFC,600,0,0.843108594417572,0.8399999737739563,0.84,0,Forward,24837,benign
197,PPO-TFC (seed=600),PPO-TFC,600,0,0.8299122452735901,0.8299999833106995,0.83,0,Forward,24967,benign
198,PPO-TFC (seed=600),PPO-TFC,600,0,0.8168489336967468,0.8199999928474426,0.82,0,Forward,24996,benign
199,PPO-TFC (seed=600),PPO-TFC,600,0,0.7699838280677795,0.7599999904632568,0.77,0,Forward,25212,benign
200,PPO-TFC (seed=600),PPO-TFC,600,1,0.8604229688644409,0.8600000143051147,0.86,0,Forward,25323,attack
201,PPO-TFC (seed=600),PPO-TFC,600,1,0.8699449300765991,0.8700000047683716,0.87,0,Forward,25341,attack
202,PPO-TFC (seed=600),PPO-TFC,600,0,0.7626132369041443,0.7599999904632568,0.76,0,Forward,25525,benign
203,PPO-TFC (seed=600),PPO-TFC,600,0,0.7826955914497375,0.7799999713897705,0.78,0,Forward,25624,benign
204,PPO-TFC (seed=600),PPO-TFC,600,1,0.8601194024085999,0.8600000143051147,0.86,5,Drop,25753,attack
205,PPO-TFC (seed=600),PPO-TFC,600,1,0.8498777151107788,0.8500000238418579,0.85,0,Forward,25855,attack
206,PPO-TFC (seed=600),PPO-TFC,600,1,0.8552750945091248,0.8600000143051147,0.85,0,Forward,25924,attack
207,PPO-TFC (seed=600),PPO-TFC,600,1,0.8599913120269775,0.8600000143051147,0.86,0,Forward,26023,attack
208,PPO-TFC (seed=600),PPO-TFC,600,0,0.8406216502189636,0.8399999737739563,0.84,5,Drop,26138,benign
209,PPO-TFC (seed=600),PPO-TFC,600,0,0.8106439113616943,0.8100000023841858,0.81,0,Forward,26215,benign
210,PPO-TFC (seed=600),PPO-TFC,600,1,0.8734425902366638,0.8700000047683716,0.88,0,Forward,26320,attack
211,PPO-TFC (seed=600),PPO-TFC,600,1,0.8734425902366638,0.8700000047683716,0.88,0,Forward,26321,attack
212,PPO-TFC (seed=600),PPO-TFC,600,0,0.8274185657501221,0.8199999928474426,0.82,0,Forward,26485,benign
213,PPO-TFC (seed=600),PPO-TFC,600,0,0.7977456450462341,0.7900000214576721,0.8,0,Forward,26629,benign
214,PPO-TFC (seed=600),PPO-TFC,600,0,0.7860429883003235,0.7799999713897705,0.79,0,Forward,26652,benign
215,PPO-TFC (seed=600),PPO-TFC,600,0,0.8211085796356201,0.8199999928474426,0.82,0,Forward,27007,benign
216,PPO-TFC (seed=600),PPO-TFC,600,0,0.8113611340522766,0.8100000023841858,0.81,0,Forward,27027,benign
217,PPO-TFC (seed=600),PPO-TFC,600,0,0.8113600015640259,0.8100000023841858,0.81,0,Forward,27028,benign
218,PPO-TFC (seed=600),PPO-TFC,600,1,0.8569684028625488,0.8500000238418579,0.86,0,Forward,27099,attack
219,PPO-TFC (seed=600),PPO-TFC,600,1,0.8499709963798523,0.8500000238418579,0.85,0,Forward,27290,attack
220,PPO-TFC (seed=600),PPO-TFC,600,0,0.8199859857559204,0.8199999928474426,0.82,0,Forward,27385,benign
221,PPO-TFC (seed=600),PPO-TFC,600,0,0.8246893286705017,0.8199999928474426,0.82,0,Forward,27475,benign
222,PPO-TFC (seed=600),PPO-TFC,600,1,0.8756607174873352,0.8799999952316284,0.88,0,Forward,27647,attack
223,PPO-TFC (seed=600),PPO-TFC,600,1,0.8587411642074585,0.8600000143051147,0.86,0,Forward,27708,attack
224,PPO-TFC (seed=600),PPO-TFC,600,0,0.8176383972167969,0.8199999928474426,0.81,0,Forward,27800,benign
225,PPO-TFC (seed=600),PPO-TFC,600,0,0.8300334215164185,0.8299999833106995,0.82,0,Forward,27874,benign
226,PPO-TFC (seed=600),PPO-TFC,600,1,0.8468767404556274,0.8399999737739563,0.85,0,Forward,28068,attack
227,PPO-TFC (seed=600),PPO-TFC,600,0,0.8368855118751526,0.8299999833106995,0.84,0,Forward,28073,benign
228,PPO-TFC (seed=600),PPO-TFC,600,1,0.879469096660614,0.8799999952316284,0.87,0,Forward,28281,attack
229,PPO-TFC (seed=600),PPO-TFC,600,0,0.8395709991455078,0.8399999737739563,0.83,0,Forward,28318,benign
230,PPO-TFC (seed=600),PPO-TFC,600,0,0.8398676514625549,0.8399999737739563,0.84,0,Forward,28618,benign
231,PPO-TFC (seed=600),PPO-TFC,600,0,0.824093222618103,0.8199999928474426,0.83,0,Forward,28794,benign
232,PPO-TFC (seed=600),PPO-TFC,600,0,0.8240866661071777,0.8199999928474426,0.83,0,Forward,28804,benign
233,PPO-TFC (seed=600),PPO-TFC,600,1,0.8526306748390198,0.8500000238418579,0.85,0,Forward,28906,attack
234,PPO-TFC (seed=600),PPO-TFC,600,1,0.8526313900947571,0.8500000238418579,0.85,0,Forward,28907,attack
235,PPO-TFC (seed=600),PPO-TFC,600,1,0.8500974178314209,0.8500000238418579,0.85,0,Forward,29018,attack
236,PPO-TFC (seed=600),PPO-TFC,600,0,0.8424707651138306,0.8399999737739563,0.84,0,Forward,29042,benign
237,PPO-TFC (seed=600),PPO-TFC,600,0,0.8119410872459412,0.8100000023841858,0.81,0,Forward,29145,benign
238,PPO-TFC (seed=600),PPO-TFC,600,0,0.8217334747314453,0.8199999928474426,0.82,0,Forward,29234,benign
239,PPO-TFC (seed=600),PPO-TFC,600,0,0.8317458629608154,0.8299999833106995,0.83,0,Forward,29238,benign
240,PPO-TFC (seed=600),PPO-TFC,600,0,0.8088564872741699,0.8100000023841858,0.81,0,Forward,29334,benign
241,PPO-TFC (seed=600),PPO-TFC,600,1,0.8475148677825928,0.8500000238418579,0.85,0,Forward,29394,attack
242,PPO-TFC (seed=600),PPO-TFC,600,0,0.8201691508293152,0.8199999928474426,0.83,0,Forward,29434,benign
243,PPO-TFC (seed=600),PPO-TFC,600,1,0.8426319360733032,0.8399999737739563,0.85,0,Forward,29457,attack
244,PPO-TFC (seed=600),PPO-TFC,600,0,0.8261587023735046,0.8299999833106995,0.83,0,Forward,29590,benign
245,PPO-TFC (seed=600),PPO-TFC,600,0,0.8141408562660217,0.8100000023841858,0.82,0,Forward,29634,benign
246,PPO-TFC (seed=600),PPO-TFC,600,0,0.8041713237762451,0.800000011920929,0.81,0,Forward,29644,benign
247,PPO-TFC (seed=600),PPO-TFC,600,0,0.8383910655975342,0.8399999737739563,0.84,0,Forward,29713,benign
248,PPO-TFC (seed=600),PPO-TFC,600,1,0.9029292464256287,0.8999999761581421,0.9,5,Drop,29828,attack
0,PPO-TFC (seed=700),PPO-TFC,700,1,0.879833996295929,0.8799999952316284,0.88,0,Forward,34,attack
1,PPO-TFC (seed=700),PPO-TFC,700,0,0.8099673390388489,0.8100000023841858,0.81,0,Forward,163,benign
2,PPO-TFC (seed=700),PPO-TFC,700,0,0.8290244936943054,0.8299999833106995,0.82,0,Forward,359,benign
3,PPO-TFC (seed=700),PPO-TFC,700,1,0.8779748678207397,0.8799999952316284,0.87,0,Forward,543,attack
4,PPO-TFC (seed=700),PPO-TFC,700,1,0.8908616900444031,0.8899999856948853,0.89,0,Forward,788,attack
5,PPO-TFC (seed=700),PPO-TFC,700,0,0.8184310793876648,0.8199999928474426,0.83,0,Forward,1007,benign
6,PPO-TFC (seed=700),PPO-TFC,700,1,0.8630930185317993,0.8700000047683716,0.86,0,Forward,1077,attack
7,PPO-TFC (seed=700),PPO-TFC,700,0,0.7812010049819946,0.7799999713897705,0.78,0,Forward,1173,benign
8,PPO-TFC (seed=700),PPO-TFC,700,0,0.7988349199295044,0.800000011920929,0.8,0,Forward,1338,benign
9,PPO-TFC (seed=700),PPO-TFC,700,1,0.8783858418464661,0.8799999952316284,0.88,0,Forward,1589,attack
10,PPO-TFC (seed=700),PPO-TFC,700,1,0.9270837903022766,0.9300000071525574,0.93,0,Forward,1711,attack
11,PPO-TFC (seed=700),PPO-TFC,700,1,0.9204261302947998,0.9200000166893005,0.92,0,Forward,1755,attack
12,PPO-TFC (seed=700),PPO-TFC,700,1,0.8790686726570129,0.8799999952316284,0.88,0,Forward,1826,attack
13,PPO-TFC (seed=700),PPO-TFC,700,1,0.8598487377166748,0.8600000143051147,0.86,0,Forward,2303,attack
14,PPO-TFC (seed=700),PPO-TFC,700,1,0.8559197187423706,0.8500000238418579,0.87,0,Forward,2509,attack
15,PPO-TFC (seed=700),PPO-TFC,700,1,0.8448888659477234,0.8399999737739563,0.85,0,Forward,2579,attack
16,PPO-TFC (seed=700),PPO-TFC,700,1,0.8343343138694763,0.8299999833106995,0.85,0,Forward,2704,attack
17,PPO-TFC (seed=700),PPO-TFC,700,1,0.909209668636322,0.9100000262260437,0.91,0,Forward,2984,attack
18,PPO-TFC (seed=700),PPO-TFC,700,1,0.892710268497467,0.8899999856948853,0.89,0,Forward,3042,attack
19,PPO-TFC (seed=700),PPO-TFC,700,0,0.779188334941864,0.7799999713897705,0.78,0,Forward,3187,benign
20,PPO-TFC (seed=700),PPO-TFC,700,0,0.7874859571456909,0.7900000214576721,0.79,0,Forward,3200,benign
21,PPO-TFC (seed=700),PPO-TFC,700,1,0.8884751200675964,0.8899999856948853,0.88,0,Forward,3480,attack
22,PPO-TFC (seed=700),PPO-TFC,700,0,0.8297797441482544,0.8299999833106995,0.83,0,Forward,3603,benign
23,PPO-TFC (seed=700),PPO-TFC,700,1,0.8987791538238525,0.8999999761581421,0.9,0,Forward,4036,attack
24,PPO-TFC (seed=700),PPO-TFC,700,1,0.9100563526153564,0.9100000262260437,0.91,0,Forward,4096,attack
25,PPO-TFC (seed=700),PPO-TFC,700,0,0.7760412693023682,0.7799999713897705,0.78,0,Forward,4223,benign
26,PPO-TFC (seed=700),PPO-TFC,700,0,0.7967140674591064,0.7900000214576721,0.8,0,Forward,4492,benign
27,PPO-TFC (seed=700),PPO-TFC,700,0,0.773356556892395,0.7699999809265137,0.78,0,Forward,4724,benign
28,PPO-TFC (seed=700),PPO-TFC,700,1,0.9137651920318604,0.9100000262260437,0.92,0,Forward,4794,attack
29,PPO-TFC (seed=700),PPO-TFC,700,1,0.8725376129150391,0.8700000047683716,0.88,0,Forward,4856,attack
30,PPO-TFC (seed=700),PPO-TFC,700,1,0.8711929321289062,0.8700000047683716,0.88,0,Forward,4879,attack
31,PPO-TFC (seed=700),PPO-TFC,700,1,0.8682050108909607,0.8700000047683716,0.87,0,Forward,5004,attack
32,PPO-TFC (seed=700),PPO-TFC,700,1,0.8684120178222656,0.8700000047683716,0.87,0,Forward,5015,attack
33,PPO-TFC (seed=700),PPO-TFC,700,1,0.9081689715385437,0.9100000262260437,0.91,0,Forward,5100,attack
34,PPO-TFC (seed=700),PPO-TFC,700,1,0.8976726531982422,0.8999999761581421,0.9,0,Forward,5137,attack
35,PPO-TFC (seed=700),PPO-TFC,700,0,0.8373674154281616,0.8399999737739563,0.83,0,Forward,5188,benign
36,PPO-TFC (seed=700),PPO-TFC,700,1,0.862047553062439,0.8600000143051147,0.86,0,Forward,5222,attack
37,PPO-TFC (seed=700),PPO-TFC,700,1,0.8858568668365479,0.8799999952316284,0.89,0,Forward,5375,attack
38,PPO-TFC (seed=700),PPO-TFC,700,1,0.8564433455467224,0.8500000238418579,0.86,0,Forward,5529,attack
39,PPO-TFC (seed=700),PPO-TFC,700,0,0.8269306421279907,0.8199999928474426,0.83,0,Forward,5615,benign
40,PPO-TFC (seed=700),PPO-TFC,700,0,0.813768208026886,0.8100000023841858,0.8,0,Forward,5691,benign
41,PPO-TFC (seed=700),PPO-TFC,700,0,0.8197215795516968,0.8100000023841858,0.81,0,Forward,5747,benign
42,PPO-TFC (seed=700),PPO-TFC,700,0,0.8220182061195374,0.8100000023841858,0.81,0,Forward,5774,benign
43,PPO-TFC (seed=700),PPO-TFC,700,1,0.8663164377212524,0.8600000143051147,0.86,0,Forward,5933,attack
44,PPO-TFC (seed=700),PPO-TFC,700,0,0.849316418170929,0.8399999737739563,0.84,0,Forward,5966,benign
45,PPO-TFC (seed=700),PPO-TFC,700,0,0.8093292713165283,0.800000011920929,0.8,0,Forward,6009,benign
46,PPO-TFC (seed=700),PPO-TFC,700,0,0.8414927124977112,0.8399999737739563,0.83,0,Forward,6047,benign
47,PPO-TFC (seed=700),PPO-TFC,700,0,0.7934058308601379,0.7900000214576721,0.79,0,Forward,6156,benign
48,PPO-TFC (seed=700),PPO-TFC,700,0,0.7934057116508484,0.7900000214576721,0.79,0,Forward,6158,benign
49,PPO-TFC (seed=700),PPO-TFC,700,0,0.8012173175811768,0.800000011920929,0.8,0,Forward,6161,benign
50,PPO-TFC (seed=700),PPO-TFC,700,1,0.8523243069648743,0.8500000238418579,0.85,0,Forward,6544,attack
51,PPO-TFC (seed=700),PPO-TFC,700,1,0.8538548350334167,0.8500000238418579,0.85,0,Forward,6691,attack
52,PPO-TFC (seed=700),PPO-TFC,700,0,0.8254052996635437,0.8299999833106995,0.83,0,Forward,7158,benign
53,PPO-TFC (seed=700),PPO-TFC,700,0,0.7887188196182251,0.7900000214576721,0.79,0,Forward,7298,benign
54,PPO-TFC (seed=700),PPO-TFC,700,1,0.8693459033966064,0.8700000047683716,0.87,0,Forward,7805,attack
55,PPO-TFC (seed=700),PPO-TFC,700,0,0.8328465819358826,0.8299999833106995,0.83,0,Forward,7938,benign
56,PPO-TFC (seed=700),PPO-TFC,700,1,0.8672149181365967,0.8700000047683716,0.87,0,Forward,8112,attack
57,PPO-TFC (seed=700),PPO-TFC,700,1,0.8870208859443665,0.8899999856948853,0.89,0,Forward,8169,attack
58,PPO-TFC (seed=700),PPO-TFC,700,1,0.8547448515892029,0.8600000143051147,0.86,0,Forward,8187,attack
59,PPO-TFC (seed=700),PPO-TFC,700,1,0.8655512928962708,0.8700000047683716,0.87,0,Forward,8323,attack
60,PPO-TFC (seed=700),PPO-TFC,700,0,0.7602249383926392,0.7599999904632568,0.76,0,Forward,8570,benign
61,PPO-TFC (seed=700),PPO-TFC,700,0,0.7500377893447876,0.75,0.75,0,Forward,8585,benign
62,PPO-TFC (seed=700),PPO-TFC,700,0,0.7400667071342468,0.7400000095367432,0.74,0,Forward,8593,benign
63,PPO-TFC (seed=700),PPO-TFC,700,1,0.8890588283538818,0.8899999856948853,0.88,0,Forward,8699,attack
64,PPO-TFC (seed=700),PPO-TFC,700,1,0.8890588879585266,0.8899999856948853,0.88,0,Forward,8700,attack
65,PPO-TFC (seed=700),PPO-TFC,700,0,0.8400719165802002,0.8399999737739563,0.84,0,Forward,8758,benign
66,PPO-TFC (seed=700),PPO-TFC,700,0,0.800307035446167,0.7900000214576721,0.79,0,Forward,8963,benign
67,PPO-TFC (seed=700),PPO-TFC,700,0,0.8101561069488525,0.8100000023841858,0.81,0,Forward,9413,benign
68,PPO-TFC (seed=700),PPO-TFC,700,1,0.8594833612442017,0.8600000143051147,0.86,0,Forward,9754,attack
69,PPO-TFC (seed=700),PPO-TFC,700,0,0.8076704144477844,0.8100000023841858,0.81,0,Forward,9871,benign
70,PPO-TFC (seed=700),PPO-TFC,700,0,0.7902960777282715,0.7900000214576721,0.79,0,Forward,9907,benign
71,PPO-TFC (seed=700),PPO-TFC,700,1,0.9019876718521118,0.8999999761581421,0.9,0,Forward,10288,attack
72,PPO-TFC (seed=700),PPO-TFC,700,1,0.8918544054031372,0.8899999856948853,0.89,0,Forward,10301,attack
73,PPO-TFC (seed=700),PPO-TFC,700,1,0.8455605506896973,0.8500000238418579,0.85,0,Forward,10545,attack
74,PPO-TFC (seed=700),PPO-TFC,700,0,0.8055262565612793,0.800000011920929,0.79,0,Forward,10720,benign
75,PPO-TFC (seed=700),PPO-TFC,700,1,0.8840524554252625,0.8700000047683716,0.88,0,Forward,10844,attack
76,PPO-TFC (seed=700),PPO-TFC,700,1,0.8640789985656738,0.8500000238418579,0.86,0,Forward,10855,attack
77,PPO-TFC (seed=700),PPO-TFC,700,0,0.7940945625305176,0.7799999713897705,0.79,0,Forward,10888,benign
78,PPO-TFC (seed=700),PPO-TFC,700,0,0.7955327033996582,0.7900000214576721,0.8,0,Forward,10926,benign
79,PPO-TFC (seed=700),PPO-TFC,700,0,0.8359295725822449,0.8299999833106995,0.84,0,Forward,11013,benign
80,PPO-TFC (seed=700),PPO-TFC,700,0,0.8027329444885254,0.7900000214576721,0.79,0,Forward,11177,benign
81,PPO-TFC (seed=700),PPO-TFC,700,0,0.8449897170066833,0.8399999737739563,0.84,0,Forward,11275,benign
82,PPO-TFC (seed=700),PPO-TFC,700,0,0.8350366950035095,0.8299999833106995,0.83,0,Forward,11301,benign
83,PPO-TFC (seed=700),PPO-TFC,700,0,0.8350360989570618,0.8299999833106995,0.83,0,Forward,11302,benign
84,PPO-TFC (seed=700),PPO-TFC,700,0,0.81482994556427,0.8100000023841858,0.81,0,Forward,11352,benign
85,PPO-TFC (seed=700),PPO-TFC,700,1,0.8718368411064148,0.8700000047683716,0.87,0,Forward,11464,attack
86,PPO-TFC (seed=700),PPO-TFC,700,1,0.8501495122909546,0.8500000238418579,0.86,0,Forward,11772,attack
87,PPO-TFC (seed=700),PPO-TFC,700,0,0.8084815144538879,0.800000011920929,0.81,0,Forward,11813,benign
88,PPO-TFC (seed=700),PPO-TFC,700,0,0.8098862171173096,0.8100000023841858,0.81,0,Forward,11881,benign
89,PPO-TFC (seed=700),PPO-TFC,700,1,0.8678771257400513,0.8700000047683716,0.86,0,Forward,12061,attack
90,PPO-TFC (seed=700),PPO-TFC,700,0,0.8481305837631226,0.8500000238418579,0.84,0,Forward,12088,benign
91,PPO-TFC (seed=700),PPO-TFC,700,1,0.858406126499176,0.8600000143051147,0.85,0,Forward,12109,attack
92,PPO-TFC (seed=700),PPO-TFC,700,1,0.8504123091697693,0.8500000238418579,0.85,0,Forward,12137,attack
93,PPO-TFC (seed=700),PPO-TFC,700,0,0.8224881887435913,0.8199999928474426,0.82,0,Forward,12176,benign
94,PPO-TFC (seed=700),PPO-TFC,700,0,0.8422060608863831,0.8399999737739563,0.84,0,Forward,12187,benign
95,PPO-TFC (seed=700),PPO-TFC,700,0,0.8399506211280823,0.8399999737739563,0.84,0,Forward,12297,benign
96,PPO-TFC (seed=700),PPO-TFC,700,1,0.8687772154808044,0.8700000047683716,0.87,0,Forward,12464,attack
97,PPO-TFC (seed=700),PPO-TFC,700,1,0.8521358966827393,0.8500000238418579,0.85,0,Forward,12715,attack
98,PPO-TFC (seed=700),PPO-TFC,700,1,0.8409515619277954,0.8399999737739563,0.85,0,Forward,12891,attack
99,PPO-TFC (seed=700),PPO-TFC,700,1,0.8435349464416504,0.8399999737739563,0.85,0,Forward,12963,attack
100,PPO-TFC (seed=700),PPO-TFC,700,0,0.8321276307106018,0.8299999833106995,0.83,0,Forward,13036,benign
101,PPO-TFC (seed=700),PPO-TFC,700,0,0.8130981922149658,0.8100000023841858,0.81,0,Forward,13047,benign
102,PPO-TFC (seed=700),PPO-TFC,700,0,0.8230418562889099,0.8199999928474426,0.82,0,Forward,13058,benign
103,PPO-TFC (seed=700),PPO-TFC,700,1,0.8648033142089844,0.8600000143051147,0.86,0,Forward,13189,attack
104,PPO-TFC (seed=700),PPO-TFC,700,1,0.8940011858940125,0.8899999856948853,0.89,0,Forward,13220,attack
105,PPO-TFC (seed=700),PPO-TFC,700,1,0.8817206621170044,0.8799999952316284,0.89,0,Forward,13229,attack
106,PPO-TFC (seed=700),PPO-TFC,700,0,0.789798378944397,0.7900000214576721,0.79,0,Forward,13418,benign
107,PPO-TFC (seed=700),PPO-TFC,700,0,0.799791693687439,0.800000011920929,0.8,0,Forward,13422,benign
108,PPO-TFC (seed=700),PPO-TFC,700,1,0.8395397067070007,0.8399999737739563,0.85,0,Forward,13790,attack
109,PPO-TFC (seed=700),PPO-TFC,700,0,0.8311482071876526,0.8299999833106995,0.84,0,Forward,13821,benign
110,PPO-TFC (seed=700),PPO-TFC,700,1,0.8897304534912109,0.8899999856948853,0.89,0,Forward,13896,attack
111,PPO-TFC (seed=700),PPO-TFC,700,1,0.8981784582138062,0.8999999761581421,0.9,0,Forward,13941,attack
112,PPO-TFC (seed=700),PPO-TFC,700,0,0.8418792486190796,0.8500000238418579,0.84,0,Forward,14060,benign
113,PPO-TFC (seed=700),PPO-TFC,700,0,0.8191235065460205,0.8100000023841858,0.8,0,Forward,14233,benign
114,PPO-TFC (seed=700),PPO-TFC,700,1,0.8727867007255554,0.8700000047683716,0.88,0,Forward,14309,attack
115,PPO-TFC (seed=700),PPO-TFC,700,1,0.859923243522644,0.8600000143051147,0.86,0,Forward,15051,attack
116,PPO-TFC (seed=700),PPO-TFC,700,1,0.8823280930519104,0.8799999952316284,0.88,0,Forward,15187,attack
117,PPO-TFC (seed=700),PPO-TFC,700,0,0.8324939608573914,0.8299999833106995,0.83,0,Forward,15211,benign
118,PPO-TFC (seed=700),PPO-TFC,700,1,0.8637133836746216,0.8600000143051147,0.86,0,Forward,15308,attack
119,PPO-TFC (seed=700),PPO-TFC,700,0,0.8160220384597778,0.8100000023841858,0.82,0,Forward,15325,benign
120,PPO-TFC (seed=700),PPO-TFC,700,0,0.754787802696228,0.75,0.76,0,Forward,15412,benign
121,PPO-TFC (seed=700),PPO-TFC,700,1,0.851523756980896,0.8500000238418579,0.85,0,Forward,15587,attack
122,PPO-TFC (seed=700),PPO-TFC,700,1,0.8701123595237732,0.8700000047683716,0.87,0,Forward,15646,attack
123,PPO-TFC (seed=700),PPO-TFC,700,1,0.8801069855690002,0.8799999952316284,0.88,0,Forward,15647,attack
124,PPO-TFC (seed=700),PPO-TFC,700,1,0.9189636707305908,0.9200000166893005,0.91,0,Forward,15731,attack
125,PPO-TFC (seed=700),PPO-TFC,700,0,0.8464939594268799,0.8500000238418579,0.84,0,Forward,16024,benign
126,PPO-TFC (seed=700),PPO-TFC,700,1,0.8612254858016968,0.8600000143051147,0.87,0,Forward,16469,attack
127,PPO-TFC (seed=700),PPO-TFC,700,1,0.8597354292869568,0.8600000143051147,0.87,0,Forward,16492,attack
128,PPO-TFC (seed=700),PPO-TFC,700,1,0.8625316619873047,0.8600000143051147,0.86,0,Forward,16621,attack
129,PPO-TFC (seed=700),PPO-TFC,700,1,0.8625324964523315,0.8600000143051147,0.86,0,Forward,16622,attack
130,PPO-TFC (seed=700),PPO-TFC,700,0,0.8334140777587891,0.8299999833106995,0.84,0,Forward,16712,benign
131,PPO-TFC (seed=700),PPO-TFC,700,1,0.8998856544494629,0.8999999761581421,0.9,0,Forward,16856,attack
132,PPO-TFC (seed=700),PPO-TFC,700,1,0.8994457721710205,0.8999999761581421,0.9,0,Forward,16929,attack
133,PPO-TFC (seed=700),PPO-TFC,700,1,0.8741875290870667,0.8700000047683716,0.88,0,Forward,17031,attack
134,PPO-TFC (seed=700),PPO-TFC,700,0,0.8287768363952637,0.8199999928474426,0.84,0,Forward,17229,benign
135,PPO-TFC (seed=700),PPO-TFC,700,0,0.8439942002296448,0.8399999737739563,0.84,0,Forward,17474,benign
136,PPO-TFC (seed=700),PPO-TFC,700,0,0.8278783559799194,0.8199999928474426,0.82,0,Forward,17678,benign
137,PPO-TFC (seed=700),PPO-TFC,700,0,0.8066718578338623,0.800000011920929,0.8,0,Forward,17719,benign
138,PPO-TFC (seed=700),PPO-TFC,700,0,0.8577614426612854,0.8500000238418579,0.84,0,Forward,18102,benign
139,PPO-TFC (seed=700),PPO-TFC,700,1,0.8832355737686157,0.8799999952316284,0.87,0,Forward,18120,attack
140,PPO-TFC (seed=700),PPO-TFC,700,1,0.8787582516670227,0.8799999952316284,0.88,0,Forward,18188,attack
141,PPO-TFC (seed=700),PPO-TFC,700,1,0.9003291130065918,0.8999999761581421,0.9,0,Forward,18373,attack
142,PPO-TFC (seed=700),PPO-TFC,700,0,0.8293827176094055,0.8299999833106995,0.83,0,Forward,18429,benign
143,PPO-TFC (seed=700),PPO-TFC,700,0,0.8019344806671143,0.800000011920929,0.8,0,Forward,18605,benign
144,PPO-TFC (seed=700),PPO-TFC,700,0,0.7719220519065857,0.7699999809265137,0.77,0,Forward,18629,benign
145,PPO-TFC (seed=700),PPO-TFC,700,1,0.8580705523490906,0.8600000143051147,0.86,0,Forward,19034,attack
146,PPO-TFC (seed=700),PPO-TFC,700,1,0.8591589331626892,0.8600000143051147,0.86,0,Forward,19261,attack
147,PPO-TFC (seed=700),PPO-TFC,700,0,0.8198917508125305,0.8199999928474426,0.82,0,Forward,19568,benign
148,PPO-TFC (seed=700),PPO-TFC,700,0,0.8346434831619263,0.8299999833106995,0.84,0,Forward,19606,benign
149,PPO-TFC (seed=700),PPO-TFC,700,0,0.6925909519195557,0.6899999976158142,0.69,0,Forward,19803,benign
150,PPO-TFC (seed=700),PPO-TFC,700,1,0.8533068895339966,0.8500000238418579,0.85,0,Forward,19973,attack
151,PPO-TFC (seed=700),PPO-TFC,700,1,0.9491422176361084,0.949999988079071,0.95,0,Forward,20134,attack
152,PPO-TFC (seed=700),PPO-TFC,700,1,0.8576992154121399,0.8600000143051147,0.86,0,Forward,20261,attack
153,PPO-TFC (seed=700),PPO-TFC,700,0,0.837689220905304,0.8399999737739563,0.84,0,Forward,20271,benign
154,PPO-TFC (seed=700),PPO-TFC,700,1,0.8698458075523376,0.8700000047683716,0.87,0,Forward,20328,attack
155,PPO-TFC (seed=700),PPO-TFC,700,1,0.8497189879417419,0.8500000238418579,0.85,0,Forward,20578,attack
156,PPO-TFC (seed=700),PPO-TFC,700,1,0.8485469818115234,0.8500000238418579,0.85,0,Forward,20712,attack
157,PPO-TFC (seed=700),PPO-TFC,700,1,0.8510622978210449,0.8500000238418579,0.86,0,Forward,20838,attack
158,PPO-TFC (seed=700),PPO-TFC,700,0,0.8205698132514954,0.8199999928474426,0.82,0,Forward,20916,benign
159,PPO-TFC (seed=700),PPO-TFC,700,0,0.7999889254570007,0.800000011920929,0.8,0,Forward,21203,benign
160,PPO-TFC (seed=700),PPO-TFC,700,0,0.7922539710998535,0.7900000214576721,0.8,0,Forward,21295,benign
161,PPO-TFC (seed=700),PPO-TFC,700,0,0.7913861870765686,0.7900000214576721,0.8,0,Forward,21299,benign
162,PPO-TFC (seed=700),PPO-TFC,700,0,0.830646812915802,0.8299999833106995,0.84,0,Forward,21508,benign
163,PPO-TFC (seed=700),PPO-TFC,700,1,0.8479499816894531,0.8500000238418579,0.85,0,Forward,21600,attack
164,PPO-TFC (seed=700),PPO-TFC,700,0,0.8187517523765564,0.8199999928474426,0.81,0,Forward,21733,benign
165,PPO-TFC (seed=700),PPO-TFC,700,0,0.7671636343002319,0.7599999904632568,0.76,0,Forward,21806,benign
166,PPO-TFC (seed=700),PPO-TFC,700,1,0.8541373610496521,0.8399999737739563,0.86,0,Forward,21948,attack
167,PPO-TFC (seed=700),PPO-TFC,700,1,0.876903235912323,0.8700000047683716,0.87,0,Forward,22082,attack
168,PPO-TFC (seed=700),PPO-TFC,700,1,0.9052704572677612,0.8999999761581421,0.9,0,Forward,22110,attack
169,PPO-TFC (seed=700),PPO-TFC,700,0,0.8391054272651672,0.8399999737739563,0.83,0,Forward,22171,benign
170,PPO-TFC (seed=700),PPO-TFC,700,1,0.8498303294181824,0.8500000238418579,0.85,0,Forward,22284,attack
171,PPO-TFC (seed=700),PPO-TFC,700,1,0.8491634130477905,0.8500000238418579,0.85,0,Forward,22317,attack
172,PPO-TFC (seed=700),PPO-TFC,700,1,0.8691211938858032,0.8700000047683716,0.87,0,Forward,22329,attack
173,PPO-TFC (seed=700),PPO-TFC,700,1,0.8876321911811829,0.8899999856948853,0.89,0,Forward,22468,attack
174,PPO-TFC (seed=700),PPO-TFC,700,1,0.8775237202644348,0.8799999952316284,0.88,0,Forward,22501,attack
175,PPO-TFC (seed=700),PPO-TFC,700,0,0.8302080035209656,0.8299999833106995,0.83,0,Forward,22708,benign
176,PPO-TFC (seed=700),PPO-TFC,700,1,0.8703062534332275,0.8700000047683716,0.87,0,Forward,22853,attack
177,PPO-TFC (seed=700),PPO-TFC,700,0,0.8237143158912659,0.8199999928474426,0.82,0,Forward,22944,benign
178,PPO-TFC (seed=700),PPO-TFC,700,1,0.8696657419204712,0.8600000143051147,0.86,0,Forward,23025,attack
179,PPO-TFC (seed=700),PPO-TFC,700,1,0.8847257494926453,0.8799999952316284,0.88,0,Forward,23094,attack
180,PPO-TFC (seed=700),PPO-TFC,700,1,0.8747749924659729,0.8700000047683716,0.87,0,Forward,23112,attack
181,PPO-TFC (seed=700),PPO-TFC,700,0,0.8125288486480713,0.8100000023841858,0.81,0,Forward,23209,benign
182,PPO-TFC (seed=700),PPO-TFC,700,0,0.8284656405448914,0.8299999833106995,0.83,0,Forward,23431,benign
183,PPO-TFC (seed=700),PPO-TFC,700,1,0.8589532971382141,0.8600000143051147,0.86,0,Forward,23733,attack
184,PPO-TFC (seed=700),PPO-TFC,700,1,0.8488499522209167,0.8500000238418579,0.85,0,Forward,23759,attack
185,PPO-TFC (seed=700),PPO-TFC,700,0,0.8388105034828186,0.8399999737739563,0.84,0,Forward,23778,benign
186,PPO-TFC (seed=700),PPO-TFC,700,0,0.8340607285499573,0.8299999833106995,0.83,0,Forward,23811,benign
187,PPO-TFC (seed=700),PPO-TFC,700,0,0.8036412000656128,0.800000011920929,0.8,0,Forward,24133,benign
188,PPO-TFC (seed=700),PPO-TFC,700,0,0.7837530374526978,0.7799999713897705,0.78,0,Forward,24191,benign
189,PPO-TFC (seed=700),PPO-TFC,700,0,0.7800889611244202,0.7799999713897705,0.78,0,Forward,24211,benign
190,PPO-TFC (seed=700),PPO-TFC,700,1,0.8676241040229797,0.8600000143051147,0.87,0,Forward,24373,attack
191,PPO-TFC (seed=700),PPO-TFC,700,0,0.8401661515235901,0.8399999737739563,0.84,0,Forward,24560,benign
192,PPO-TFC (seed=700),PPO-TFC,700,1,0.8799384832382202,0.8799999952316284,0.88,0,Forward,24613,attack
193,PPO-TFC (seed=700),PPO-TFC,700,1,0.889945924282074,0.8899999856948853,0.89,0,Forward,24618,attack
194,PPO-TFC (seed=700),PPO-TFC,700,1,0.8958290219306946,0.8899999856948853,0.91,0,Forward,24726,attack
195,PPO-TFC (seed=700),PPO-TFC,700,1,0.8804629445075989,0.8799999952316284,0.88,0,Forward,24772,attack
196,PPO-TFC (seed=700),PPO-TFC,700,0,0.843108594417572,0.8399999737739563,0.84,0,Forward,24837,benign
197,PPO-TFC (seed=700),PPO-TFC,700,0,0.8299122452735901,0.8299999833106995,0.83,0,Forward,24967,benign
198,PPO-TFC (seed=700),PPO-TFC,700,0,0.8168489336967468,0.8199999928474426,0.82,0,Forward,24996,benign
199,PPO-TFC (seed=700),PPO-TFC,700,0,0.7699838280677795,0.7599999904632568,0.77,0,Forward,25212,benign
200,PPO-TFC (seed=700),PPO-TFC,700,1,0.8604229688644409,0.8600000143051147,0.86,0,Forward,25323,attack
201,PPO-TFC (seed=700),PPO-TFC,700,1,0.8699449300765991,0.8700000047683716,0.87,0,Forward,25341,attack
202,PPO-TFC (seed=700),PPO-TFC,700,0,0.7626132369041443,0.7599999904632568,0.76,0,Forward,25525,benign
203,PPO-TFC (seed=700),PPO-TFC,700,0,0.7826955914497375,0.7799999713897705,0.78,0,Forward,25624,benign
204,PPO-TFC (seed=700),PPO-TFC,700,1,0.8601194024085999,0.8600000143051147,0.86,0,Forward,25753,attack
205,PPO-TFC (seed=700),PPO-TFC,700,1,0.8498777151107788,0.8500000238418579,0.85,0,Forward,25855,attack
206,PPO-TFC (seed=700),PPO-TFC,700,1,0.8552750945091248,0.8600000143051147,0.85,0,Forward,25924,attack
207,PPO-TFC (seed=700),PPO-TFC,700,1,0.8599913120269775,0.8600000143051147,0.86,0,Forward,26023,attack
208,PPO-TFC (seed=700),PPO-TFC,700,0,0.8406216502189636,0.8399999737739563,0.84,0,Forward,26138,benign
209,PPO-TFC (seed=700),PPO-TFC,700,0,0.8106439113616943,0.8100000023841858,0.81,0,Forward,26215,benign
210,PPO-TFC (seed=700),PPO-TFC,700,1,0.8734425902366638,0.8700000047683716,0.88,0,Forward,26320,attack
211,PPO-TFC (seed=700),PPO-TFC,700,1,0.8734425902366638,0.8700000047683716,0.88,0,Forward,26321,attack
212,PPO-TFC (seed=700),PPO-TFC,700,0,0.8274185657501221,0.8199999928474426,0.82,0,Forward,26485,benign
213,PPO-TFC (seed=700),PPO-TFC,700,0,0.7977456450462341,0.7900000214576721,0.8,0,Forward,26629,benign
214,PPO-TFC (seed=700),PPO-TFC,700,0,0.7860429883003235,0.7799999713897705,0.79,0,Forward,26652,benign
215,PPO-TFC (seed=700),PPO-TFC,700,0,0.8211085796356201,0.8199999928474426,0.82,0,Forward,27007,benign
216,PPO-TFC (seed=700),PPO-TFC,700,0,0.8113611340522766,0.8100000023841858,0.81,0,Forward,27027,benign
217,PPO-TFC (seed=700),PPO-TFC,700,0,0.8113600015640259,0.8100000023841858,0.81,0,Forward,27028,benign
218,PPO-TFC (seed=700),PPO-TFC,700,1,0.8569684028625488,0.8500000238418579,0.86,0,Forward,27099,attack
219,PPO-TFC (seed=700),PPO-TFC,700,1,0.8499709963798523,0.8500000238418579,0.85,0,Forward,27290,attack
220,PPO-TFC (seed=700),PPO-TFC,700,0,0.8199859857559204,0.8199999928474426,0.82,0,Forward,27385,benign
221,PPO-TFC (seed=700),PPO-TFC,700,0,0.8246893286705017,0.8199999928474426,0.82,0,Forward,27475,benign
222,PPO-TFC (seed=700),PPO-TFC,700,1,0.8756607174873352,0.8799999952316284,0.88,0,Forward,27647,attack
223,PPO-TFC (seed=700),PPO-TFC,700,1,0.8587411642074585,0.8600000143051147,0.86,0,Forward,27708,attack
224,PPO-TFC (seed=700),PPO-TFC,700,0,0.8176383972167969,0.8199999928474426,0.81,0,Forward,27800,benign
225,PPO-TFC (seed=700),PPO-TFC,700,0,0.8300334215164185,0.8299999833106995,0.82,0,Forward,27874,benign
226,PPO-TFC (seed=700),PPO-TFC,700,1,0.8468767404556274,0.8399999737739563,0.85,0,Forward,28068,attack
227,PPO-TFC (seed=700),PPO-TFC,700,0,0.8368855118751526,0.8299999833106995,0.84,0,Forward,28073,benign
228,PPO-TFC (seed=700),PPO-TFC,700,1,0.879469096660614,0.8799999952316284,0.87,0,Forward,28281,attack
229,PPO-TFC (seed=700),PPO-TFC,700,0,0.8395709991455078,0.8399999737739563,0.83,0,Forward,28318,benign
230,PPO-TFC (seed=700),PPO-TFC,700,0,0.8398676514625549,0.8399999737739563,0.84,0,Forward,28618,benign
231,PPO-TFC (seed=700),PPO-TFC,700,0,0.824093222618103,0.8199999928474426,0.83,0,Forward,28794,benign
232,PPO-TFC (seed=700),PPO-TFC,700,0,0.8240866661071777,0.8199999928474426,0.83,0,Forward,28804,benign
233,PPO-TFC (seed=700),PPO-TFC,700,1,0.8526306748390198,0.8500000238418579,0.85,0,Forward,28906,attack
234,PPO-TFC (seed=700),PPO-TFC,700,1,0.8526313900947571,0.8500000238418579,0.85,0,Forward,28907,attack
235,PPO-TFC (seed=700),PPO-TFC,700,1,0.8500974178314209,0.8500000238418579,0.85,0,Forward,29018,attack
236,PPO-TFC (seed=700),PPO-TFC,700,0,0.8424707651138306,0.8399999737739563,0.84,0,Forward,29042,benign
237,PPO-TFC (seed=700),PPO-TFC,700,0,0.8119410872459412,0.8100000023841858,0.81,0,Forward,29145,benign
238,PPO-TFC (seed=700),PPO-TFC,700,0,0.8217334747314453,0.8199999928474426,0.82,0,Forward,29234,benign
239,PPO-TFC (seed=700),PPO-TFC,700,0,0.8317458629608154,0.8299999833106995,0.83,0,Forward,29238,benign
240,PPO-TFC (seed=700),PPO-TFC,700,0,0.8088564872741699,0.8100000023841858,0.81,0,Forward,29334,benign
241,PPO-TFC (seed=700),PPO-TFC,700,1,0.8475148677825928,0.8500000238418579,0.85,0,Forward,29394,attack
242,PPO-TFC (seed=700),PPO-TFC,700,0,0.8201691508293152,0.8199999928474426,0.83,0,Forward,29434,benign
243,PPO-TFC (seed=700),PPO-TFC,700,1,0.8426319360733032,0.8399999737739563,0.85,0,Forward,29457,attack
244,PPO-TFC (seed=700),PPO-TFC,700,0,0.8261587023735046,0.8299999833106995,0.83,0,Forward,29590,benign
245,PPO-TFC (seed=700),PPO-TFC,700,0,0.8141408562660217,0.8100000023841858,0.82,0,Forward,29634,benign
246,PPO-TFC (seed=700),PPO-TFC,700,0,0.8041713237762451,0.800000011920929,0.81,0,Forward,29644,benign
247,PPO-TFC (seed=700),PPO-TFC,700,0,0.8383910655975342,0.8399999737739563,0.84,0,Forward,29713,benign
248,PPO-TFC (seed=700),PPO-TFC,700,1,0.9029292464256287,0.8999999761581421,0.9,0,Forward,29828,attack
0,PPO-TFC (seed=2024),PPO-TFC,2024,1,0.879833996295929,0.8799999952316284,0.88,0,Forward,34,attack
1,PPO-TFC (seed=2024),PPO-TFC,2024,0,0.8099673390388489,0.8100000023841858,0.81,0,Forward,163,benign
2,PPO-TFC (seed=2024),PPO-TFC,2024,0,0.8290244936943054,0.8299999833106995,0.82,0,Forward,359,benign
3,PPO-TFC (seed=2024),PPO-TFC,2024,1,0.8779748678207397,0.8799999952316284,0.87,0,Forward,543,attack
4,PPO-TFC (seed=2024),PPO-TFC,2024,1,0.8908616900444031,0.8899999856948853,0.89,0,Forward,788,attack
5,PPO-TFC (seed=2024),PPO-TFC,2024,0,0.8184310793876648,0.8199999928474426,0.83,0,Forward,1007,benign
6,PPO-TFC (seed=2024),PPO-TFC,2024,1,0.8630930185317993,0.8700000047683716,0.86,0,Forward,1077,attack
7,PPO-TFC (seed=2024),PPO-TFC,2024,0,0.7812010049819946,0.7799999713897705,0.78,0,Forward,1173,benign
8,PPO-TFC (seed=2024),PPO-TFC,2024,0,0.7988349199295044,0.800000011920929,0.8,0,Forward,1338,benign
9,PPO-TFC (seed=2024),PPO-TFC,2024,1,0.8783858418464661,0.8799999952316284,0.88,0,Forward,1589,attack
10,PPO-TFC (seed=2024),PPO-TFC,2024,1,0.9270837903022766,0.9300000071525574,0.93,0,Forward,1711,attack
11,PPO-TFC (seed=2024),PPO-TFC,2024,1,0.9204261302947998,0.9200000166893005,0.92,0,Forward,1755,attack
12,PPO-TFC (seed=2024),PPO-TFC,2024,1,0.8790686726570129,0.8799999952316284,0.88,0,Forward,1826,attack
13,PPO-TFC (seed=2024),PPO-TFC,2024,1,0.8598487377166748,0.8600000143051147,0.86,0,Forward,2303,attack
14,PPO-TFC (seed=2024),PPO-TFC,2024,1,0.8559197187423706,0.8500000238418579,0.87,0,Forward,2509,attack
15,PPO-TFC (seed=2024),PPO-TFC,2024,1,0.8448888659477234,0.8399999737739563,0.85,0,Forward,2579,attack
16,PPO-TFC (seed=2024),PPO-TFC,2024,1,0.8343343138694763,0.8299999833106995,0.85,0,Forward,2704,attack
17,PPO-TFC (seed=2024),PPO-TFC,2024,1,0.909209668636322,0.9100000262260437,0.91,0,Forward,2984,attack
18,PPO-TFC (seed=2024),PPO-TFC,2024,1,0.892710268497467,0.8899999856948853,0.89,0,Forward,3042,attack
19,PPO-TFC (seed=2024),PPO-TFC,2024,0,0.779188334941864,0.7799999713897705,0.78,0,Forward,3187,benign
20,PPO-TFC (seed=2024),PPO-TFC,2024,0,0.7874859571456909,0.7900000214576721,0.79,0,Forward,3200,benign
21,PPO-TFC (seed=2024),PPO-TFC,2024,1,0.8884751200675964,0.8899999856948853,0.88,0,Forward,3480,attack
22,PPO-TFC (seed=2024),PPO-TFC,2024,0,0.8297797441482544,0.8299999833106995,0.83,0,Forward,3603,benign
23,PPO-TFC (seed=2024),PPO-TFC,2024,1,0.8987791538238525,0.8999999761581421,0.9,0,Forward,4036,attack
24,PPO-TFC (seed=2024),PPO-TFC,2024,1,0.9100563526153564,0.9100000262260437,0.91,0,Forward,4096,attack
25,PPO-TFC (seed=2024),PPO-TFC,2024,0,0.7760412693023682,0.7799999713897705,0.78,0,Forward,4223,benign
26,PPO-TFC (seed=2024),PPO-TFC,2024,0,0.7967140674591064,0.7900000214576721,0.8,0,Forward,4492,benign
27,PPO-TFC (seed=2024),PPO-TFC,2024,0,0.773356556892395,0.7699999809265137,0.78,0,Forward,4724,benign
28,PPO-TFC (seed=2024),PPO-TFC,2024,1,0.9137651920318604,0.9100000262260437,0.92,0,Forward,4794,attack
29,PPO-TFC (seed=2024),PPO-TFC,2024,1,0.8725376129150391,0.8700000047683716,0.88,0,Forward,4856,attack
30,PPO-TFC (seed=2024),PPO-TFC,2024,1,0.8711929321289062,0.8700000047683716,0.88,0,Forward,4879,attack
31,PPO-TFC (seed=2024),PPO-TFC,2024,1,0.8682050108909607,0.8700000047683716,0.87,0,Forward,5004,attack
32,PPO-TFC (seed=2024),PPO-TFC,2024,1,0.8684120178222656,0.8700000047683716,0.87,0,Forward,5015,attack
33,PPO-TFC (seed=2024),PPO-TFC,2024,1,0.9081689715385437,0.9100000262260437,0.91,0,Forward,5100,attack
34,PPO-TFC (seed=2024),PPO-TFC,2024,1,0.8976726531982422,0.8999999761581421,0.9,0,Forward,5137,attack
35,PPO-TFC (seed=2024),PPO-TFC,2024,0,0.8373674154281616,0.8399999737739563,0.83,0,Forward,5188,benign
36,PPO-TFC (seed=2024),PPO-TFC,2024,1,0.862047553062439,0.8600000143051147,0.86,0,Forward,5222,attack
37,PPO-TFC (seed=2024),PPO-TFC,2024,1,0.8858568668365479,0.8799999952316284,0.89,0,Forward,5375,attack
38,PPO-TFC (seed=2024),PPO-TFC,2024,1,0.8564433455467224,0.8500000238418579,0.86,0,Forward,5529,attack
39,PPO-TFC (seed=2024),PPO-TFC,2024,0,0.8269306421279907,0.8199999928474426,0.83,0,Forward,5615,benign
40,PPO-TFC (seed=2024),PPO-TFC,2024,0,0.813768208026886,0.8100000023841858,0.8,0,Forward,5691,benign
41,PPO-TFC (seed=2024),PPO-TFC,2024,0,0.8197215795516968,0.8100000023841858,0.81,0,Forward,5747,benign
42,PPO-TFC (seed=2024),PPO-TFC,2024,0,0.8220182061195374,0.8100000023841858,0.81,0,Forward,5774,benign
43,PPO-TFC (seed=2024),PPO-TFC,2024,1,0.8663164377212524,0.8600000143051147,0.86,0,Forward,5933,attack
44,PPO-TFC (seed=2024),PPO-TFC,2024,0,0.849316418170929,0.8399999737739563,0.84,0,Forward,5966,benign
45,PPO-TFC (seed=2024),PPO-TFC,2024,0,0.8093292713165283,0.800000011920929,0.8,0,Forward,6009,benign
46,PPO-TFC (seed=2024),PPO-TFC,2024,0,0.8414927124977112,0.8399999737739563,0.83,0,Forward,6047,benign
47,PPO-TFC (seed=2024),PPO-TFC,2024,0,0.7934058308601379,0.7900000214576721,0.79,0,Forward,6156,benign
48,PPO-TFC (seed=2024),PPO-TFC,2024,0,0.7934057116508484,0.7900000214576721,0.79,0,Forward,6158,benign
49,PPO-TFC (seed=2024),PPO-TFC,2024,0,0.8012173175811768,0.800000011920929,0.8,0,Forward,6161,benign
50,PPO-TFC (seed=2024),PPO-TFC,2024,1,0.8523243069648743,0.8500000238418579,0.85,0,Forward,6544,attack
51,PPO-TFC (seed=2024),PPO-TFC,2024,1,0.8538548350334167,0.8500000238418579,0.85,0,Forward,6691,attack
52,PPO-TFC (seed=2024),PPO-TFC,2024,0,0.8254052996635437,0.8299999833106995,0.83,0,Forward,7158,benign
53,PPO-TFC (seed=2024),PPO-TFC,2024,0,0.7887188196182251,0.7900000214576721,0.79,0,Forward,7298,benign
54,PPO-TFC (seed=2024),PPO-TFC,2024,1,0.8693459033966064,0.8700000047683716,0.87,0,Forward,7805,attack
55,PPO-TFC (seed=2024),PPO-TFC,2024,0,0.8328465819358826,0.8299999833106995,0.83,0,Forward,7938,benign
56,PPO-TFC (seed=2024),PPO-TFC,2024,1,0.8672149181365967,0.8700000047683716,0.87,0,Forward,8112,attack
57,PPO-TFC (seed=2024),PPO-TFC,2024,1,0.8870208859443665,0.8899999856948853,0.89,0,Forward,8169,attack
58,PPO-TFC (seed=2024),PPO-TFC,2024,1,0.8547448515892029,0.8600000143051147,0.86,0,Forward,8187,attack
59,PPO-TFC (seed=2024),PPO-TFC,2024,1,0.8655512928962708,0.8700000047683716,0.87,0,Forward,8323,attack
60,PPO-TFC (seed=2024),PPO-TFC,2024,0,0.7602249383926392,0.7599999904632568,0.76,0,Forward,8570,benign
61,PPO-TFC (seed=2024),PPO-TFC,2024,0,0.7500377893447876,0.75,0.75,0,Forward,8585,benign
62,PPO-TFC (seed=2024),PPO-TFC,2024,0,0.7400667071342468,0.7400000095367432,0.74,0,Forward,8593,benign
63,PPO-TFC (seed=2024),PPO-TFC,2024,1,0.8890588283538818,0.8899999856948853,0.88,0,Forward,8699,attack
64,PPO-TFC (seed=2024),PPO-TFC,2024,1,0.8890588879585266,0.8899999856948853,0.88,0,Forward,8700,attack
65,PPO-TFC (seed=2024),PPO-TFC,2024,0,0.8400719165802002,0.8399999737739563,0.84,0,Forward,8758,benign
66,PPO-TFC (seed=2024),PPO-TFC,2024,0,0.800307035446167,0.7900000214576721,0.79,0,Forward,8963,benign
67,PPO-TFC (seed=2024),PPO-TFC,2024,0,0.8101561069488525,0.8100000023841858,0.81,0,Forward,9413,benign
68,PPO-TFC (seed=2024),PPO-TFC,2024,1,0.8594833612442017,0.8600000143051147,0.86,0,Forward,9754,attack
69,PPO-TFC (seed=2024),PPO-TFC,2024,0,0.8076704144477844,0.8100000023841858,0.81,0,Forward,9871,benign
70,PPO-TFC (seed=2024),PPO-TFC,2024,0,0.7902960777282715,0.7900000214576721,0.79,0,Forward,9907,benign
71,PPO-TFC (seed=2024),PPO-TFC,2024,1,0.9019876718521118,0.8999999761581421,0.9,0,Forward,10288,attack
72,PPO-TFC (seed=2024),PPO-TFC,2024,1,0.8918544054031372,0.8899999856948853,0.89,0,Forward,10301,attack
73,PPO-TFC (seed=2024),PPO-TFC,2024,1,0.8455605506896973,0.8500000238418579,0.85,0,Forward,10545,attack
74,PPO-TFC (seed=2024),PPO-TFC,2024,0,0.8055262565612793,0.800000011920929,0.79,0,Forward,10720,benign
75,PPO-TFC (seed=2024),PPO-TFC,2024,1,0.8840524554252625,0.8700000047683716,0.88,0,Forward,10844,attack
76,PPO-TFC (seed=2024),PPO-TFC,2024,1,0.8640789985656738,0.8500000238418579,0.86,0,Forward,10855,attack
77,PPO-TFC (seed=2024),PPO-TFC,2024,0,0.7940945625305176,0.7799999713897705,0.79,0,Forward,10888,benign
78,PPO-TFC (seed=2024),PPO-TFC,2024,0,0.7955327033996582,0.7900000214576721,0.8,0,Forward,10926,benign
79,PPO-TFC (seed=2024),PPO-TFC,2024,0,0.8359295725822449,0.8299999833106995,0.84,0,Forward,11013,benign
80,PPO-TFC (seed=2024),PPO-TFC,2024,0,0.8027329444885254,0.7900000214576721,0.79,0,Forward,11177,benign
81,PPO-TFC (seed=2024),PPO-TFC,2024,0,0.8449897170066833,0.8399999737739563,0.84,0,Forward,11275,benign
82,PPO-TFC (seed=2024),PPO-TFC,2024,0,0.8350366950035095,0.8299999833106995,0.83,0,Forward,11301,benign
83,PPO-TFC (seed=2024),PPO-TFC,2024,0,0.8350360989570618,0.8299999833106995,0.83,0,Forward,11302,benign
84,PPO-TFC (seed=2024),PPO-TFC,2024,0,0.81482994556427,0.8100000023841858,0.81,0,Forward,11352,benign
85,PPO-TFC (seed=2024),PPO-TFC,2024,1,0.8718368411064148,0.8700000047683716,0.87,0,Forward,11464,attack
86,PPO-TFC (seed=2024),PPO-TFC,2024,1,0.8501495122909546,0.8500000238418579,0.86,0,Forward,11772,attack
87,PPO-TFC (seed=2024),PPO-TFC,2024,0,0.8084815144538879,0.800000011920929,0.81,0,Forward,11813,benign
88,PPO-TFC (seed=2024),PPO-TFC,2024,0,0.8098862171173096,0.8100000023841858,0.81,0,Forward,11881,benign
89,PPO-TFC (seed=2024),PPO-TFC,2024,1,0.8678771257400513,0.8700000047683716,0.86,0,Forward,12061,attack
90,PPO-TFC (seed=2024),PPO-TFC,2024,0,0.8481305837631226,0.8500000238418579,0.84,0,Forward,12088,benign
91,PPO-TFC (seed=2024),PPO-TFC,2024,1,0.858406126499176,0.8600000143051147,0.85,0,Forward,12109,attack
92,PPO-TFC (seed=2024),PPO-TFC,2024,1,0.8504123091697693,0.8500000238418579,0.85,0,Forward,12137,attack
93,PPO-TFC (seed=2024),PPO-TFC,2024,0,0.8224881887435913,0.8199999928474426,0.82,0,Forward,12176,benign
94,PPO-TFC (seed=2024),PPO-TFC,2024,0,0.8422060608863831,0.8399999737739563,0.84,0,Forward,12187,benign
95,PPO-TFC (seed=2024),PPO-TFC,2024,0,0.8399506211280823,0.8399999737739563,0.84,0,Forward,12297,benign
96,PPO-TFC (seed=2024),PPO-TFC,2024,1,0.8687772154808044,0.8700000047683716,0.87,0,Forward,12464,attack
97,PPO-TFC (seed=2024),PPO-TFC,2024,1,0.8521358966827393,0.8500000238418579,0.85,0,Forward,12715,attack
98,PPO-TFC (seed=2024),PPO-TFC,2024,1,0.8409515619277954,0.8399999737739563,0.85,0,Forward,12891,attack
99,PPO-TFC (seed=2024),PPO-TFC,2024,1,0.8435349464416504,0.8399999737739563,0.85,0,Forward,12963,attack
100,PPO-TFC (seed=2024),PPO-TFC,2024,0,0.8321276307106018,0.8299999833106995,0.83,0,Forward,13036,benign
101,PPO-TFC (seed=2024),PPO-TFC,2024,0,0.8130981922149658,0.8100000023841858,0.81,0,Forward,13047,benign
102,PPO-TFC (seed=2024),PPO-TFC,2024,0,0.8230418562889099,0.8199999928474426,0.82,0,Forward,13058,benign
103,PPO-TFC (seed=2024),PPO-TFC,2024,1,0.8648033142089844,0.8600000143051147,0.86,0,Forward,13189,attack
104,PPO-TFC (seed=2024),PPO-TFC,2024,1,0.8940011858940125,0.8899999856948853,0.89,0,Forward,13220,attack
105,PPO-TFC (seed=2024),PPO-TFC,2024,1,0.8817206621170044,0.8799999952316284,0.89,0,Forward,13229,attack
106,PPO-TFC (seed=2024),PPO-TFC,2024,0,0.789798378944397,0.7900000214576721,0.79,0,Forward,13418,benign
107,PPO-TFC (seed=2024),PPO-TFC,2024,0,0.799791693687439,0.800000011920929,0.8,0,Forward,13422,benign
108,PPO-TFC (seed=2024),PPO-TFC,2024,1,0.8395397067070007,0.8399999737739563,0.85,0,Forward,13790,attack
109,PPO-TFC (seed=2024),PPO-TFC,2024,0,0.8311482071876526,0.8299999833106995,0.84,0,Forward,13821,benign
110,PPO-TFC (seed=2024),PPO-TFC,2024,1,0.8897304534912109,0.8899999856948853,0.89,0,Forward,13896,attack
111,PPO-TFC (seed=2024),PPO-TFC,2024,1,0.8981784582138062,0.8999999761581421,0.9,0,Forward,13941,attack
112,PPO-TFC (seed=2024),PPO-TFC,2024,0,0.8418792486190796,0.8500000238418579,0.84,0,Forward,14060,benign
113,PPO-TFC (seed=2024),PPO-TFC,2024,0,0.8191235065460205,0.8100000023841858,0.8,0,Forward,14233,benign
114,PPO-TFC (seed=2024),PPO-TFC,2024,1,0.8727867007255554,0.8700000047683716,0.88,0,Forward,14309,attack
115,PPO-TFC (seed=2024),PPO-TFC,2024,1,0.859923243522644,0.8600000143051147,0.86,0,Forward,15051,attack
116,PPO-TFC (seed=2024),PPO-TFC,2024,1,0.8823280930519104,0.8799999952316284,0.88,0,Forward,15187,attack
117,PPO-TFC (seed=2024),PPO-TFC,2024,0,0.8324939608573914,0.8299999833106995,0.83,0,Forward,15211,benign
118,PPO-TFC (seed=2024),PPO-TFC,2024,1,0.8637133836746216,0.8600000143051147,0.86,0,Forward,15308,attack
119,PPO-TFC (seed=2024),PPO-TFC,2024,0,0.8160220384597778,0.8100000023841858,0.82,0,Forward,15325,benign
120,PPO-TFC (seed=2024),PPO-TFC,2024,0,0.754787802696228,0.75,0.76,0,Forward,15412,benign
121,PPO-TFC (seed=2024),PPO-TFC,2024,1,0.851523756980896,0.8500000238418579,0.85,0,Forward,15587,attack
122,PPO-TFC (seed=2024),PPO-TFC,2024,1,0.8701123595237732,0.8700000047683716,0.87,0,Forward,15646,attack
123,PPO-TFC (seed=2024),PPO-TFC,2024,1,0.8801069855690002,0.8799999952316284,0.88,0,Forward,15647,attack
124,PPO-TFC (seed=2024),PPO-TFC,2024,1,0.9189636707305908,0.9200000166893005,0.91,0,Forward,15731,attack
125,PPO-TFC (seed=2024),PPO-TFC,2024,0,0.8464939594268799,0.8500000238418579,0.84,0,Forward,16024,benign
126,PPO-TFC (seed=2024),PPO-TFC,2024,1,0.8612254858016968,0.8600000143051147,0.87,0,Forward,16469,attack
127,PPO-TFC (seed=2024),PPO-TFC,2024,1,0.8597354292869568,0.8600000143051147,0.87,0,Forward,16492,attack
128,PPO-TFC (seed=2024),PPO-TFC,2024,1,0.8625316619873047,0.8600000143051147,0.86,0,Forward,16621,attack
129,PPO-TFC (seed=2024),PPO-TFC,2024,1,0.8625324964523315,0.8600000143051147,0.86,0,Forward,16622,attack
130,PPO-TFC (seed=2024),PPO-TFC,2024,0,0.8334140777587891,0.8299999833106995,0.84,6,Isolate,16712,benign
131,PPO-TFC (seed=2024),PPO-TFC,2024,1,0.8998856544494629,0.8999999761581421,0.9,0,Forward,16856,attack
132,PPO-TFC (seed=2024),PPO-TFC,2024,1,0.8994457721710205,0.8999999761581421,0.9,0,Forward,16929,attack
133,PPO-TFC (seed=2024),PPO-TFC,2024,1,0.8741875290870667,0.8700000047683716,0.88,0,Forward,17031,attack
134,PPO-TFC (seed=2024),PPO-TFC,2024,0,0.8287768363952637,0.8199999928474426,0.84,0,Forward,17229,benign
135,PPO-TFC (seed=2024),PPO-TFC,2024,0,0.8439942002296448,0.8399999737739563,0.84,0,Forward,17474,benign
136,PPO-TFC (seed=2024),PPO-TFC,2024,0,0.8278783559799194,0.8199999928474426,0.82,0,Forward,17678,benign
137,PPO-TFC (seed=2024),PPO-TFC,2024,0,0.8066718578338623,0.800000011920929,0.8,0,Forward,17719,benign
138,PPO-TFC (seed=2024),PPO-TFC,2024,0,0.8577614426612854,0.8500000238418579,0.84,0,Forward,18102,benign
139,PPO-TFC (seed=2024),PPO-TFC,2024,1,0.8832355737686157,0.8799999952316284,0.87,0,Forward,18120,attack
140,PPO-TFC (seed=2024),PPO-TFC,2024,1,0.8787582516670227,0.8799999952316284,0.88,0,Forward,18188,attack
141,PPO-TFC (seed=2024),PPO-TFC,2024,1,0.9003291130065918,0.8999999761581421,0.9,0,Forward,18373,attack
142,PPO-TFC (seed=2024),PPO-TFC,2024,0,0.8293827176094055,0.8299999833106995,0.83,0,Forward,18429,benign
143,PPO-TFC (seed=2024),PPO-TFC,2024,0,0.8019344806671143,0.800000011920929,0.8,0,Forward,18605,benign
144,PPO-TFC (seed=2024),PPO-TFC,2024,0,0.7719220519065857,0.7699999809265137,0.77,0,Forward,18629,benign
145,PPO-TFC (seed=2024),PPO-TFC,2024,1,0.8580705523490906,0.8600000143051147,0.86,0,Forward,19034,attack
146,PPO-TFC (seed=2024),PPO-TFC,2024,1,0.8591589331626892,0.8600000143051147,0.86,0,Forward,19261,attack
147,PPO-TFC (seed=2024),PPO-TFC,2024,0,0.8198917508125305,0.8199999928474426,0.82,0,Forward,19568,benign
148,PPO-TFC (seed=2024),PPO-TFC,2024,0,0.8346434831619263,0.8299999833106995,0.84,0,Forward,19606,benign
149,PPO-TFC (seed=2024),PPO-TFC,2024,0,0.6925909519195557,0.6899999976158142,0.69,0,Forward,19803,benign
150,PPO-TFC (seed=2024),PPO-TFC,2024,1,0.8533068895339966,0.8500000238418579,0.85,0,Forward,19973,attack
151,PPO-TFC (seed=2024),PPO-TFC,2024,1,0.9491422176361084,0.949999988079071,0.95,0,Forward,20134,attack
152,PPO-TFC (seed=2024),PPO-TFC,2024,1,0.8576992154121399,0.8600000143051147,0.86,0,Forward,20261,attack
153,PPO-TFC (seed=2024),PPO-TFC,2024,0,0.837689220905304,0.8399999737739563,0.84,0,Forward,20271,benign
154,PPO-TFC (seed=2024),PPO-TFC,2024,1,0.8698458075523376,0.8700000047683716,0.87,0,Forward,20328,attack
155,PPO-TFC (seed=2024),PPO-TFC,2024,1,0.8497189879417419,0.8500000238418579,0.85,0,Forward,20578,attack
156,PPO-TFC (seed=2024),PPO-TFC,2024,1,0.8485469818115234,0.8500000238418579,0.85,0,Forward,20712,attack
157,PPO-TFC (seed=2024),PPO-TFC,2024,1,0.8510622978210449,0.8500000238418579,0.86,0,Forward,20838,attack
158,PPO-TFC (seed=2024),PPO-TFC,2024,0,0.8205698132514954,0.8199999928474426,0.82,0,Forward,20916,benign
159,PPO-TFC (seed=2024),PPO-TFC,2024,0,0.7999889254570007,0.800000011920929,0.8,0,Forward,21203,benign
160,PPO-TFC (seed=2024),PPO-TFC,2024,0,0.7922539710998535,0.7900000214576721,0.8,0,Forward,21295,benign
161,PPO-TFC (seed=2024),PPO-TFC,2024,0,0.7913861870765686,0.7900000214576721,0.8,0,Forward,21299,benign
162,PPO-TFC (seed=2024),PPO-TFC,2024,0,0.830646812915802,0.8299999833106995,0.84,0,Forward,21508,benign
163,PPO-TFC (seed=2024),PPO-TFC,2024,1,0.8479499816894531,0.8500000238418579,0.85,0,Forward,21600,attack
164,PPO-TFC (seed=2024),PPO-TFC,2024,0,0.8187517523765564,0.8199999928474426,0.81,0,Forward,21733,benign
165,PPO-TFC (seed=2024),PPO-TFC,2024,0,0.7671636343002319,0.7599999904632568,0.76,0,Forward,21806,benign
166,PPO-TFC (seed=2024),PPO-TFC,2024,1,0.8541373610496521,0.8399999737739563,0.86,0,Forward,21948,attack
167,PPO-TFC (seed=2024),PPO-TFC,2024,1,0.876903235912323,0.8700000047683716,0.87,0,Forward,22082,attack
168,PPO-TFC (seed=2024),PPO-TFC,2024,1,0.9052704572677612,0.8999999761581421,0.9,0,Forward,22110,attack
169,PPO-TFC (seed=2024),PPO-TFC,2024,0,0.8391054272651672,0.8399999737739563,0.83,0,Forward,22171,benign
170,PPO-TFC (seed=2024),PPO-TFC,2024,1,0.8498303294181824,0.8500000238418579,0.85,0,Forward,22284,attack
171,PPO-TFC (seed=2024),PPO-TFC,2024,1,0.8491634130477905,0.8500000238418579,0.85,0,Forward,22317,attack
172,PPO-TFC (seed=2024),PPO-TFC,2024,1,0.8691211938858032,0.8700000047683716,0.87,0,Forward,22329,attack
173,PPO-TFC (seed=2024),PPO-TFC,2024,1,0.8876321911811829,0.8899999856948853,0.89,0,Forward,22468,attack
174,PPO-TFC (seed=2024),PPO-TFC,2024,1,0.8775237202644348,0.8799999952316284,0.88,0,Forward,22501,attack
175,PPO-TFC (seed=2024),PPO-TFC,2024,0,0.8302080035209656,0.8299999833106995,0.83,0,Forward,22708,benign
176,PPO-TFC (seed=2024),PPO-TFC,2024,1,0.8703062534332275,0.8700000047683716,0.87,0,Forward,22853,attack
177,PPO-TFC (seed=2024),PPO-TFC,2024,0,0.8237143158912659,0.8199999928474426,0.82,0,Forward,22944,benign
178,PPO-TFC (seed=2024),PPO-TFC,2024,1,0.8696657419204712,0.8600000143051147,0.86,0,Forward,23025,attack
179,PPO-TFC (seed=2024),PPO-TFC,2024,1,0.8847257494926453,0.8799999952316284,0.88,0,Forward,23094,attack
180,PPO-TFC (seed=2024),PPO-TFC,2024,1,0.8747749924659729,0.8700000047683716,0.87,0,Forward,23112,attack
181,PPO-TFC (seed=2024),PPO-TFC,2024,0,0.8125288486480713,0.8100000023841858,0.81,0,Forward,23209,benign
182,PPO-TFC (seed=2024),PPO-TFC,2024,0,0.8284656405448914,0.8299999833106995,0.83,0,Forward,23431,benign
183,PPO-TFC (seed=2024),PPO-TFC,2024,1,0.8589532971382141,0.8600000143051147,0.86,0,Forward,23733,attack
184,PPO-TFC (seed=2024),PPO-TFC,2024,1,0.8488499522209167,0.8500000238418579,0.85,0,Forward,23759,attack
185,PPO-TFC (seed=2024),PPO-TFC,2024,0,0.8388105034828186,0.8399999737739563,0.84,0,Forward,23778,benign
186,PPO-TFC (seed=2024),PPO-TFC,2024,0,0.8340607285499573,0.8299999833106995,0.83,0,Forward,23811,benign
187,PPO-TFC (seed=2024),PPO-TFC,2024,0,0.8036412000656128,0.800000011920929,0.8,0,Forward,24133,benign
188,PPO-TFC (seed=2024),PPO-TFC,2024,0,0.7837530374526978,0.7799999713897705,0.78,0,Forward,24191,benign
189,PPO-TFC (seed=2024),PPO-TFC,2024,0,0.7800889611244202,0.7799999713897705,0.78,0,Forward,24211,benign
190,PPO-TFC (seed=2024),PPO-TFC,2024,1,0.8676241040229797,0.8600000143051147,0.87,0,Forward,24373,attack
191,PPO-TFC (seed=2024),PPO-TFC,2024,0,0.8401661515235901,0.8399999737739563,0.84,0,Forward,24560,benign
192,PPO-TFC (seed=2024),PPO-TFC,2024,1,0.8799384832382202,0.8799999952316284,0.88,0,Forward,24613,attack
193,PPO-TFC (seed=2024),PPO-TFC,2024,1,0.889945924282074,0.8899999856948853,0.89,0,Forward,24618,attack
194,PPO-TFC (seed=2024),PPO-TFC,2024,1,0.8958290219306946,0.8899999856948853,0.91,0,Forward,24726,attack
195,PPO-TFC (seed=2024),PPO-TFC,2024,1,0.8804629445075989,0.8799999952316284,0.88,0,Forward,24772,attack
196,PPO-TFC (seed=2024),PPO-TFC,2024,0,0.843108594417572,0.8399999737739563,0.84,0,Forward,24837,benign
197,PPO-TFC (seed=2024),PPO-TFC,2024,0,0.8299122452735901,0.8299999833106995,0.83,0,Forward,24967,benign
198,PPO-TFC (seed=2024),PPO-TFC,2024,0,0.8168489336967468,0.8199999928474426,0.82,0,Forward,24996,benign
199,PPO-TFC (seed=2024),PPO-TFC,2024,0,0.7699838280677795,0.7599999904632568,0.77,0,Forward,25212,benign
200,PPO-TFC (seed=2024),PPO-TFC,2024,1,0.8604229688644409,0.8600000143051147,0.86,0,Forward,25323,attack
201,PPO-TFC (seed=2024),PPO-TFC,2024,1,0.8699449300765991,0.8700000047683716,0.87,0,Forward,25341,attack
202,PPO-TFC (seed=2024),PPO-TFC,2024,0,0.7626132369041443,0.7599999904632568,0.76,0,Forward,25525,benign
203,PPO-TFC (seed=2024),PPO-TFC,2024,0,0.7826955914497375,0.7799999713897705,0.78,0,Forward,25624,benign
204,PPO-TFC (seed=2024),PPO-TFC,2024,1,0.8601194024085999,0.8600000143051147,0.86,0,Forward,25753,attack
205,PPO-TFC (seed=2024),PPO-TFC,2024,1,0.8498777151107788,0.8500000238418579,0.85,0,Forward,25855,attack
206,PPO-TFC (seed=2024),PPO-TFC,2024,1,0.8552750945091248,0.8600000143051147,0.85,0,Forward,25924,attack
207,PPO-TFC (seed=2024),PPO-TFC,2024,1,0.8599913120269775,0.8600000143051147,0.86,0,Forward,26023,attack
208,PPO-TFC (seed=2024),PPO-TFC,2024,0,0.8406216502189636,0.8399999737739563,0.84,6,Isolate,26138,benign
209,PPO-TFC (seed=2024),PPO-TFC,2024,0,0.8106439113616943,0.8100000023841858,0.81,0,Forward,26215,benign
210,PPO-TFC (seed=2024),PPO-TFC,2024,1,0.8734425902366638,0.8700000047683716,0.88,0,Forward,26320,attack
211,PPO-TFC (seed=2024),PPO-TFC,2024,1,0.8734425902366638,0.8700000047683716,0.88,0,Forward,26321,attack
212,PPO-TFC (seed=2024),PPO-TFC,2024,0,0.8274185657501221,0.8199999928474426,0.82,0,Forward,26485,benign
213,PPO-TFC (seed=2024),PPO-TFC,2024,0,0.7977456450462341,0.7900000214576721,0.8,0,Forward,26629,benign
214,PPO-TFC (seed=2024),PPO-TFC,2024,0,0.7860429883003235,0.7799999713897705,0.79,0,Forward,26652,benign
215,PPO-TFC (seed=2024),PPO-TFC,2024,0,0.8211085796356201,0.8199999928474426,0.82,0,Forward,27007,benign
216,PPO-TFC (seed=2024),PPO-TFC,2024,0,0.8113611340522766,0.8100000023841858,0.81,0,Forward,27027,benign
217,PPO-TFC (seed=2024),PPO-TFC,2024,0,0.8113600015640259,0.8100000023841858,0.81,0,Forward,27028,benign
218,PPO-TFC (seed=2024),PPO-TFC,2024,1,0.8569684028625488,0.8500000238418579,0.86,0,Forward,27099,attack
219,PPO-TFC (seed=2024),PPO-TFC,2024,1,0.8499709963798523,0.8500000238418579,0.85,0,Forward,27290,attack
220,PPO-TFC (seed=2024),PPO-TFC,2024,0,0.8199859857559204,0.8199999928474426,0.82,0,Forward,27385,benign
221,PPO-TFC (seed=2024),PPO-TFC,2024,0,0.8246893286705017,0.8199999928474426,0.82,0,Forward,27475,benign
222,PPO-TFC (seed=2024),PPO-TFC,2024,1,0.8756607174873352,0.8799999952316284,0.88,0,Forward,27647,attack
223,PPO-TFC (seed=2024),PPO-TFC,2024,1,0.8587411642074585,0.8600000143051147,0.86,0,Forward,27708,attack
224,PPO-TFC (seed=2024),PPO-TFC,2024,0,0.8176383972167969,0.8199999928474426,0.81,0,Forward,27800,benign
225,PPO-TFC (seed=2024),PPO-TFC,2024,0,0.8300334215164185,0.8299999833106995,0.82,0,Forward,27874,benign
226,PPO-TFC (seed=2024),PPO-TFC,2024,1,0.8468767404556274,0.8399999737739563,0.85,0,Forward,28068,attack
227,PPO-TFC (seed=2024),PPO-TFC,2024,0,0.8368855118751526,0.8299999833106995,0.84,0,Forward,28073,benign
228,PPO-TFC (seed=2024),PPO-TFC,2024,1,0.879469096660614,0.8799999952316284,0.87,0,Forward,28281,attack
229,PPO-TFC (seed=2024),PPO-TFC,2024,0,0.8395709991455078,0.8399999737739563,0.83,0,Forward,28318,benign
230,PPO-TFC (seed=2024),PPO-TFC,2024,0,0.8398676514625549,0.8399999737739563,0.84,0,Forward,28618,benign
231,PPO-TFC (seed=2024),PPO-TFC,2024,0,0.824093222618103,0.8199999928474426,0.83,0,Forward,28794,benign
232,PPO-TFC (seed=2024),PPO-TFC,2024,0,0.8240866661071777,0.8199999928474426,0.83,0,Forward,28804,benign
233,PPO-TFC (seed=2024),PPO-TFC,2024,1,0.8526306748390198,0.8500000238418579,0.85,0,Forward,28906,attack
234,PPO-TFC (seed=2024),PPO-TFC,2024,1,0.8526313900947571,0.8500000238418579,0.85,0,Forward,28907,attack
235,PPO-TFC (seed=2024),PPO-TFC,2024,1,0.8500974178314209,0.8500000238418579,0.85,0,Forward,29018,attack
236,PPO-TFC (seed=2024),PPO-TFC,2024,0,0.8424707651138306,0.8399999737739563,0.84,0,Forward,29042,benign
237,PPO-TFC (seed=2024),PPO-TFC,2024,0,0.8119410872459412,0.8100000023841858,0.81,0,Forward,29145,benign
238,PPO-TFC (seed=2024),PPO-TFC,2024,0,0.8217334747314453,0.8199999928474426,0.82,0,Forward,29234,benign
239,PPO-TFC (seed=2024),PPO-TFC,2024,0,0.8317458629608154,0.8299999833106995,0.83,0,Forward,29238,benign
240,PPO-TFC (seed=2024),PPO-TFC,2024,0,0.8088564872741699,0.8100000023841858,0.81,0,Forward,29334,benign
241,PPO-TFC (seed=2024),PPO-TFC,2024,1,0.8475148677825928,0.8500000238418579,0.85,0,Forward,29394,attack
242,PPO-TFC (seed=2024),PPO-TFC,2024,0,0.8201691508293152,0.8199999928474426,0.83,0,Forward,29434,benign
243,PPO-TFC (seed=2024),PPO-TFC,2024,1,0.8426319360733032,0.8399999737739563,0.85,0,Forward,29457,attack
244,PPO-TFC (seed=2024),PPO-TFC,2024,0,0.8261587023735046,0.8299999833106995,0.83,0,Forward,29590,benign
245,PPO-TFC (seed=2024),PPO-TFC,2024,0,0.8141408562660217,0.8100000023841858,0.82,0,Forward,29634,benign
246,PPO-TFC (seed=2024),PPO-TFC,2024,0,0.8041713237762451,0.800000011920929,0.81,0,Forward,29644,benign
247,PPO-TFC (seed=2024),PPO-TFC,2024,0,0.8383910655975342,0.8399999737739563,0.84,0,Forward,29713,benign
248,PPO-TFC (seed=2024),PPO-TFC,2024,1,0.9029292464256287,0.8999999761581421,0.9,0,Forward,29828,attack
0,PPO-TFC (seed=2025),PPO-TFC,2025,1,0.879833996295929,0.8799999952316284,0.88,0,Forward,34,attack
1,PPO-TFC (seed=2025),PPO-TFC,2025,0,0.8099673390388489,0.8100000023841858,0.81,0,Forward,163,benign
2,PPO-TFC (seed=2025),PPO-TFC,2025,0,0.8290244936943054,0.8299999833106995,0.82,0,Forward,359,benign
3,PPO-TFC (seed=2025),PPO-TFC,2025,1,0.8779748678207397,0.8799999952316284,0.87,0,Forward,543,attack
4,PPO-TFC (seed=2025),PPO-TFC,2025,1,0.8908616900444031,0.8899999856948853,0.89,0,Forward,788,attack
5,PPO-TFC (seed=2025),PPO-TFC,2025,0,0.8184310793876648,0.8199999928474426,0.83,0,Forward,1007,benign
6,PPO-TFC (seed=2025),PPO-TFC,2025,1,0.8630930185317993,0.8700000047683716,0.86,0,Forward,1077,attack
7,PPO-TFC (seed=2025),PPO-TFC,2025,0,0.7812010049819946,0.7799999713897705,0.78,0,Forward,1173,benign
8,PPO-TFC (seed=2025),PPO-TFC,2025,0,0.7988349199295044,0.800000011920929,0.8,0,Forward,1338,benign
9,PPO-TFC (seed=2025),PPO-TFC,2025,1,0.8783858418464661,0.8799999952316284,0.88,0,Forward,1589,attack
10,PPO-TFC (seed=2025),PPO-TFC,2025,1,0.9270837903022766,0.9300000071525574,0.93,0,Forward,1711,attack
11,PPO-TFC (seed=2025),PPO-TFC,2025,1,0.9204261302947998,0.9200000166893005,0.92,0,Forward,1755,attack
12,PPO-TFC (seed=2025),PPO-TFC,2025,1,0.8790686726570129,0.8799999952316284,0.88,0,Forward,1826,attack
13,PPO-TFC (seed=2025),PPO-TFC,2025,1,0.8598487377166748,0.8600000143051147,0.86,0,Forward,2303,attack
14,PPO-TFC (seed=2025),PPO-TFC,2025,1,0.8559197187423706,0.8500000238418579,0.87,0,Forward,2509,attack
15,PPO-TFC (seed=2025),PPO-TFC,2025,1,0.8448888659477234,0.8399999737739563,0.85,0,Forward,2579,attack
16,PPO-TFC (seed=2025),PPO-TFC,2025,1,0.8343343138694763,0.8299999833106995,0.85,0,Forward,2704,attack
17,PPO-TFC (seed=2025),PPO-TFC,2025,1,0.909209668636322,0.9100000262260437,0.91,0,Forward,2984,attack
18,PPO-TFC (seed=2025),PPO-TFC,2025,1,0.892710268497467,0.8899999856948853,0.89,0,Forward,3042,attack
19,PPO-TFC (seed=2025),PPO-TFC,2025,0,0.779188334941864,0.7799999713897705,0.78,0,Forward,3187,benign
20,PPO-TFC (seed=2025),PPO-TFC,2025,0,0.7874859571456909,0.7900000214576721,0.79,0,Forward,3200,benign
21,PPO-TFC (seed=2025),PPO-TFC,2025,1,0.8884751200675964,0.8899999856948853,0.88,0,Forward,3480,attack
22,PPO-TFC (seed=2025),PPO-TFC,2025,0,0.8297797441482544,0.8299999833106995,0.83,0,Forward,3603,benign
23,PPO-TFC (seed=2025),PPO-TFC,2025,1,0.8987791538238525,0.8999999761581421,0.9,0,Forward,4036,attack
24,PPO-TFC (seed=2025),PPO-TFC,2025,1,0.9100563526153564,0.9100000262260437,0.91,0,Forward,4096,attack
25,PPO-TFC (seed=2025),PPO-TFC,2025,0,0.7760412693023682,0.7799999713897705,0.78,0,Forward,4223,benign
26,PPO-TFC (seed=2025),PPO-TFC,2025,0,0.7967140674591064,0.7900000214576721,0.8,0,Forward,4492,benign
27,PPO-TFC (seed=2025),PPO-TFC,2025,0,0.773356556892395,0.7699999809265137,0.78,0,Forward,4724,benign
28,PPO-TFC (seed=2025),PPO-TFC,2025,1,0.9137651920318604,0.9100000262260437,0.92,0,Forward,4794,attack
29,PPO-TFC (seed=2025),PPO-TFC,2025,1,0.8725376129150391,0.8700000047683716,0.88,0,Forward,4856,attack
30,PPO-TFC (seed=2025),PPO-TFC,2025,1,0.8711929321289062,0.8700000047683716,0.88,0,Forward,4879,attack
31,PPO-TFC (seed=2025),PPO-TFC,2025,1,0.8682050108909607,0.8700000047683716,0.87,0,Forward,5004,attack
32,PPO-TFC (seed=2025),PPO-TFC,2025,1,0.8684120178222656,0.8700000047683716,0.87,0,Forward,5015,attack
33,PPO-TFC (seed=2025),PPO-TFC,2025,1,0.9081689715385437,0.9100000262260437,0.91,0,Forward,5100,attack
34,PPO-TFC (seed=2025),PPO-TFC,2025,1,0.8976726531982422,0.8999999761581421,0.9,0,Forward,5137,attack
35,PPO-TFC (seed=2025),PPO-TFC,2025,0,0.8373674154281616,0.8399999737739563,0.83,0,Forward,5188,benign
36,PPO-TFC (seed=2025),PPO-TFC,2025,1,0.862047553062439,0.8600000143051147,0.86,0,Forward,5222,attack
37,PPO-TFC (seed=2025),PPO-TFC,2025,1,0.8858568668365479,0.8799999952316284,0.89,0,Forward,5375,attack
38,PPO-TFC (seed=2025),PPO-TFC,2025,1,0.8564433455467224,0.8500000238418579,0.86,0,Forward,5529,attack
39,PPO-TFC (seed=2025),PPO-TFC,2025,0,0.8269306421279907,0.8199999928474426,0.83,0,Forward,5615,benign
40,PPO-TFC (seed=2025),PPO-TFC,2025,0,0.813768208026886,0.8100000023841858,0.8,0,Forward,5691,benign
41,PPO-TFC (seed=2025),PPO-TFC,2025,0,0.8197215795516968,0.8100000023841858,0.81,0,Forward,5747,benign
42,PPO-TFC (seed=2025),PPO-TFC,2025,0,0.8220182061195374,0.8100000023841858,0.81,0,Forward,5774,benign
43,PPO-TFC (seed=2025),PPO-TFC,2025,1,0.8663164377212524,0.8600000143051147,0.86,0,Forward,5933,attack
44,PPO-TFC (seed=2025),PPO-TFC,2025,0,0.849316418170929,0.8399999737739563,0.84,0,Forward,5966,benign
45,PPO-TFC (seed=2025),PPO-TFC,2025,0,0.8093292713165283,0.800000011920929,0.8,0,Forward,6009,benign
46,PPO-TFC (seed=2025),PPO-TFC,2025,0,0.8414927124977112,0.8399999737739563,0.83,0,Forward,6047,benign
47,PPO-TFC (seed=2025),PPO-TFC,2025,0,0.7934058308601379,0.7900000214576721,0.79,0,Forward,6156,benign
48,PPO-TFC (seed=2025),PPO-TFC,2025,0,0.7934057116508484,0.7900000214576721,0.79,0,Forward,6158,benign
49,PPO-TFC (seed=2025),PPO-TFC,2025,0,0.8012173175811768,0.800000011920929,0.8,0,Forward,6161,benign
50,PPO-TFC (seed=2025),PPO-TFC,2025,1,0.8523243069648743,0.8500000238418579,0.85,0,Forward,6544,attack
51,PPO-TFC (seed=2025),PPO-TFC,2025,1,0.8538548350334167,0.8500000238418579,0.85,0,Forward,6691,attack
52,PPO-TFC (seed=2025),PPO-TFC,2025,0,0.8254052996635437,0.8299999833106995,0.83,0,Forward,7158,benign
53,PPO-TFC (seed=2025),PPO-TFC,2025,0,0.7887188196182251,0.7900000214576721,0.79,0,Forward,7298,benign
54,PPO-TFC (seed=2025),PPO-TFC,2025,1,0.8693459033966064,0.8700000047683716,0.87,0,Forward,7805,attack
55,PPO-TFC (seed=2025),PPO-TFC,2025,0,0.8328465819358826,0.8299999833106995,0.83,0,Forward,7938,benign
56,PPO-TFC (seed=2025),PPO-TFC,2025,1,0.8672149181365967,0.8700000047683716,0.87,0,Forward,8112,attack
57,PPO-TFC (seed=2025),PPO-TFC,2025,1,0.8870208859443665,0.8899999856948853,0.89,0,Forward,8169,attack
58,PPO-TFC (seed=2025),PPO-TFC,2025,1,0.8547448515892029,0.8600000143051147,0.86,0,Forward,8187,attack
59,PPO-TFC (seed=2025),PPO-TFC,2025,1,0.8655512928962708,0.8700000047683716,0.87,0,Forward,8323,attack
60,PPO-TFC (seed=2025),PPO-TFC,2025,0,0.7602249383926392,0.7599999904632568,0.76,0,Forward,8570,benign
61,PPO-TFC (seed=2025),PPO-TFC,2025,0,0.7500377893447876,0.75,0.75,0,Forward,8585,benign
62,PPO-TFC (seed=2025),PPO-TFC,2025,0,0.7400667071342468,0.7400000095367432,0.74,0,Forward,8593,benign
63,PPO-TFC (seed=2025),PPO-TFC,2025,1,0.8890588283538818,0.8899999856948853,0.88,0,Forward,8699,attack
64,PPO-TFC (seed=2025),PPO-TFC,2025,1,0.8890588879585266,0.8899999856948853,0.88,0,Forward,8700,attack
65,PPO-TFC (seed=2025),PPO-TFC,2025,0,0.8400719165802002,0.8399999737739563,0.84,0,Forward,8758,benign
66,PPO-TFC (seed=2025),PPO-TFC,2025,0,0.800307035446167,0.7900000214576721,0.79,0,Forward,8963,benign
67,PPO-TFC (seed=2025),PPO-TFC,2025,0,0.8101561069488525,0.8100000023841858,0.81,0,Forward,9413,benign
68,PPO-TFC (seed=2025),PPO-TFC,2025,1,0.8594833612442017,0.8600000143051147,0.86,0,Forward,9754,attack
69,PPO-TFC (seed=2025),PPO-TFC,2025,0,0.8076704144477844,0.8100000023841858,0.81,0,Forward,9871,benign
70,PPO-TFC (seed=2025),PPO-TFC,2025,0,0.7902960777282715,0.7900000214576721,0.79,0,Forward,9907,benign
71,PPO-TFC (seed=2025),PPO-TFC,2025,1,0.9019876718521118,0.8999999761581421,0.9,0,Forward,10288,attack
72,PPO-TFC (seed=2025),PPO-TFC,2025,1,0.8918544054031372,0.8899999856948853,0.89,0,Forward,10301,attack
73,PPO-TFC (seed=2025),PPO-TFC,2025,1,0.8455605506896973,0.8500000238418579,0.85,0,Forward,10545,attack
74,PPO-TFC (seed=2025),PPO-TFC,2025,0,0.8055262565612793,0.800000011920929,0.79,0,Forward,10720,benign
75,PPO-TFC (seed=2025),PPO-TFC,2025,1,0.8840524554252625,0.8700000047683716,0.88,0,Forward,10844,attack
76,PPO-TFC (seed=2025),PPO-TFC,2025,1,0.8640789985656738,0.8500000238418579,0.86,0,Forward,10855,attack
77,PPO-TFC (seed=2025),PPO-TFC,2025,0,0.7940945625305176,0.7799999713897705,0.79,0,Forward,10888,benign
78,PPO-TFC (seed=2025),PPO-TFC,2025,0,0.7955327033996582,0.7900000214576721,0.8,0,Forward,10926,benign
79,PPO-TFC (seed=2025),PPO-TFC,2025,0,0.8359295725822449,0.8299999833106995,0.84,0,Forward,11013,benign
80,PPO-TFC (seed=2025),PPO-TFC,2025,0,0.8027329444885254,0.7900000214576721,0.79,0,Forward,11177,benign
81,PPO-TFC (seed=2025),PPO-TFC,2025,0,0.8449897170066833,0.8399999737739563,0.84,0,Forward,11275,benign
82,PPO-TFC (seed=2025),PPO-TFC,2025,0,0.8350366950035095,0.8299999833106995,0.83,0,Forward,11301,benign
83,PPO-TFC (seed=2025),PPO-TFC,2025,0,0.8350360989570618,0.8299999833106995,0.83,0,Forward,11302,benign
84,PPO-TFC (seed=2025),PPO-TFC,2025,0,0.81482994556427,0.8100000023841858,0.81,0,Forward,11352,benign
85,PPO-TFC (seed=2025),PPO-TFC,2025,1,0.8718368411064148,0.8700000047683716,0.87,0,Forward,11464,attack
86,PPO-TFC (seed=2025),PPO-TFC,2025,1,0.8501495122909546,0.8500000238418579,0.86,0,Forward,11772,attack
87,PPO-TFC (seed=2025),PPO-TFC,2025,0,0.8084815144538879,0.800000011920929,0.81,0,Forward,11813,benign
88,PPO-TFC (seed=2025),PPO-TFC,2025,0,0.8098862171173096,0.8100000023841858,0.81,0,Forward,11881,benign
89,PPO-TFC (seed=2025),PPO-TFC,2025,1,0.8678771257400513,0.8700000047683716,0.86,0,Forward,12061,attack
90,PPO-TFC (seed=2025),PPO-TFC,2025,0,0.8481305837631226,0.8500000238418579,0.84,0,Forward,12088,benign
91,PPO-TFC (seed=2025),PPO-TFC,2025,1,0.858406126499176,0.8600000143051147,0.85,0,Forward,12109,attack
92,PPO-TFC (seed=2025),PPO-TFC,2025,1,0.8504123091697693,0.8500000238418579,0.85,0,Forward,12137,attack
93,PPO-TFC (seed=2025),PPO-TFC,2025,0,0.8224881887435913,0.8199999928474426,0.82,0,Forward,12176,benign
94,PPO-TFC (seed=2025),PPO-TFC,2025,0,0.8422060608863831,0.8399999737739563,0.84,0,Forward,12187,benign
95,PPO-TFC (seed=2025),PPO-TFC,2025,0,0.8399506211280823,0.8399999737739563,0.84,0,Forward,12297,benign
96,PPO-TFC (seed=2025),PPO-TFC,2025,1,0.8687772154808044,0.8700000047683716,0.87,0,Forward,12464,attack
97,PPO-TFC (seed=2025),PPO-TFC,2025,1,0.8521358966827393,0.8500000238418579,0.85,0,Forward,12715,attack
98,PPO-TFC (seed=2025),PPO-TFC,2025,1,0.8409515619277954,0.8399999737739563,0.85,0,Forward,12891,attack
99,PPO-TFC (seed=2025),PPO-TFC,2025,1,0.8435349464416504,0.8399999737739563,0.85,0,Forward,12963,attack
100,PPO-TFC (seed=2025),PPO-TFC,2025,0,0.8321276307106018,0.8299999833106995,0.83,0,Forward,13036,benign
101,PPO-TFC (seed=2025),PPO-TFC,2025,0,0.8130981922149658,0.8100000023841858,0.81,0,Forward,13047,benign
102,PPO-TFC (seed=2025),PPO-TFC,2025,0,0.8230418562889099,0.8199999928474426,0.82,0,Forward,13058,benign
103,PPO-TFC (seed=2025),PPO-TFC,2025,1,0.8648033142089844,0.8600000143051147,0.86,0,Forward,13189,attack
104,PPO-TFC (seed=2025),PPO-TFC,2025,1,0.8940011858940125,0.8899999856948853,0.89,0,Forward,13220,attack
105,PPO-TFC (seed=2025),PPO-TFC,2025,1,0.8817206621170044,0.8799999952316284,0.89,0,Forward,13229,attack
106,PPO-TFC (seed=2025),PPO-TFC,2025,0,0.789798378944397,0.7900000214576721,0.79,0,Forward,13418,benign
107,PPO-TFC (seed=2025),PPO-TFC,2025,0,0.799791693687439,0.800000011920929,0.8,0,Forward,13422,benign
108,PPO-TFC (seed=2025),PPO-TFC,2025,1,0.8395397067070007,0.8399999737739563,0.85,0,Forward,13790,attack
109,PPO-TFC (seed=2025),PPO-TFC,2025,0,0.8311482071876526,0.8299999833106995,0.84,0,Forward,13821,benign
110,PPO-TFC (seed=2025),PPO-TFC,2025,1,0.8897304534912109,0.8899999856948853,0.89,0,Forward,13896,attack
111,PPO-TFC (seed=2025),PPO-TFC,2025,1,0.8981784582138062,0.8999999761581421,0.9,0,Forward,13941,attack
112,PPO-TFC (seed=2025),PPO-TFC,2025,0,0.8418792486190796,0.8500000238418579,0.84,0,Forward,14060,benign
113,PPO-TFC (seed=2025),PPO-TFC,2025,0,0.8191235065460205,0.8100000023841858,0.8,0,Forward,14233,benign
114,PPO-TFC (seed=2025),PPO-TFC,2025,1,0.8727867007255554,0.8700000047683716,0.88,0,Forward,14309,attack
115,PPO-TFC (seed=2025),PPO-TFC,2025,1,0.859923243522644,0.8600000143051147,0.86,0,Forward,15051,attack
116,PPO-TFC (seed=2025),PPO-TFC,2025,1,0.8823280930519104,0.8799999952316284,0.88,0,Forward,15187,attack
117,PPO-TFC (seed=2025),PPO-TFC,2025,0,0.8324939608573914,0.8299999833106995,0.83,0,Forward,15211,benign
118,PPO-TFC (seed=2025),PPO-TFC,2025,1,0.8637133836746216,0.8600000143051147,0.86,0,Forward,15308,attack
119,PPO-TFC (seed=2025),PPO-TFC,2025,0,0.8160220384597778,0.8100000023841858,0.82,0,Forward,15325,benign
120,PPO-TFC (seed=2025),PPO-TFC,2025,0,0.754787802696228,0.75,0.76,0,Forward,15412,benign
121,PPO-TFC (seed=2025),PPO-TFC,2025,1,0.851523756980896,0.8500000238418579,0.85,0,Forward,15587,attack
122,PPO-TFC (seed=2025),PPO-TFC,2025,1,0.8701123595237732,0.8700000047683716,0.87,0,Forward,15646,attack
123,PPO-TFC (seed=2025),PPO-TFC,2025,1,0.8801069855690002,0.8799999952316284,0.88,0,Forward,15647,attack
124,PPO-TFC (seed=2025),PPO-TFC,2025,1,0.9189636707305908,0.9200000166893005,0.91,0,Forward,15731,attack
125,PPO-TFC (seed=2025),PPO-TFC,2025,0,0.8464939594268799,0.8500000238418579,0.84,0,Forward,16024,benign
126,PPO-TFC (seed=2025),PPO-TFC,2025,1,0.8612254858016968,0.8600000143051147,0.87,0,Forward,16469,attack
127,PPO-TFC (seed=2025),PPO-TFC,2025,1,0.8597354292869568,0.8600000143051147,0.87,0,Forward,16492,attack
128,PPO-TFC (seed=2025),PPO-TFC,2025,1,0.8625316619873047,0.8600000143051147,0.86,0,Forward,16621,attack
129,PPO-TFC (seed=2025),PPO-TFC,2025,1,0.8625324964523315,0.8600000143051147,0.86,0,Forward,16622,attack
130,PPO-TFC (seed=2025),PPO-TFC,2025,0,0.8334140777587891,0.8299999833106995,0.84,0,Forward,16712,benign
131,PPO-TFC (seed=2025),PPO-TFC,2025,1,0.8998856544494629,0.8999999761581421,0.9,0,Forward,16856,attack
132,PPO-TFC (seed=2025),PPO-TFC,2025,1,0.8994457721710205,0.8999999761581421,0.9,0,Forward,16929,attack
133,PPO-TFC (seed=2025),PPO-TFC,2025,1,0.8741875290870667,0.8700000047683716,0.88,0,Forward,17031,attack
134,PPO-TFC (seed=2025),PPO-TFC,2025,0,0.8287768363952637,0.8199999928474426,0.84,0,Forward,17229,benign
135,PPO-TFC (seed=2025),PPO-TFC,2025,0,0.8439942002296448,0.8399999737739563,0.84,0,Forward,17474,benign
136,PPO-TFC (seed=2025),PPO-TFC,2025,0,0.8278783559799194,0.8199999928474426,0.82,0,Forward,17678,benign
137,PPO-TFC (seed=2025),PPO-TFC,2025,0,0.8066718578338623,0.800000011920929,0.8,0,Forward,17719,benign
138,PPO-TFC (seed=2025),PPO-TFC,2025,0,0.8577614426612854,0.8500000238418579,0.84,0,Forward,18102,benign
139,PPO-TFC (seed=2025),PPO-TFC,2025,1,0.8832355737686157,0.8799999952316284,0.87,0,Forward,18120,attack
140,PPO-TFC (seed=2025),PPO-TFC,2025,1,0.8787582516670227,0.8799999952316284,0.88,0,Forward,18188,attack
141,PPO-TFC (seed=2025),PPO-TFC,2025,1,0.9003291130065918,0.8999999761581421,0.9,0,Forward,18373,attack
142,PPO-TFC (seed=2025),PPO-TFC,2025,0,0.8293827176094055,0.8299999833106995,0.83,0,Forward,18429,benign
143,PPO-TFC (seed=2025),PPO-TFC,2025,0,0.8019344806671143,0.800000011920929,0.8,0,Forward,18605,benign
144,PPO-TFC (seed=2025),PPO-TFC,2025,0,0.7719220519065857,0.7699999809265137,0.77,0,Forward,18629,benign
145,PPO-TFC (seed=2025),PPO-TFC,2025,1,0.8580705523490906,0.8600000143051147,0.86,0,Forward,19034,attack
146,PPO-TFC (seed=2025),PPO-TFC,2025,1,0.8591589331626892,0.8600000143051147,0.86,0,Forward,19261,attack
147,PPO-TFC (seed=2025),PPO-TFC,2025,0,0.8198917508125305,0.8199999928474426,0.82,0,Forward,19568,benign
148,PPO-TFC (seed=2025),PPO-TFC,2025,0,0.8346434831619263,0.8299999833106995,0.84,0,Forward,19606,benign
149,PPO-TFC (seed=2025),PPO-TFC,2025,0,0.6925909519195557,0.6899999976158142,0.69,0,Forward,19803,benign
150,PPO-TFC (seed=2025),PPO-TFC,2025,1,0.8533068895339966,0.8500000238418579,0.85,0,Forward,19973,attack
151,PPO-TFC (seed=2025),PPO-TFC,2025,1,0.9491422176361084,0.949999988079071,0.95,0,Forward,20134,attack
152,PPO-TFC (seed=2025),PPO-TFC,2025,1,0.8576992154121399,0.8600000143051147,0.86,0,Forward,20261,attack
153,PPO-TFC (seed=2025),PPO-TFC,2025,0,0.837689220905304,0.8399999737739563,0.84,0,Forward,20271,benign
154,PPO-TFC (seed=2025),PPO-TFC,2025,1,0.8698458075523376,0.8700000047683716,0.87,0,Forward,20328,attack
155,PPO-TFC (seed=2025),PPO-TFC,2025,1,0.8497189879417419,0.8500000238418579,0.85,0,Forward,20578,attack
156,PPO-TFC (seed=2025),PPO-TFC,2025,1,0.8485469818115234,0.8500000238418579,0.85,0,Forward,20712,attack
157,PPO-TFC (seed=2025),PPO-TFC,2025,1,0.8510622978210449,0.8500000238418579,0.86,0,Forward,20838,attack
158,PPO-TFC (seed=2025),PPO-TFC,2025,0,0.8205698132514954,0.8199999928474426,0.82,0,Forward,20916,benign
159,PPO-TFC (seed=2025),PPO-TFC,2025,0,0.7999889254570007,0.800000011920929,0.8,0,Forward,21203,benign
160,PPO-TFC (seed=2025),PPO-TFC,2025,0,0.7922539710998535,0.7900000214576721,0.8,0,Forward,21295,benign
161,PPO-TFC (seed=2025),PPO-TFC,2025,0,0.7913861870765686,0.7900000214576721,0.8,0,Forward,21299,benign
162,PPO-TFC (seed=2025),PPO-TFC,2025,0,0.830646812915802,0.8299999833106995,0.84,0,Forward,21508,benign
163,PPO-TFC (seed=2025),PPO-TFC,2025,1,0.8479499816894531,0.8500000238418579,0.85,0,Forward,21600,attack
164,PPO-TFC (seed=2025),PPO-TFC,2025,0,0.8187517523765564,0.8199999928474426,0.81,0,Forward,21733,benign
165,PPO-TFC (seed=2025),PPO-TFC,2025,0,0.7671636343002319,0.7599999904632568,0.76,0,Forward,21806,benign
166,PPO-TFC (seed=2025),PPO-TFC,2025,1,0.8541373610496521,0.8399999737739563,0.86,0,Forward,21948,attack
167,PPO-TFC (seed=2025),PPO-TFC,2025,1,0.876903235912323,0.8700000047683716,0.87,0,Forward,22082,attack
168,PPO-TFC (seed=2025),PPO-TFC,2025,1,0.9052704572677612,0.8999999761581421,0.9,0,Forward,22110,attack
169,PPO-TFC (seed=2025),PPO-TFC,2025,0,0.8391054272651672,0.8399999737739563,0.83,0,Forward,22171,benign
170,PPO-TFC (seed=2025),PPO-TFC,2025,1,0.8498303294181824,0.8500000238418579,0.85,0,Forward,22284,attack
171,PPO-TFC (seed=2025),PPO-TFC,2025,1,0.8491634130477905,0.8500000238418579,0.85,0,Forward,22317,attack
172,PPO-TFC (seed=2025),PPO-TFC,2025,1,0.8691211938858032,0.8700000047683716,0.87,0,Forward,22329,attack
173,PPO-TFC (seed=2025),PPO-TFC,2025,1,0.8876321911811829,0.8899999856948853,0.89,0,Forward,22468,attack
174,PPO-TFC (seed=2025),PPO-TFC,2025,1,0.8775237202644348,0.8799999952316284,0.88,0,Forward,22501,attack
175,PPO-TFC (seed=2025),PPO-TFC,2025,0,0.8302080035209656,0.8299999833106995,0.83,0,Forward,22708,benign
176,PPO-TFC (seed=2025),PPO-TFC,2025,1,0.8703062534332275,0.8700000047683716,0.87,0,Forward,22853,attack
177,PPO-TFC (seed=2025),PPO-TFC,2025,0,0.8237143158912659,0.8199999928474426,0.82,0,Forward,22944,benign
178,PPO-TFC (seed=2025),PPO-TFC,2025,1,0.8696657419204712,0.8600000143051147,0.86,0,Forward,23025,attack
179,PPO-TFC (seed=2025),PPO-TFC,2025,1,0.8847257494926453,0.8799999952316284,0.88,0,Forward,23094,attack
180,PPO-TFC (seed=2025),PPO-TFC,2025,1,0.8747749924659729,0.8700000047683716,0.87,0,Forward,23112,attack
181,PPO-TFC (seed=2025),PPO-TFC,2025,0,0.8125288486480713,0.8100000023841858,0.81,0,Forward,23209,benign
182,PPO-TFC (seed=2025),PPO-TFC,2025,0,0.8284656405448914,0.8299999833106995,0.83,0,Forward,23431,benign
183,PPO-TFC (seed=2025),PPO-TFC,2025,1,0.8589532971382141,0.8600000143051147,0.86,0,Forward,23733,attack
184,PPO-TFC (seed=2025),PPO-TFC,2025,1,0.8488499522209167,0.8500000238418579,0.85,0,Forward,23759,attack
185,PPO-TFC (seed=2025),PPO-TFC,2025,0,0.8388105034828186,0.8399999737739563,0.84,0,Forward,23778,benign
186,PPO-TFC (seed=2025),PPO-TFC,2025,0,0.8340607285499573,0.8299999833106995,0.83,0,Forward,23811,benign
187,PPO-TFC (seed=2025),PPO-TFC,2025,0,0.8036412000656128,0.800000011920929,0.8,0,Forward,24133,benign
188,PPO-TFC (seed=2025),PPO-TFC,2025,0,0.7837530374526978,0.7799999713897705,0.78,0,Forward,24191,benign
189,PPO-TFC (seed=2025),PPO-TFC,2025,0,0.7800889611244202,0.7799999713897705,0.78,0,Forward,24211,benign
190,PPO-TFC (seed=2025),PPO-TFC,2025,1,0.8676241040229797,0.8600000143051147,0.87,0,Forward,24373,attack
191,PPO-TFC (seed=2025),PPO-TFC,2025,0,0.8401661515235901,0.8399999737739563,0.84,0,Forward,24560,benign
192,PPO-TFC (seed=2025),PPO-TFC,2025,1,0.8799384832382202,0.8799999952316284,0.88,0,Forward,24613,attack
193,PPO-TFC (seed=2025),PPO-TFC,2025,1,0.889945924282074,0.8899999856948853,0.89,0,Forward,24618,attack
194,PPO-TFC (seed=2025),PPO-TFC,2025,1,0.8958290219306946,0.8899999856948853,0.91,0,Forward,24726,attack
195,PPO-TFC (seed=2025),PPO-TFC,2025,1,0.8804629445075989,0.8799999952316284,0.88,0,Forward,24772,attack
196,PPO-TFC (seed=2025),PPO-TFC,2025,0,0.843108594417572,0.8399999737739563,0.84,0,Forward,24837,benign
197,PPO-TFC (seed=2025),PPO-TFC,2025,0,0.8299122452735901,0.8299999833106995,0.83,0,Forward,24967,benign
198,PPO-TFC (seed=2025),PPO-TFC,2025,0,0.8168489336967468,0.8199999928474426,0.82,0,Forward,24996,benign
199,PPO-TFC (seed=2025),PPO-TFC,2025,0,0.7699838280677795,0.7599999904632568,0.77,0,Forward,25212,benign
200,PPO-TFC (seed=2025),PPO-TFC,2025,1,0.8604229688644409,0.8600000143051147,0.86,0,Forward,25323,attack
201,PPO-TFC (seed=2025),PPO-TFC,2025,1,0.8699449300765991,0.8700000047683716,0.87,0,Forward,25341,attack
202,PPO-TFC (seed=2025),PPO-TFC,2025,0,0.7626132369041443,0.7599999904632568,0.76,0,Forward,25525,benign
203,PPO-TFC (seed=2025),PPO-TFC,2025,0,0.7826955914497375,0.7799999713897705,0.78,0,Forward,25624,benign
204,PPO-TFC (seed=2025),PPO-TFC,2025,1,0.8601194024085999,0.8600000143051147,0.86,0,Forward,25753,attack
205,PPO-TFC (seed=2025),PPO-TFC,2025,1,0.8498777151107788,0.8500000238418579,0.85,0,Forward,25855,attack
206,PPO-TFC (seed=2025),PPO-TFC,2025,1,0.8552750945091248,0.8600000143051147,0.85,0,Forward,25924,attack
207,PPO-TFC (seed=2025),PPO-TFC,2025,1,0.8599913120269775,0.8600000143051147,0.86,0,Forward,26023,attack
208,PPO-TFC (seed=2025),PPO-TFC,2025,0,0.8406216502189636,0.8399999737739563,0.84,0,Forward,26138,benign
209,PPO-TFC (seed=2025),PPO-TFC,2025,0,0.8106439113616943,0.8100000023841858,0.81,0,Forward,26215,benign
210,PPO-TFC (seed=2025),PPO-TFC,2025,1,0.8734425902366638,0.8700000047683716,0.88,0,Forward,26320,attack
211,PPO-TFC (seed=2025),PPO-TFC,2025,1,0.8734425902366638,0.8700000047683716,0.88,0,Forward,26321,attack
212,PPO-TFC (seed=2025),PPO-TFC,2025,0,0.8274185657501221,0.8199999928474426,0.82,0,Forward,26485,benign
213,PPO-TFC (seed=2025),PPO-TFC,2025,0,0.7977456450462341,0.7900000214576721,0.8,0,Forward,26629,benign
214,PPO-TFC (seed=2025),PPO-TFC,2025,0,0.7860429883003235,0.7799999713897705,0.79,0,Forward,26652,benign
215,PPO-TFC (seed=2025),PPO-TFC,2025,0,0.8211085796356201,0.8199999928474426,0.82,0,Forward,27007,benign
216,PPO-TFC (seed=2025),PPO-TFC,2025,0,0.8113611340522766,0.8100000023841858,0.81,0,Forward,27027,benign
217,PPO-TFC (seed=2025),PPO-TFC,2025,0,0.8113600015640259,0.8100000023841858,0.81,0,Forward,27028,benign
218,PPO-TFC (seed=2025),PPO-TFC,2025,1,0.8569684028625488,0.8500000238418579,0.86,0,Forward,27099,attack
219,PPO-TFC (seed=2025),PPO-TFC,2025,1,0.8499709963798523,0.8500000238418579,0.85,0,Forward,27290,attack
220,PPO-TFC (seed=2025),PPO-TFC,2025,0,0.8199859857559204,0.8199999928474426,0.82,0,Forward,27385,benign
221,PPO-TFC (seed=2025),PPO-TFC,2025,0,0.8246893286705017,0.8199999928474426,0.82,0,Forward,27475,benign
222,PPO-TFC (seed=2025),PPO-TFC,2025,1,0.8756607174873352,0.8799999952316284,0.88,0,Forward,27647,attack
223,PPO-TFC (seed=2025),PPO-TFC,2025,1,0.8587411642074585,0.8600000143051147,0.86,0,Forward,27708,attack
224,PPO-TFC (seed=2025),PPO-TFC,2025,0,0.8176383972167969,0.8199999928474426,0.81,0,Forward,27800,benign
225,PPO-TFC (seed=2025),PPO-TFC,2025,0,0.8300334215164185,0.8299999833106995,0.82,0,Forward,27874,benign
226,PPO-TFC (seed=2025),PPO-TFC,2025,1,0.8468767404556274,0.8399999737739563,0.85,0,Forward,28068,attack
227,PPO-TFC (seed=2025),PPO-TFC,2025,0,0.8368855118751526,0.8299999833106995,0.84,0,Forward,28073,benign
228,PPO-TFC (seed=2025),PPO-TFC,2025,1,0.879469096660614,0.8799999952316284,0.87,0,Forward,28281,attack
229,PPO-TFC (seed=2025),PPO-TFC,2025,0,0.8395709991455078,0.8399999737739563,0.83,0,Forward,28318,benign
230,PPO-TFC (seed=2025),PPO-TFC,2025,0,0.8398676514625549,0.8399999737739563,0.84,0,Forward,28618,benign
231,PPO-TFC (seed=2025),PPO-TFC,2025,0,0.824093222618103,0.8199999928474426,0.83,0,Forward,28794,benign
232,PPO-TFC (seed=2025),PPO-TFC,2025,0,0.8240866661071777,0.8199999928474426,0.83,0,Forward,28804,benign
233,PPO-TFC (seed=2025),PPO-TFC,2025,1,0.8526306748390198,0.8500000238418579,0.85,0,Forward,28906,attack
234,PPO-TFC (seed=2025),PPO-TFC,2025,1,0.8526313900947571,0.8500000238418579,0.85,0,Forward,28907,attack
235,PPO-TFC (seed=2025),PPO-TFC,2025,1,0.8500974178314209,0.8500000238418579,0.85,0,Forward,29018,attack
236,PPO-TFC (seed=2025),PPO-TFC,2025,0,0.8424707651138306,0.8399999737739563,0.84,0,Forward,29042,benign
237,PPO-TFC (seed=2025),PPO-TFC,2025,0,0.8119410872459412,0.8100000023841858,0.81,0,Forward,29145,benign
238,PPO-TFC (seed=2025),PPO-TFC,2025,0,0.8217334747314453,0.8199999928474426,0.82,0,Forward,29234,benign
239,PPO-TFC (seed=2025),PPO-TFC,2025,0,0.8317458629608154,0.8299999833106995,0.83,0,Forward,29238,benign
240,PPO-TFC (seed=2025),PPO-TFC,2025,0,0.8088564872741699,0.8100000023841858,0.81,0,Forward,29334,benign
241,PPO-TFC (seed=2025),PPO-TFC,2025,1,0.8475148677825928,0.8500000238418579,0.85,0,Forward,29394,attack
242,PPO-TFC (seed=2025),PPO-TFC,2025,0,0.8201691508293152,0.8199999928474426,0.83,0,Forward,29434,benign
243,PPO-TFC (seed=2025),PPO-TFC,2025,1,0.8426319360733032,0.8399999737739563,0.85,0,Forward,29457,attack
244,PPO-TFC (seed=2025),PPO-TFC,2025,0,0.8261587023735046,0.8299999833106995,0.83,0,Forward,29590,benign
245,PPO-TFC (seed=2025),PPO-TFC,2025,0,0.8141408562660217,0.8100000023841858,0.82,0,Forward,29634,benign
246,PPO-TFC (seed=2025),PPO-TFC,2025,0,0.8041713237762451,0.800000011920929,0.81,0,Forward,29644,benign
247,PPO-TFC (seed=2025),PPO-TFC,2025,0,0.8383910655975342,0.8399999737739563,0.84,0,Forward,29713,benign
248,PPO-TFC (seed=2025),PPO-TFC,2025,1,0.9029292464256287,0.8999999761581421,0.9,0,Forward,29828,attack
