replay_step,controller,controller_family,seed,true_label,detector_confidence,detector_estimated_ratio,attack_ratio,action_id,action_name,orig_index,label_bucket,target_name,control_apply_ms,benign_ping_avg_rtt_ms,benign_ping_loss_pct,benign_tcp_throughput_mbps,attack_ping_avg_rtt_ms,attack_ping_loss_pct,attack_tcp_throughput_mbps,ids_mirror_rx_bytes_delta,replay_mode,topology
0,NoControl,NoControl,,1,0.8656986355781555,0.8600000143051147,0.85,0,Forward,271,attack,attacker,0.002541999990057775,6.95,0.0,90.92003255166584,6.716,0.0,90.63892821656955,1000,targeted,single
1,NoControl,NoControl,,0,0.8092101216316223,0.8100000023841858,0.8,0,Forward,323,benign,client,0.0011620000037737555,6.744,0.0,90.72254932765036,6.572,0.0,90.5767870359762,280,targeted,single
2,NoControl,NoControl,,1,0.8699979186058044,0.8700000047683716,0.86,0,Forward,596,attack,attacker,0.0014039999882697884,6.624,0.0,90.8196538969641,6.562,0.0,91.01637897595911,0,targeted,single
3,NoControl,NoControl,,1,0.8955565094947815,0.8899999856948853,0.9,0,Forward,662,attack,attacker,0.0016439999939166228,6.679,0.0,91.09149300638236,6.69,0.0,90.81170568592361,0,targeted,single
4,NoControl,NoControl,,0,0.7705909609794617,0.7699999809265137,0.77,0,Forward,1203,benign,client,0.0010649999921952258,6.461,0.0,90.93522552893931,6.763,0.0,90.7227972007592,210,targeted,single
5,NoControl,NoControl,,1,0.8352600336074829,0.8299999833106995,0.85,0,Forward,2496,attack,attacker,0.0014900000024908877,6.521,0.0,90.62515750162619,6.667,0.0,90.66894847819684,0,targeted,single
6,NoControl,NoControl,,1,0.8638322949409485,0.8600000143051147,0.86,0,Forward,3048,attack,attacker,0.0011400000090588946,6.688,0.0,90.7285812911793,6.417,0.0,90.98520024946446,0,targeted,single
7,NoControl,NoControl,,1,0.86383455991745,0.8600000143051147,0.86,0,Forward,3050,attack,attacker,0.001168000011375625,6.834,0.0,90.41876946983945,6.331,0.0,90.30819008696771,0,targeted,single
8,NoControl,NoControl,,0,0.7998348474502563,0.800000011920929,0.8,0,Forward,3598,benign,client,0.0013309999928878824,6.85,0.0,90.3321027856444,6.652,0.0,90.3681595469922,70,targeted,single
9,NoControl,NoControl,,1,0.8622992634773254,0.8600000143051147,0.87,0,Forward,3871,attack,attacker,0.0013879999869459425,6.642,0.0,90.35332362208865,6.702,0.0,90.382508306522,140,targeted,single
10,NoControl,NoControl,,0,0.8182438611984253,0.8199999928474426,0.82,0,Forward,4169,benign,client,0.0016019999975469545,6.576,0.0,90.3746364228545,6.575,0.0,90.4912147467983,70,targeted,single
11,NoControl,NoControl,,1,0.8727920651435852,0.8799999952316284,0.88,0,Forward,4879,attack,attacker,0.0019679999923027935,7.134,0.0,90.5388355117915,6.84,0.0,90.69545670159503,0,targeted,single
12,NoControl,NoControl,,1,0.8727920651435852,0.8799999952316284,0.88,0,Forward,4880,attack,attacker,0.0013690000173482986,6.647,0.0,90.58452943016565,6.521,0.0,90.47905029201523,0,targeted,single
13,NoControl,NoControl,,1,0.8686891794204712,0.8700000047683716,0.87,0,Forward,4996,attack,attacker,0.0014209999790182337,6.656,0.0,90.68901632434194,6.984,0.0,90.59326180312155,0,targeted,single
14,NoControl,NoControl,,1,0.8686892986297607,0.8700000047683716,0.87,0,Forward,5001,attack,attacker,0.0010969999948429177,6.651,0.0,90.83149599981034,6.729,0.0,90.95174791462755,0,targeted,single
15,NoControl,NoControl,,1,0.8786917328834534,0.8799999952316284,0.88,0,Forward,5006,attack,attacker,0.0013120000232902385,6.213,0.0,91.02513329647788,6.26,0.0,90.87350653307682,0,targeted,single
16,NoControl,NoControl,,0,0.8206165432929993,0.8100000023841858,0.82,0,Forward,5672,benign,client,0.0011070000027757487,6.35,0.0,90.96063429275317,6.182,0.0,90.9302450828703,0,targeted,single
17,NoControl,NoControl,,1,0.8545636534690857,0.8500000238418579,0.85,0,Forward,6640,attack,attacker,0.0009700000020984589,6.412,0.0,90.92426926766578,6.367,0.0,90.90128630038984,0,targeted,single
18,NoControl,NoControl,,0,0.789990246295929,0.7900000214576721,0.79,0,Forward,7247,benign,client,0.0014569999962077418,6.334,0.0,90.80127576994211,6.358,0.0,90.716105102209,70,targeted,single
19,NoControl,NoControl,,0,0.8111498951911926,0.8100000023841858,0.81,0,Forward,7257,benign,client,0.0009910000073887204,6.734,0.0,90.7221362088122,6.351,0.0,90.8214755579544,0,targeted,single
20,NoControl,NoControl,,0,0.8311519026756287,0.8299999833106995,0.83,0,Forward,7262,benign,client,0.0011820000054285629,6.525,0.0,91.12538427835331,6.306,0.0,90.82031631068723,140,targeted,single
21,NoControl,NoControl,,0,0.7872647643089294,0.7799999713897705,0.78,0,Forward,7509,benign,client,0.0013089999981730216,6.621,0.0,90.94435776386628,6.387,0.0,90.56912831003524,0,targeted,single
22,NoControl,NoControl,,1,0.8778383731842041,0.8799999952316284,0.88,0,Forward,7713,attack,attacker,0.0013230000206476689,6.531,0.0,90.8095532848419,6.523,0.0,90.64965083201535,0,targeted,single
23,NoControl,NoControl,,1,0.8668792843818665,0.8700000047683716,0.87,0,Forward,8112,attack,attacker,0.0010849999796391785,6.677,0.0,90.5410573923666,6.54,0.0,90.5600712736992,70,targeted,single
24,NoControl,NoControl,,1,0.8844065070152283,0.8899999856948853,0.89,0,Forward,8140,attack,attacker,0.00189200000022538,6.655,0.0,90.75031953786124,6.421,0.0,90.56789315295165,0,targeted,single
25,NoControl,NoControl,,1,0.8844060301780701,0.8899999856948853,0.89,0,Forward,8142,attack,attacker,0.0016930000015236146,6.962,0.0,90.48126923918859,6.698,0.0,90.5427855970987,0,targeted,single
26,NoControl,NoControl,,0,0.8399470448493958,0.8399999737739563,0.84,0,Forward,8745,benign,client,0.001576000016711987,7.026,0.0,90.67011332089383,6.422,0.0,90.8069043158811,0,targeted,single
27,NoControl,NoControl,,0,0.8219642043113708,0.8199999928474426,0.82,0,Forward,8836,benign,client,0.0012090000041098392,6.48,0.0,90.594250479733,6.54,0.0,90.72494549110827,0,targeted,single
28,NoControl,NoControl,,0,0.8388247489929199,0.8299999833106995,0.84,0,Forward,9547,benign,client,0.0014279999902555573,6.569,0.0,90.61320428620809,6.632,0.0,90.64247464706071,0,targeted,single
29,NoControl,NoControl,,1,0.8561859130859375,0.8600000143051147,0.86,0,Forward,10043,attack,attacker,0.0017049999883056444,6.727,0.0,90.59268508506361,6.444,0.0,90.79970321270426,0,targeted,single
30,NoControl,NoControl,,1,0.892324686050415,0.8899999856948853,0.89,0,Forward,10279,attack,attacker,0.001887000024680674,6.614,0.0,90.69223639862999,6.57,0.0,90.76181278131094,0,targeted,single
31,NoControl,NoControl,,1,0.8923255801200867,0.8899999856948853,0.89,0,Forward,10280,attack,attacker,0.0016719999962333532,6.651,0.0,90.4204930093321,6.702,0.0,90.80119300241371,0,targeted,single
32,NoControl,NoControl,,0,0.8032602667808533,0.800000011920929,0.8,0,Forward,10658,benign,client,0.0019720000068446097,6.413,0.0,90.75693399866437,6.597,0.0,90.78083677356445,0,targeted,single
33,NoControl,NoControl,,1,0.8678531646728516,0.8600000143051147,0.87,0,Forward,10853,attack,attacker,0.0012190000120426703,6.475,0.0,90.6354645291019,6.403,0.0,90.7438713667961,0,targeted,single
34,NoControl,NoControl,,0,0.8378587365150452,0.8299999833106995,0.84,0,Forward,11791,benign,client,0.0013579999915691587,6.225,0.0,90.5568605775874,6.319,0.0,90.67217658436682,0,targeted,single
35,NoControl,NoControl,,1,0.8499701023101807,0.8500000238418579,0.85,0,Forward,11906,attack,attacker,0.0017229999969003984,6.635,0.0,90.81269913622171,6.684,0.0,90.57909314264829,0,targeted,single
36,NoControl,NoControl,,0,0.8349297046661377,0.8399999737739563,0.84,0,Forward,11955,benign,client,0.001871999984359718,6.506,0.0,90.70239351555507,6.365,0.0,90.80359332199976,0,targeted,single
37,NoControl,NoControl,,1,0.8590880036354065,0.8600000143051147,0.86,0,Forward,12438,attack,attacker,0.0011699999902248237,6.76,0.0,90.76454182068997,6.647,0.0,90.84557804269477,70,targeted,single
38,NoControl,NoControl,,1,0.8899794220924377,0.8899999856948853,0.89,0,Forward,12666,attack,attacker,0.0013859999796750344,6.683,0.0,90.55241537418257,6.566,0.0,90.84880924478037,0,targeted,single
39,NoControl,NoControl,,1,0.8740659952163696,0.8700000047683716,0.87,0,Forward,12681,attack,attacker,0.00205199998504213,6.723,0.0,90.89771958912273,6.603,0.0,90.85974732682877,0,targeted,single
40,NoControl,NoControl,,1,0.8425387740135193,0.8500000238418579,0.85,0,Forward,12878,attack,attacker,0.0019780000002356246,6.82,0.0,90.62903266893994,6.871,0.0,90.6744050143911,140,targeted,single
41,NoControl,NoControl,,1,0.90160071849823,0.8999999761581421,0.9,0,Forward,13299,attack,attacker,0.0009830000067267974,6.314,0.0,90.823462907836,6.491,0.0,90.7461859894382,0,targeted,single
42,NoControl,NoControl,,1,0.9016007781028748,0.8999999761581421,0.9,0,Forward,13300,attack,attacker,0.0012200000014672696,6.529,0.0,91.0046765471935,6.371,0.0,90.7139572305005,0,targeted,single
43,NoControl,NoControl,,0,0.8007186651229858,0.800000011920929,0.8,0,Forward,13348,benign,client,0.0015990000008514471,6.448,0.0,90.9789108072637,6.287,0.0,90.76410850581347,0,targeted,single
44,NoControl,NoControl,,0,0.7630465626716614,0.7599999904632568,0.76,0,Forward,13382,benign,client,0.0012499999968440534,6.805,0.0,90.7915102430684,6.838,0.0,90.6635940254603,0,targeted,single
45,NoControl,NoControl,,1,0.8798288702964783,0.8799999952316284,0.87,0,Forward,13628,attack,attacker,0.001774999986992043,6.69,0.0,90.86447140381283,6.645,0.0,90.6565806405816,0,targeted,single
46,NoControl,NoControl,,0,0.8233427405357361,0.8199999928474426,0.82,0,Forward,13761,benign,client,0.0014889999988554337,6.613,0.0,90.6869522944232,6.768,0.0,90.78323601702755,0,targeted,single
47,NoControl,NoControl,,1,0.8986366391181946,0.8999999761581421,0.9,0,Forward,13957,attack,attacker,0.0012639999908969912,6.653,0.0,90.39940468628056,6.648,0.0,90.7688424582329,70,targeted,single
48,NoControl,NoControl,,0,0.7998307943344116,0.800000011920929,0.79,0,Forward,14449,benign,client,0.0024619999976494,6.536,0.0,90.5102076975007,6.507,0.0,90.68975939811293,0,targeted,single
49,NoControl,NoControl,,0,0.8410383462905884,0.8399999737739563,0.84,0,Forward,14557,benign,client,0.0010890000226027041,6.694,0.0,90.82603003016146,6.637,0.0,90.78695923210685,0,targeted,single
50,NoControl,NoControl,,0,0.8410382866859436,0.8399999737739563,0.84,0,Forward,14558,benign,client,0.0012929999684274662,6.634,0.0,90.64099006099164,6.55,0.0,90.8581727436573,0,targeted,single
51,NoControl,NoControl,,1,0.9198984503746032,0.9200000166893004,0.92,0,Forward,14853,attack,attacker,0.001649000012093893,6.68,0.0,90.83687979479006,6.287,0.0,90.8352231745137,0,targeted,single
52,NoControl,NoControl,,1,0.8886391520500183,0.8899999856948853,0.89,0,Forward,14870,attack,attacker,0.001194999981635192,6.378,0.0,90.88726990716452,6.291,0.0,90.82222080396787,0,targeted,single
53,NoControl,NoControl,,1,0.8786901831626892,0.8799999952316284,0.88,0,Forward,14880,attack,attacker,0.0012200000014672696,6.488,0.0,90.66499683265496,6.606,0.0,90.65402308787863,0,targeted,single
54,NoControl,NoControl,,0,0.7828757762908936,0.7799999713897705,0.78,0,Forward,15438,benign,client,0.001396000016029575,6.583,0.0,90.52402576100282,6.53,0.0,90.81783230904863,0,targeted,single
55,NoControl,NoControl,,1,0.8823724389076233,0.8799999952316284,0.89,0,Forward,16062,attack,attacker,0.0012879999644610507,6.76,0.0,90.5820583094939,6.332,0.0,90.83058495918243,0,targeted,single
56,NoControl,NoControl,,1,0.8523920178413391,0.8500000238418579,0.85,0,Forward,16156,attack,attacker,0.0012130000186516554,6.75,0.0,90.46360286171466,6.572,0.0,90.748583401658,0,targeted,single
57,NoControl,NoControl,,1,0.8999413847923279,0.8999999761581421,0.9,0,Forward,16958,attack,attacker,0.0014839999948890181,6.755,0.0,90.41335305916844,6.476,0.0,90.7088357930068,0,targeted,single
58,NoControl,NoControl,,0,0.8077142834663391,0.800000011920929,0.81,0,Forward,17203,benign,client,0.0011449999988144555,6.645,0.0,90.7265154599364,6.67,0.0,90.6409075854137,0,targeted,single
59,NoControl,NoControl,,0,0.8294690847396851,0.8299999833106995,0.83,0,Forward,17359,benign,client,0.0011930000027859933,6.843,0.0,90.65781821789061,6.684,0.0,90.89149925089464,0,targeted,single
60,NoControl,NoControl,,0,0.8367106914520264,0.8299999833106995,0.83,0,Forward,17639,benign,client,0.0012460000107239466,6.785,0.0,90.7906000043748,6.408,0.0,90.80723542854955,0,targeted,single
61,NoControl,NoControl,,0,0.8378546833992004,0.8399999737739563,0.84,0,Forward,17792,benign,client,0.0016120000054797856,6.405,0.0,90.8091393732543,6.48,0.0,91.08189484521566,0,targeted,single
62,NoControl,NoControl,,1,0.8575001358985901,0.8600000143051147,0.86,0,Forward,17886,attack,attacker,0.0012240000160090858,6.399,0.0,90.93921027862906,6.548,0.0,90.82039911308203,0,targeted,single
63,NoControl,NoControl,,0,0.7899861931800842,0.7900000214576721,0.78,0,Forward,18045,benign,client,0.0017970000385503226,6.438,0.0,91.02405201858956,6.436,0.0,90.8403588940635,0,targeted,single
64,NoControl,NoControl,,0,0.8586136102676392,0.8500000238418579,0.84,0,Forward,18103,benign,client,0.0012250000054336851,6.961,0.0,90.6839802563902,6.574,0.0,90.68265941312593,0,targeted,single
65,NoControl,NoControl,,0,0.8233593702316284,0.8199999928474426,0.82,0,Forward,18713,benign,client,0.0016249999816864147,6.84,0.0,90.8772371563642,6.428,0.0,90.6661521182345,0,targeted,single
66,NoControl,NoControl,,0,0.8056234121322632,0.800000011920929,0.8,0,Forward,18882,benign,client,0.0021270000161166536,6.598,0.0,90.7604069765853,6.509,0.0,90.5601536022342,0,targeted,single
67,NoControl,NoControl,,0,0.8265945315361023,0.8299999833106995,0.82,0,Forward,19001,benign,client,0.0017630000002100132,6.679,0.0,90.75974543648896,6.504,0.0,90.72147522649695,0,targeted,single
68,NoControl,NoControl,,1,0.8694993853569031,0.8700000047683716,0.88,0,Forward,19305,attack,attacker,0.0015170000438047282,6.772,0.0,90.82362852425207,6.599,0.0,90.60323194729054,0,targeted,single
69,NoControl,NoControl,,1,0.8604289293289185,0.8600000143051147,0.87,0,Forward,19337,attack,attacker,0.0013029999763602973,6.67,0.0,90.79349628175366,6.59,0.0,90.69983337734114,0,targeted,single
70,NoControl,NoControl,,0,0.8287397623062134,0.8299999833106995,0.83,0,Forward,19448,benign,client,0.0012279999737074832,6.375,0.0,90.71850092526483,6.33,0.0,90.7464339917247,0,targeted,single
71,NoControl,NoControl,,0,0.7975900769233704,0.800000011920929,0.8,0,Forward,19709,benign,client,0.001150000002780871,6.57,0.0,90.64577390133263,6.561,0.0,90.78869683699183,0,targeted,single
72,NoControl,NoControl,,0,0.6926899552345276,0.6899999976158142,0.69,0,Forward,19803,benign,client,0.0013599999988400668,6.639,0.0,90.73858124411903,6.595,0.0,90.9187091451071,0,targeted,single
73,NoControl,NoControl,,0,0.7526609301567078,0.75,0.75,0,Forward,19816,benign,client,0.0013110000054439297,6.652,0.0,90.74197015795515,6.531,0.0,90.96968855704674,0,targeted,single
74,NoControl,NoControl,,0,0.7800804376602173,0.7799999713897705,0.78,0,Forward,19847,benign,client,0.0017960000491257233,6.458,0.0,91.19002069961999,6.357,0.0,90.78472526641286,70,targeted,single
75,NoControl,NoControl,,1,0.910107433795929,0.9100000262260436,0.91,0,Forward,20083,attack,attacker,0.0012600000331985939,6.359,0.0,91.08505959429247,6.254,0.0,91.00958200249966,0,targeted,single
76,NoControl,NoControl,,1,0.9488750696182252,0.949999988079071,0.95,0,Forward,20134,attack,attacker,0.0012510000146903621,6.36,0.0,91.13522523816539,6.532,0.0,90.91223702319198,0,targeted,single
77,NoControl,NoControl,,1,0.8454464077949524,0.8500000238418579,0.85,0,Forward,20212,attack,attacker,0.0016089999803625687,6.381,0.0,91.05125812233615,6.257,0.0,91.09397204303829,0,targeted,single
78,NoControl,NoControl,,1,0.8581823706626892,0.8600000143051147,0.86,0,Forward,20257,attack,attacker,0.0011629999789875,6.262,0.0,91.1445644784529,6.321,0.0,90.5881539843804,0,targeted,single
79,NoControl,NoControl,,0,0.8401124477386475,0.8399999737739563,0.84,0,Forward,20753,benign,client,0.0013820000503983465,6.376,0.0,90.67853202591056,6.446,0.0,90.7523037748655,0,targeted,single
80,NoControl,NoControl,,0,0.8276398181915283,0.8299999833106995,0.83,0,Forward,21426,benign,client,0.0015080000252964965,6.332,0.0,90.8031794647415,6.485,0.0,90.64692869707015,140,targeted,single
81,NoControl,NoControl,,0,0.8077338337898254,0.8100000023841858,0.81,0,Forward,21444,benign,client,0.0013630000239572837,6.494,0.0,90.74378870388556,6.591,0.0,90.7983789962246,0,targeted,single
82,NoControl,NoControl,,1,0.8508247137069702,0.8500000238418579,0.85,0,Forward,21705,attack,attacker,0.0018609999870022875,6.732,0.0,90.69025478739191,6.647,0.0,90.63125897876576,0,targeted,single
83,NoControl,NoControl,,1,0.886523425579071,0.8799999952316284,0.88,0,Forward,22059,attack,attacker,0.001166000004104717,6.595,0.0,90.77727950805256,6.823,0.0,90.79548240732893,0,targeted,single
84,NoControl,NoControl,,0,0.8100687265396118,0.8100000023841858,0.81,0,Forward,22266,benign,client,0.0012160000437688723,6.495,0.0,90.70487120627847,6.749,0.0,90.65913833759713,0,targeted,single
85,NoControl,NoControl,,1,0.847369909286499,0.8500000238418579,0.85,0,Forward,22361,attack,attacker,0.0014180000107444357,6.636,0.0,90.67737642481715,6.682,0.0,91.35288411014622,0,targeted,single
86,NoControl,NoControl,,1,0.8598287105560303,0.8600000143051147,0.86,0,Forward,22536,attack,attacker,0.0019400000041969179,6.539,0.0,90.7480047043519,6.534,0.0,90.95190621400013,0,targeted,single
87,NoControl,NoControl,,1,0.8598287105560303,0.8600000143051147,0.86,0,Forward,22548,attack,attacker,0.001445000009425712,6.559,0.0,90.96407009769327,6.486,0.0,90.77496329898186,0,targeted,single
88,NoControl,NoControl,,1,0.880372166633606,0.8799999952316284,0.89,0,Forward,22613,attack,attacker,0.0012809999816454365,6.518,0.0,90.64717615712769,6.655,0.0,90.86795261699345,0,targeted,single
89,NoControl,NoControl,,1,0.8707939386367798,0.8700000047683716,0.87,0,Forward,22848,attack,attacker,0.0012360000027911155,6.646,0.0,90.57126932878967,6.323,0.0,90.8917480480779,0,targeted,single
90,NoControl,NoControl,,1,0.8508075475692749,0.8500000238418579,0.85,0,Forward,22856,attack,attacker,0.0011950000384786108,15.662,0.0,90.7121398800336,6.519,0.0,90.76098583208055,0,targeted,single
91,NoControl,NoControl,,0,0.830065131187439,0.8299999833106995,0.82,0,Forward,23186,benign,client,0.001212000029227056,6.254,0.0,90.75379200956236,6.44,0.0,90.65427058667214,0,targeted,single
92,NoControl,NoControl,,0,0.7924128174781799,0.7900000214576721,0.78,0,Forward,23283,benign,client,0.0013289999856169743,6.304,0.0,90.83497468668389,6.316,0.0,90.80375886595938,0,targeted,single
93,NoControl,NoControl,,0,0.7760483622550964,0.7799999713897705,0.78,0,Forward,23456,benign,client,0.001950000012129749,6.605,0.0,90.84740074381719,6.567,0.0,90.79324802216632,0,targeted,single
94,NoControl,NoControl,,0,0.7760480642318726,0.7799999713897705,0.78,0,Forward,23465,benign,client,0.0019110000266664429,6.514,0.0,90.8582556150952,6.409,0.0,90.81741832198587,70,targeted,single
95,NoControl,NoControl,,1,0.8600333333015442,0.8600000143051147,0.86,0,Forward,23536,attack,attacker,0.00192699997114687,6.901,0.0,90.84483241331573,6.808,0.0,90.986140364658,0,targeted,single
96,NoControl,NoControl,,1,0.8492719531059265,0.8500000238418579,0.85,0,Forward,23727,attack,attacker,0.0012100000503778574,6.606,0.0,90.958563071635,6.564,0.0,90.87964149812476,0,targeted,single
97,NoControl,NoControl,,0,0.8246086239814758,0.8199999928474426,0.82,0,Forward,23846,benign,client,0.0010260000067319197,6.651,0.0,90.75552834506786,6.442,0.0,90.6814211575102,0,targeted,single
98,NoControl,NoControl,,0,0.8473970890045166,0.8399999737739563,0.84,0,Forward,23889,benign,client,0.0010889999657592853,6.346,0.0,91.04143875397676,6.238,0.0,91.14601174555287,0,targeted,single
99,NoControl,NoControl,,1,0.8532842397689819,0.8500000238418579,0.85,0,Forward,24271,attack,attacker,0.0011250000397922122,6.592,0.0,90.75337860613935,6.474,0.0,91.0074202112595,0,targeted,single
100,NoControl,NoControl,,0,0.8334739208221436,0.8299999833106995,0.83,0,Forward,24798,benign,client,0.001364000013381883,6.478,0.0,90.68984196261691,6.36,0.0,90.51711620189604,0,targeted,single
101,NoControl,NoControl,,0,0.8424508571624756,0.8399999737739563,0.84,0,Forward,25175,benign,client,0.0010960000054183183,6.443,0.0,90.77430154667124,6.416,0.0,90.6113909703992,0,targeted,single
102,NoControl,NoControl,,0,0.8324522972106934,0.8299999833106995,0.83,0,Forward,25181,benign,client,0.0010720000318542589,6.327,0.0,90.6829070683071,6.682,0.0,90.5199950566666,0,targeted,single
103,NoControl,NoControl,,0,0.8324527740478516,0.8299999833106995,0.83,0,Forward,25182,benign,client,0.0014860000305816357,6.857,0.0,90.8165075637331,6.585,0.0,90.54928752967871,0,targeted,single
104,NoControl,NoControl,,1,0.848400354385376,0.8500000238418579,0.85,0,Forward,25757,attack,attacker,0.0017280000292885234,6.787,0.0,90.7642937194194,6.6,0.0,90.65311560386438,0,targeted,single
105,NoControl,NoControl,,1,0.8757197856903076,0.8799999952316284,0.87,0,Forward,25947,attack,attacker,0.0011930000027859933,6.583,0.0,90.70041146043415,6.682,0.0,90.24838192979786,0,targeted,single
106,NoControl,NoControl,,1,0.9076886177062988,0.9100000262260436,0.91,0,Forward,26007,attack,attacker,0.0011749999657695298,6.711,0.0,90.75271716849633,6.649,0.0,91.0745667968889,0,targeted,single
107,NoControl,NoControl,,0,0.8287405371665955,0.8299999833106995,0.83,0,Forward,26111,benign,client,0.0014689999829897715,6.674,0.0,90.79697205853533,6.569,0.0,90.8641398736117,0,targeted,single
108,NoControl,NoControl,,0,0.8200234174728394,0.8199999928474426,0.82,0,Forward,26168,benign,client,0.0012229999697410676,6.739,0.0,90.67754150888436,6.593,0.0,90.80011703827533,0,targeted,single
109,NoControl,NoControl,,0,0.8145485520362854,0.8100000023841858,0.82,0,Forward,26613,benign,client,0.0012170000331934716,6.653,0.0,90.73378760318761,6.456,0.0,90.63463988062742,0,targeted,single
110,NoControl,NoControl,,0,0.8191828727722168,0.8100000023841858,0.82,0,Forward,27025,benign,client,0.0009760000239111832,6.283,0.0,91.043050032243,6.355,0.0,90.7968065393208,0,targeted,single
111,NoControl,NoControl,,0,0.8191828727722168,0.8100000023841858,0.82,0,Forward,27026,benign,client,0.0011850000305457797,6.555,0.0,90.83745962616243,6.598,0.0,90.74866607330425,0,targeted,single
112,NoControl,NoControl,,1,0.8483954071998596,0.8500000238418579,0.85,0,Forward,28043,attack,attacker,0.0014340000120682816,6.671,0.0,90.64197977963423,6.611,0.0,90.6282081375016,0,targeted,single
113,NoControl,NoControl,,1,0.8561848402023315,0.8600000143051147,0.86,0,Forward,28140,attack,attacker,0.0016110000160551863,6.498,0.0,90.7346967030645,6.684,0.0,90.77033123541487,0,targeted,single
114,NoControl,NoControl,,0,0.8438663482666016,0.8500000238418579,0.84,0,Forward,28155,benign,client,0.0011719999974957318,6.986,0.0,90.79854452117226,6.702,0.0,90.9583986930467,0,targeted,single
115,NoControl,NoControl,,1,0.8501219153404236,0.8500000238418579,0.85,0,Forward,29007,attack,attacker,0.0017899999988912896,6.82,0.0,90.76611316023501,6.578,0.0,90.84193285985779,0,targeted,single
116,NoControl,NoControl,,0,0.8129814267158508,0.8199999928474426,0.82,0,Forward,29435,benign,client,0.0011879999988195777,6.725,0.0,90.8904211455063,6.577,0.0,90.9496053046477,0,targeted,single
117,NoControl,NoControl,,0,0.8129838705062866,0.8199999928474426,0.82,0,Forward,29438,benign,client,0.0011390000054234406,6.693,0.0,90.84731789217945,6.89,0.0,90.923563841318,0,targeted,single
118,NoControl,NoControl,,0,0.8164951801300049,0.8199999928474426,0.82,0,Forward,29552,benign,client,0.0014020000094205898,6.936,0.0,91.1290557186468,6.183,0.0,90.71916186424009,0,targeted,single
0,Greedy,Greedy,,1,0.8656986355781555,0.8600000143051147,0.85,6,Isolate,271,attack,attacker,8.42782500001249,7.116,0.0,90.8904211455063,,100.0,0.0,750,targeted,single
1,Greedy,Greedy,,0,0.8092101216316223,0.8100000023841858,0.8,6,Isolate,323,benign,client,9.18136599995023,,100.0,0.0,6.582,0.0,90.70181540719643,210,targeted,single
2,Greedy,Greedy,,1,0.8699979186058044,0.8700000047683716,0.86,6,Isolate,596,attack,attacker,7.948080999995,6.489,0.0,91.90880967077335,,100.0,0.0,0,targeted,single
3,Greedy,Greedy,,1,0.8955565094947815,0.8899999856948853,0.9,6,Isolate,662,attack,attacker,8.828548999986197,6.786,0.0,90.7096617921981,,100.0,0.0,210,targeted,single
4,Greedy,Greedy,,0,0.7705909609794617,0.7699999809265137,0.77,6,Isolate,1203,benign,client,8.409218999986479,,100.0,0.0,6.63,0.0,90.48907751115505,0,targeted,single
5,Greedy,Greedy,,1,0.8352600336074829,0.8299999833106995,0.85,6,Isolate,2496,attack,attacker,8.511661999989428,6.843,0.0,90.81609358874778,,100.0,0.0,0,targeted,single
6,Greedy,Greedy,,1,0.8638322949409485,0.8600000143051147,0.86,6,Isolate,3048,attack,attacker,8.714354000005642,6.565,0.0,90.6561681223204,,100.0,0.0,0,targeted,single
7,Greedy,Greedy,,1,0.86383455991745,0.8600000143051147,0.86,6,Isolate,3050,attack,attacker,9.532589000002645,6.926,0.0,90.59754622429584,,100.0,0.0,140,targeted,single
8,Greedy,Greedy,,0,0.7998348474502563,0.800000011920929,0.8,6,Isolate,3598,benign,client,8.060693999993873,,100.0,0.0,6.675,0.0,90.5379303324505,140,targeted,single
9,Greedy,Greedy,,1,0.8622992634773254,0.8600000143051147,0.87,6,Isolate,3871,attack,attacker,8.08016499996711,6.448,0.0,90.8294254793599,,100.0,0.0,0,targeted,single
10,Greedy,Greedy,,0,0.8182438611984253,0.8199999928474426,0.82,6,Isolate,4169,benign,client,8.040652000090631,,100.0,0.0,6.625,0.0,90.5187612393422,0,targeted,single
11,Greedy,Greedy,,1,0.8727920651435852,0.8799999952316284,0.88,6,Isolate,4879,attack,attacker,8.84048399996118,6.605,0.0,90.80880824670089,,100.0,0.0,0,targeted,single
12,Greedy,Greedy,,1,0.8727920651435852,0.8799999952316284,0.88,6,Isolate,4880,attack,attacker,9.096633000012844,6.848,0.0,90.76164739025933,,100.0,0.0,0,targeted,single
13,Greedy,Greedy,,1,0.8686891794204712,0.8700000047683716,0.87,6,Isolate,4996,attack,attacker,8.491231999983029,6.582,0.0,90.80458659481161,,100.0,0.0,0,targeted,single
14,Greedy,Greedy,,1,0.8686892986297607,0.8700000047683716,0.87,6,Isolate,5001,attack,attacker,8.778226000003997,6.57,0.0,90.94568624175014,,100.0,0.0,0,targeted,single
15,Greedy,Greedy,,1,0.8786917328834534,0.8799999952316284,0.88,6,Isolate,5006,attack,attacker,8.737804000020333,6.773,0.0,90.68439302780124,,100.0,0.0,0,targeted,single
16,Greedy,Greedy,,0,0.8206165432929993,0.8100000023841858,0.82,6,Isolate,5672,benign,client,8.48302400004286,,100.0,0.0,7.52,0.0,90.77256449276022,70,targeted,single
17,Greedy,Greedy,,1,0.8545636534690857,0.8500000238418579,0.85,6,Isolate,6640,attack,attacker,7.5928679999606175,6.253,0.0,91.12439439475683,,100.0,0.0,70,targeted,single
18,Greedy,Greedy,,0,0.789990246295929,0.7900000214576721,0.79,6,Isolate,7247,benign,client,8.709244999977273,,100.0,0.0,6.488,0.0,90.71114862865193,0,targeted,single
19,Greedy,Greedy,,0,0.8111498951911926,0.8100000023841858,0.81,6,Isolate,7257,benign,client,8.457984000074248,,100.0,0.0,6.398,0.0,90.7304819390137,0,targeted,single
20,Greedy,Greedy,,0,0.8311519026756287,0.8299999833106995,0.83,6,Isolate,7262,benign,client,9.215421000021706,,100.0,0.0,6.533,0.0,90.5487936792465,0,targeted,single
21,Greedy,Greedy,,0,0.7872647643089294,0.7799999713897705,0.78,6,Isolate,7509,benign,client,8.95921799997268,,100.0,0.0,6.668,0.0,91.08061356609734,0,targeted,single
22,Greedy,Greedy,,1,0.8778383731842041,0.8799999952316284,0.88,6,Isolate,7713,attack,attacker,8.46764000004896,7.866,0.0,90.7085879961828,,100.0,0.0,0,targeted,single
23,Greedy,Greedy,,1,0.8668792843818665,0.8700000047683716,0.87,6,Isolate,8112,attack,attacker,8.8937090000627,7.068,0.0,90.89473372052173,,100.0,0.0,0,targeted,single
24,Greedy,Greedy,,1,0.8844065070152283,0.8899999856948853,0.89,6,Isolate,8140,attack,attacker,8.035437999978967,6.609,0.0,90.63026949422864,,100.0,0.0,0,targeted,single
25,Greedy,Greedy,,1,0.8844060301780701,0.8899999856948853,0.89,6,Isolate,8142,attack,attacker,9.089273000085996,6.703,0.0,90.4635207086352,,100.0,0.0,0,targeted,single
26,Greedy,Greedy,,0,0.8399470448493958,0.8399999737739563,0.84,6,Isolate,8745,benign,client,9.339044999933321,,100.0,0.0,6.475,0.0,90.6833198299484,0,targeted,single
27,Greedy,Greedy,,0,0.8219642043113708,0.8199999928474426,0.82,6,Isolate,8836,benign,client,9.032970000021123,,100.0,0.0,6.907,0.0,90.71792261156155,0,targeted,single
28,Greedy,Greedy,,0,0.8388247489929199,0.8299999833106995,0.84,6,Isolate,9547,benign,client,8.575168999982452,,100.0,0.0,6.637,0.0,90.8548761368898,0,targeted,single
29,Greedy,Greedy,,1,0.8561859130859375,0.8600000143051147,0.86,6,Isolate,10043,attack,attacker,8.674288999941382,7.551,0.0,90.9412858074046,,100.0,0.0,0,targeted,single
30,Greedy,Greedy,,1,0.892324686050415,0.8899999856948853,0.89,6,Isolate,10279,attack,attacker,9.826859999975568,6.455,0.0,90.726350197501,,100.0,0.0,140,targeted,single
31,Greedy,Greedy,,1,0.8923255801200867,0.8899999856948853,0.89,6,Isolate,10280,attack,attacker,8.512231999930009,6.637,0.0,90.51950152570065,,100.0,0.0,0,targeted,single
32,Greedy,Greedy,,0,0.8032602667808533,0.800000011920929,0.8,6,Isolate,10658,benign,client,17.931633999978658,,100.0,0.0,7.332,0.0,91.16491730934841,0,targeted,single
33,Greedy,Greedy,,1,0.8678531646728516,0.8600000143051147,0.87,6,Isolate,10853,attack,attacker,7.594687000050726,6.238,0.0,90.87765168897067,,100.0,0.0,0,targeted,single
34,Greedy,Greedy,,0,0.8378587365150452,0.8299999833106995,0.84,6,Isolate,11791,benign,client,8.407396000052358,,100.0,0.0,6.671,0.0,90.61584196603683,0,targeted,single
35,Greedy,Greedy,,1,0.8499701023101807,0.8500000238418579,0.85,6,Isolate,11906,attack,attacker,8.419471000024714,6.7,0.0,90.61246246642331,,100.0,0.0,70,targeted,single
36,Greedy,Greedy,,0,0.8349297046661377,0.8399999737739563,0.84,6,Isolate,11955,benign,client,8.577735000017128,,100.0,0.0,6.735,0.0,90.7079272112709,0,targeted,single
37,Greedy,Greedy,,1,0.8590880036354065,0.8600000143051147,0.86,6,Isolate,12438,attack,attacker,9.28111700000045,6.694,0.0,91.16867189802333,,100.0,0.0,0,targeted,single
38,Greedy,Greedy,,1,0.8899794220924377,0.8899999856948853,0.89,6,Isolate,12666,attack,attacker,7.986059000018031,6.752,0.0,90.46007041402976,,100.0,0.0,0,targeted,single
39,Greedy,Greedy,,1,0.8740659952163696,0.8700000047683716,0.87,6,Isolate,12681,attack,attacker,9.26356799993755,6.816,0.0,90.77545961954665,,100.0,0.0,0,targeted,single
40,Greedy,Greedy,,1,0.8425387740135193,0.8500000238418579,0.85,6,Isolate,12878,attack,attacker,9.147886000050676,6.81,0.0,90.847566447546,,100.0,0.0,0,targeted,single
41,Greedy,Greedy,,1,0.90160071849823,0.8999999761581421,0.9,6,Isolate,13299,attack,attacker,8.363908000092124,6.923,0.0,90.41597911663207,,100.0,0.0,0,targeted,single
42,Greedy,Greedy,,1,0.9016007781028748,0.8999999761581421,0.9,6,Isolate,13300,attack,attacker,8.2432520000566,6.154,0.0,91.01399251369776,,100.0,0.0,0,targeted,single
43,Greedy,Greedy,,0,0.8007186651229858,0.800000011920929,0.8,6,Isolate,13348,benign,client,9.427952999999434,,100.0,0.0,7.956,0.0,90.29280093832627,0,targeted,single
44,Greedy,Greedy,,0,0.7630465626716614,0.7599999904632568,0.76,6,Isolate,13382,benign,client,9.298208000018349,,100.0,0.0,6.7,0.0,90.76354942374576,0,targeted,single
45,Greedy,Greedy,,1,0.8798288702964783,0.8799999952316284,0.87,6,Isolate,13628,attack,attacker,9.2915829999356,6.739,0.0,90.6955392764731,,100.0,0.0,0,targeted,single
46,Greedy,Greedy,,0,0.8233427405357361,0.8199999928474426,0.82,6,Isolate,13761,benign,client,9.636047000071812,,100.0,0.0,6.328,0.0,90.8218067768949,0,targeted,single
47,Greedy,Greedy,,1,0.8986366391181946,0.8999999761581421,0.9,6,Isolate,13957,attack,attacker,9.132200000067314,6.732,0.0,90.54731216027052,,100.0,0.0,0,targeted,single
48,Greedy,Greedy,,0,0.7998307943344116,0.800000011920929,0.79,6,Isolate,14449,benign,client,8.55631000001722,,100.0,0.0,6.696,0.0,91.02000005425215,0,targeted,single
49,Greedy,Greedy,,0,0.8410383462905884,0.8399999737739563,0.84,6,Isolate,14557,benign,client,8.77899299996443,,100.0,0.0,6.534,0.0,90.49770927455364,0,targeted,single
50,Greedy,Greedy,,0,0.8410382866859436,0.8399999737739563,0.84,6,Isolate,14558,benign,client,8.77481899999566,,100.0,0.0,7.025,0.0,90.87342363381597,0,targeted,single
51,Greedy,Greedy,,1,0.9198984503746032,0.9200000166893004,0.92,6,Isolate,14853,attack,attacker,8.125205000055757,6.788,0.0,90.9219213468938,,100.0,0.0,0,targeted,single
52,Greedy,Greedy,,1,0.8886391520500183,0.8899999856948853,0.89,6,Isolate,14870,attack,attacker,9.908982999945692,6.677,0.0,90.7912619943419,,100.0,0.0,0,targeted,single
53,Greedy,Greedy,,1,0.8786901831626892,0.8799999952316284,0.88,6,Isolate,14880,attack,attacker,8.568113000023914,6.899,0.0,90.61880953940425,,100.0,0.0,0,targeted,single
54,Greedy,Greedy,,0,0.7828757762908936,0.7799999713897705,0.78,6,Isolate,15438,benign,client,8.87687800002368,,100.0,0.0,7.769,0.0,90.40408101404596,0,targeted,single
55,Greedy,Greedy,,1,0.8823724389076233,0.8799999952316284,0.89,6,Isolate,16062,attack,attacker,8.776567000040814,6.406,0.0,91.03220382351866,,100.0,0.0,0,targeted,single
56,Greedy,Greedy,,1,0.8523920178413391,0.8500000238418579,0.85,6,Isolate,16156,attack,attacker,7.90961799998513,6.453,0.0,90.67688117622212,,100.0,0.0,0,targeted,single
57,Greedy,Greedy,,1,0.8999413847923279,0.8999999761581421,0.9,6,Isolate,16958,attack,attacker,8.783383000036338,6.581,0.0,90.52205149362031,,100.0,0.0,0,targeted,single
58,Greedy,Greedy,,0,0.8077142834663391,0.800000011920929,0.81,6,Isolate,17203,benign,client,8.58786699996017,,100.0,0.0,7.255,0.0,91.05350522474825,0,targeted,single
59,Greedy,Greedy,,0,0.8294690847396851,0.8299999833106995,0.83,6,Isolate,17359,benign,client,8.650498000065454,,100.0,0.0,6.591,0.0,91.00675506538545,0,targeted,single
60,Greedy,Greedy,,0,0.8367106914520264,0.8299999833106995,0.83,6,Isolate,17639,benign,client,8.239393999929234,,100.0,0.0,6.402,0.0,90.55093373669207,70,targeted,single
61,Greedy,Greedy,,0,0.8378546833992004,0.8399999737739563,0.84,6,Isolate,17792,benign,client,8.891554000001634,,100.0,0.0,6.693,0.0,90.48973511136951,0,targeted,single
62,Greedy,Greedy,,1,0.8575001358985901,0.8600000143051147,0.86,6,Isolate,17886,attack,attacker,9.125427000071795,7.024,0.0,90.3372636932324,,100.0,0.0,0,targeted,single
63,Greedy,Greedy,,0,0.7899861931800842,0.7900000214576721,0.78,6,Isolate,18045,benign,client,8.835118999968472,,100.0,0.0,6.71,0.0,90.7778585787892,0,targeted,single
64,Greedy,Greedy,,0,0.8586136102676392,0.8500000238418579,0.84,6,Isolate,18103,benign,client,9.149282999942443,,100.0,0.0,6.691,0.0,90.5496167662929,0,targeted,single
65,Greedy,Greedy,,0,0.8233593702316284,0.8199999928474426,0.82,6,Isolate,18713,benign,client,9.241202999987763,,100.0,0.0,6.338,0.0,90.73172153485186,0,targeted,single
66,Greedy,Greedy,,0,0.8056234121322632,0.800000011920929,0.8,6,Isolate,18882,benign,client,9.947842999963541,,100.0,0.0,6.663,0.0,91.0791466889028,0,targeted,single
67,Greedy,Greedy,,0,0.8265945315361023,0.8299999833106995,0.82,6,Isolate,19001,benign,client,8.754406000093695,,100.0,0.0,6.338,0.0,90.62301393441355,0,targeted,single
68,Greedy,Greedy,,1,0.8694993853569031,0.8700000047683716,0.88,6,Isolate,19305,attack,attacker,8.232815999917875,7.324,0.0,90.6541055873263,,100.0,0.0,0,targeted,single
69,Greedy,Greedy,,1,0.8604289293289185,0.8600000143051147,0.87,6,Isolate,19337,attack,attacker,8.466428000019732,6.579,0.0,90.79788242500254,,100.0,0.0,0,targeted,single
70,Greedy,Greedy,,0,0.8287397623062134,0.8299999833106995,0.83,6,Isolate,19448,benign,client,9.52008299998397,,100.0,0.0,6.941,0.0,90.84731789217945,0,targeted,single
71,Greedy,Greedy,,0,0.7975900769233704,0.800000011920929,0.8,6,Isolate,19709,benign,client,8.318573999986256,,100.0,0.0,6.65,0.0,90.53447435962687,0,targeted,single
72,Greedy,Greedy,,0,0.6926899552345276,0.6899999976158142,0.69,1,Inspect,19803,benign,client,0.0018179999869971653,6.78,0.0,90.50502701121333,6.505,0.0,90.81369260825608,70,targeted,single
73,Greedy,Greedy,,0,0.7526609301567078,0.75,0.75,6,Isolate,19816,benign,client,9.03219799999988,,100.0,0.0,6.572,0.0,90.96619954450566,0,targeted,single
74,Greedy,Greedy,,0,0.7800804376602173,0.7799999713897705,0.78,6,Isolate,19847,benign,client,8.952690000000985,,100.0,0.0,6.82,0.0,90.48562526682956,0,targeted,single
75,Greedy,Greedy,,1,0.910107433795929,0.9100000262260436,0.91,6,Isolate,20083,attack,attacker,8.493150000049354,6.456,0.0,90.7642937194194,,100.0,0.0,0,targeted,single
76,Greedy,Greedy,,1,0.9488750696182252,0.949999988079071,0.95,6,Isolate,20134,attack,attacker,7.8266870000334166,6.257,0.0,91.05424994866719,,100.0,0.0,0,targeted,single
77,Greedy,Greedy,,1,0.8454464077949524,0.8500000238418579,0.85,6,Isolate,20212,attack,attacker,8.40142200001992,6.627,0.0,90.7380853267409,,100.0,0.0,0,targeted,single
78,Greedy,Greedy,,1,0.8581823706626892,0.8600000143051147,0.86,6,Isolate,20257,attack,attacker,9.27917800004252,6.367,0.0,90.77752768032077,,100.0,0.0,0,targeted,single
79,Greedy,Greedy,,0,0.8401124477386475,0.8399999737739563,0.84,6,Isolate,20753,benign,client,8.263046000024588,,100.0,0.0,7.593,0.0,90.70668826550914,0,targeted,single
80,Greedy,Greedy,,0,0.8276398181915283,0.8299999833106995,0.83,6,Isolate,21426,benign,client,9.264585999972041,,100.0,0.0,6.731,0.0,91.00110171798579,0,targeted,single
81,Greedy,Greedy,,0,0.8077338337898254,0.8100000023841858,0.81,6,Isolate,21444,benign,client,8.270928999991156,,100.0,0.0,6.69,0.0,90.6498983069356,0,targeted,single
82,Greedy,Greedy,,1,0.8508247137069702,0.8500000238418579,0.85,6,Isolate,21705,attack,attacker,8.835936999957994,6.869,0.0,90.62375592697313,,100.0,0.0,0,targeted,single
83,Greedy,Greedy,,1,0.886523425579071,0.8799999952316284,0.88,6,Isolate,22059,attack,attacker,8.705052999971485,6.257,0.0,91.06248693948334,,100.0,0.0,0,targeted,single
84,Greedy,Greedy,,0,0.8100687265396118,0.8100000023841858,0.81,6,Isolate,22266,benign,client,8.707651999998234,,100.0,0.0,7.011,0.0,90.75635519485134,0,targeted,single
85,Greedy,Greedy,,1,0.847369909286499,0.8500000238418579,0.85,6,Isolate,22361,attack,attacker,9.613536000074419,6.601,0.0,90.81659035918305,,100.0,0.0,0,targeted,single
86,Greedy,Greedy,,1,0.8598287105560303,0.8600000143051147,0.86,6,Isolate,22536,attack,attacker,8.336646999964614,6.624,0.0,90.80291649490208,,100.0,0.0,0,targeted,single
87,Greedy,Greedy,,1,0.8598287105560303,0.8600000143051147,0.86,6,Isolate,22548,attack,attacker,8.72667500004809,6.771,0.0,90.62334370738442,,100.0,0.0,0,targeted,single
88,Greedy,Greedy,,1,0.880372166633606,0.8799999952316284,0.89,6,Isolate,22613,attack,attacker,8.545914000023913,6.598,0.0,90.78273961142347,,100.0,0.0,0,targeted,single
89,Greedy,Greedy,,1,0.8707939386367798,0.8700000047683716,0.87,6,Isolate,22848,attack,attacker,8.749117999968803,6.459,0.0,91.08147844723541,,100.0,0.0,0,targeted,single
90,Greedy,Greedy,,1,0.8508075475692749,0.8500000238418579,0.85,6,Isolate,22856,attack,attacker,8.850308999967638,6.717,0.0,90.6632639594879,,100.0,0.0,0,targeted,single
91,Greedy,Greedy,,0,0.830065131187439,0.8299999833106995,0.82,6,Isolate,23186,benign,client,9.91502700003366,,100.0,0.0,7.181,0.0,90.81907429288287,0,targeted,single
92,Greedy,Greedy,,0,0.7924128174781799,0.7900000214576721,0.78,6,Isolate,23283,benign,client,8.400251000011849,,100.0,0.0,6.392,0.0,90.47683145367334,0,targeted,single
93,Greedy,Greedy,,0,0.7760483622550964,0.7799999713897705,0.78,6,Isolate,23456,benign,client,8.755027999995946,,100.0,0.0,6.656,0.0,90.80640765140598,0,targeted,single
94,Greedy,Greedy,,0,0.7760480642318726,0.7799999713897705,0.78,6,Isolate,23465,benign,client,9.283740000000762,,100.0,0.0,6.558,0.0,90.76652667968433,0,targeted,single
95,Greedy,Greedy,,1,0.8600333333015442,0.8600000143051147,0.86,6,Isolate,23536,attack,attacker,8.70562299996891,8.104,0.0,90.65427058667214,,100.0,0.0,0,targeted,single
96,Greedy,Greedy,,1,0.8492719531059265,0.8500000238418579,0.85,6,Isolate,23727,attack,attacker,8.715804999951615,6.561,0.0,90.54220952152424,,100.0,0.0,0,targeted,single
97,Greedy,Greedy,,0,0.8246086239814758,0.8199999928474426,0.82,6,Isolate,23846,benign,client,8.380765000083557,,100.0,0.0,6.485,0.0,90.81120896892546,0,targeted,single
98,Greedy,Greedy,,0,0.8473970890045166,0.8399999737739563,0.84,6,Isolate,23889,benign,client,8.816813000066759,,100.0,0.0,6.589,0.0,91.08214468583132,0,targeted,single
99,Greedy,Greedy,,1,0.8532842397689819,0.8500000238418579,0.85,6,Isolate,24271,attack,attacker,8.113133000051675,6.276,0.0,90.80144130545156,,100.0,0.0,0,targeted,single
100,Greedy,Greedy,,0,0.8334739208221436,0.8299999833106995,0.83,6,Isolate,24798,benign,client,9.721149000029072,,100.0,0.0,6.398,0.0,90.67209405202497,0,targeted,single
101,Greedy,Greedy,,0,0.8424508571624756,0.8399999737739563,0.84,6,Isolate,25175,benign,client,8.704964000003201,,100.0,0.0,6.261,0.0,90.75164235288973,0,targeted,single
102,Greedy,Greedy,,0,0.8324522972106934,0.8299999833106995,0.83,6,Isolate,25181,benign,client,8.476476999931037,,100.0,0.0,6.87,0.0,90.6494033584463,0,targeted,single
103,Greedy,Greedy,,0,0.8324527740478516,0.8299999833106995,0.83,6,Isolate,25182,benign,client,8.086817999924278,,100.0,0.0,6.164,0.0,90.37980219184,0,targeted,single
104,Greedy,Greedy,,1,0.848400354385376,0.8500000238418579,0.85,6,Isolate,25757,attack,attacker,8.21471400001883,6.817,0.0,90.5451722740023,,100.0,0.0,0,targeted,single
105,Greedy,Greedy,,1,0.8757197856903076,0.8799999952316284,0.87,6,Isolate,25947,attack,attacker,9.708142000022235,6.654,0.0,90.91505809124844,,100.0,0.0,0,targeted,single
106,Greedy,Greedy,,1,0.9076886177062988,0.9100000262260436,0.91,6,Isolate,26007,attack,attacker,8.447179999961918,6.512,0.0,90.76735372988675,,100.0,0.0,0,targeted,single
107,Greedy,Greedy,,0,0.8287405371665955,0.8299999833106995,0.83,6,Isolate,26111,benign,client,8.6095970000315,,100.0,0.0,6.867,0.0,90.6519606504864,0,targeted,single
108,Greedy,Greedy,,0,0.8200234174728394,0.8199999928474426,0.82,6,Isolate,26168,benign,client,8.146029999920756,,100.0,0.0,6.19,0.0,90.73643230796276,0,targeted,single
109,Greedy,Greedy,,0,0.8145485520362854,0.8100000023841858,0.82,6,Isolate,26613,benign,client,8.158229000059691,,100.0,0.0,6.635,0.0,90.59490960946269,0,targeted,single
110,Greedy,Greedy,,0,0.8191828727722168,0.8100000023841858,0.82,6,Isolate,27025,benign,client,8.018499999934647,,100.0,0.0,6.337,0.0,90.62573463320196,0,targeted,single
111,Greedy,Greedy,,0,0.8191828727722168,0.8100000023841858,0.82,6,Isolate,27026,benign,client,8.06796699998813,,100.0,0.0,6.654,0.0,90.74626865671641,0,targeted,single
112,Greedy,Greedy,,1,0.8483954071998596,0.8500000238418579,0.85,6,Isolate,28043,attack,attacker,7.740369999964969,6.985,0.0,90.95656461435914,,100.0,0.0,0,targeted,single
113,Greedy,Greedy,,1,0.8561848402023315,0.8600000143051147,0.86,6,Isolate,28140,attack,attacker,9.471582000060152,6.722,0.0,90.51571796707749,,100.0,0.0,0,targeted,single
114,Greedy,Greedy,,0,0.8438663482666016,0.8500000238418579,0.84,6,Isolate,28155,benign,client,9.342870000068615,,100.0,0.0,6.778,0.0,90.9347343773713,0,targeted,single
115,Greedy,Greedy,,1,0.8501219153404236,0.8500000238418579,0.85,6,Isolate,29007,attack,attacker,9.156776999930116,6.659,0.0,90.58510604438925,,100.0,0.0,0,targeted,single
116,Greedy,Greedy,,0,0.8129814267158508,0.8199999928474426,0.82,6,Isolate,29435,benign,client,8.333918000062113,,100.0,0.0,6.764,0.0,90.75461882770739,0,targeted,single
117,Greedy,Greedy,,0,0.8129838705062866,0.8199999928474426,0.82,6,Isolate,29438,benign,client,7.8937760000599155,,100.0,0.0,6.335,0.0,90.59252030982431,0,targeted,single
118,Greedy,Greedy,,0,0.8164951801300049,0.8199999928474426,0.82,6,Isolate,29552,benign,client,9.076300000060655,,100.0,0.0,6.645,0.0,90.5912021294881,0,targeted,single
0,RA-Threshold,RA-Threshold,,1,0.8656986355781555,0.8600000143051147,0.85,6,Isolate,271,attack,attacker,8.496042999922793,7.097,0.0,90.5371074578465,,100.0,0.0,750,targeted,single
1,RA-Threshold,RA-Threshold,,0,0.8092101216316223,0.8100000023841858,0.8,0,Forward,323,benign,client,0.0011140000424347818,6.516,0.0,90.50387582813346,7.024,0.0,90.82429099595637,280,targeted,single
2,RA-Threshold,RA-Threshold,,1,0.8699979186058044,0.8700000047683716,0.86,6,Isolate,596,attack,attacker,8.149860999992597,6.294,0.0,90.4643422461447,,100.0,0.0,0,targeted,single
3,RA-Threshold,RA-Threshold,,1,0.8955565094947815,0.8899999856948853,0.9,6,Isolate,662,attack,attacker,9.516426000004685,6.587,0.0,90.42090338556277,,100.0,0.0,210,targeted,single
4,RA-Threshold,RA-Threshold,,0,0.7705909609794617,0.7699999809265137,0.77,0,Forward,1203,benign,client,0.0013430000080916216,6.147,0.0,91.034533178829,6.23,0.0,91.05000978003154,0,targeted,single
5,RA-Threshold,RA-Threshold,,1,0.8352600336074829,0.8299999833106995,0.85,0,Forward,2496,attack,attacker,0.0014600000213249587,6.346,0.0,90.69537412686735,6.387,0.0,90.60718765377524,0,targeted,single
6,RA-Threshold,RA-Threshold,,1,0.8638322949409485,0.8600000143051147,0.86,6,Isolate,3048,attack,attacker,10.323544000016227,6.654,0.0,90.62746607203455,,100.0,0.0,0,targeted,single
7,RA-Threshold,RA-Threshold,,1,0.86383455991745,0.8600000143051147,0.86,6,Isolate,3050,attack,attacker,7.895975999986149,6.236,0.0,91.0004167476507,,100.0,0.0,140,targeted,single
8,RA-Threshold,RA-Threshold,,0,0.7998348474502563,0.800000011920929,0.8,0,Forward,3598,benign,client,0.0015560000292680343,14.497,0.0,90.71230509070345,6.627,0.0,90.5750575330309,70,targeted,single
9,RA-Threshold,RA-Threshold,,1,0.8622992634773254,0.8600000143051147,0.87,6,Isolate,3871,attack,attacker,8.683915999995406,6.618,0.0,90.8541122283786,,100.0,0.0,0,targeted,single
10,RA-Threshold,RA-Threshold,,0,0.8182438611984253,0.8199999928474426,0.82,0,Forward,4169,benign,client,0.0019899999870176543,6.721,0.0,90.6126273142147,6.574,0.0,90.5747281113868,0,targeted,single
11,RA-Threshold,RA-Threshold,,1,0.8727920651435852,0.8799999952316284,0.88,5,Drop,4879,attack,attacker,8.815743000013754,6.764,0.0,90.61740816109321,,100.0,0.0,0,targeted,single
12,RA-Threshold,RA-Threshold,,1,0.8727920651435852,0.8799999952316284,0.88,5,Drop,4880,attack,attacker,7.98064200000681,6.212,0.0,90.68365004196684,,100.0,0.0,0,targeted,single
13,RA-Threshold,RA-Threshold,,1,0.8686891794204712,0.8700000047683716,0.87,5,Drop,4996,attack,attacker,7.8885809999746925,6.621,0.0,90.57966968766452,,100.0,0.0,0,targeted,single
14,RA-Threshold,RA-Threshold,,1,0.8686892986297607,0.8700000047683716,0.87,5,Drop,5001,attack,attacker,9.471204999954352,6.816,0.0,91.04493354062188,,100.0,0.0,0,targeted,single
15,RA-Threshold,RA-Threshold,,1,0.8786917328834534,0.8799999952316284,0.88,5,Drop,5006,attack,attacker,9.468979999951443,6.559,0.0,90.5426210033294,,100.0,0.0,70,targeted,single
16,RA-Threshold,RA-Threshold,,0,0.8206165432929993,0.8100000023841858,0.82,0,Forward,5672,benign,client,0.001194999981635192,6.597,0.0,90.77918219678675,6.969,0.0,91.1385604614077,0,targeted,single
17,RA-Threshold,RA-Threshold,,1,0.8545636534690857,0.8500000238418579,0.85,5,Drop,6640,attack,attacker,8.48496100002194,6.663,0.0,90.77653499938945,,100.0,0.0,210,targeted,single
18,RA-Threshold,RA-Threshold,,0,0.789990246295929,0.7900000214576721,0.79,0,Forward,7247,benign,client,0.0014139999393592007,6.648,0.0,90.7372588098233,6.775,0.0,90.9159708272222,0,targeted,single
19,RA-Threshold,RA-Threshold,,0,0.8111498951911926,0.8100000023841858,0.81,0,Forward,7257,benign,client,0.0013059999446340953,6.132,0.0,90.99893599999275,6.322,0.0,90.84665508451778,0,targeted,single
20,RA-Threshold,RA-Threshold,,0,0.8311519026756287,0.8299999833106995,0.83,0,Forward,7262,benign,client,0.0014559999499397236,6.749,0.0,90.8381222996522,6.578,0.0,90.80152407343265,0,targeted,single
21,RA-Threshold,RA-Threshold,,0,0.7872647643089294,0.7799999713897705,0.78,0,Forward,7509,benign,client,0.0014489999102806905,6.623,0.0,90.6545180868171,6.8,0.0,90.9808219578445,0,targeted,single
22,RA-Threshold,RA-Threshold,,1,0.8778383731842041,0.8799999952316284,0.88,5,Drop,7713,attack,attacker,7.636512999965817,6.615,0.0,90.73610171143444,,100.0,0.0,0,targeted,single
23,RA-Threshold,RA-Threshold,,1,0.8668792843818665,0.8700000047683716,0.87,5,Drop,8112,attack,attacker,9.510140999964278,6.575,0.0,90.64272208280028,,100.0,0.0,0,targeted,single
24,RA-Threshold,RA-Threshold,,1,0.8844065070152283,0.8899999856948853,0.89,5,Drop,8140,attack,attacker,8.913457000062408,6.775,0.0,91.1788525610515,,100.0,0.0,0,targeted,single
25,RA-Threshold,RA-Threshold,,1,0.8844060301780701,0.8899999856948853,0.89,5,Drop,8142,attack,attacker,8.743372000026284,6.795,0.0,90.67151632983901,,100.0,0.0,0,targeted,single
26,RA-Threshold,RA-Threshold,,0,0.8399470448493958,0.8399999737739563,0.84,0,Forward,8745,benign,client,0.0014470001588051673,6.844,0.0,90.83629997081995,7.445,0.0,90.94593533567419,0,targeted,single
27,RA-Threshold,RA-Threshold,,0,0.8219642043113708,0.8199999928474426,0.82,0,Forward,8836,benign,client,0.0012769999102602014,6.471,0.0,90.40966042393687,6.679,0.0,90.6402477861934,0,targeted,single
28,RA-Threshold,RA-Threshold,,0,0.8388247489929199,0.8299999833106995,0.84,0,Forward,9547,benign,client,0.0024390001271967776,6.418,0.0,90.82851448026595,6.589,0.0,90.67745896677565,0,targeted,single
29,RA-Threshold,RA-Threshold,,1,0.8561859130859375,0.8600000143051147,0.86,5,Drop,10043,attack,attacker,8.613967999963279,6.145,0.0,90.94130656317077,,100.0,0.0,0,targeted,single
30,RA-Threshold,RA-Threshold,,1,0.892324686050415,0.8899999856948853,0.89,5,Drop,10279,attack,attacker,8.999958999993396,6.655,0.0,90.7619781729653,,100.0,0.0,0,targeted,single
31,RA-Threshold,RA-Threshold,,1,0.8923255801200867,0.8899999856948853,0.89,5,Drop,10280,attack,attacker,8.63303400001314,7.054,0.0,90.969771632036,,100.0,0.0,0,targeted,single
32,RA-Threshold,RA-Threshold,,0,0.8032602667808533,0.800000011920929,0.8,0,Forward,10658,benign,client,0.0011709998943842947,6.181,0.0,90.75767818584353,6.476,0.0,90.7928342592044,0,targeted,single
33,RA-Threshold,RA-Threshold,,1,0.8678531646728516,0.8600000143051147,0.87,5,Drop,10853,attack,attacker,8.266327999990608,6.822,0.0,90.5923555351844,,100.0,0.0,0,targeted,single
34,RA-Threshold,RA-Threshold,,0,0.8378587365150452,0.8299999833106995,0.84,0,Forward,11791,benign,client,0.0011619999895629007,6.689,0.0,90.7660304567973,6.591,0.0,90.91272447464534,70,targeted,single
35,RA-Threshold,RA-Threshold,,1,0.8499701023101807,0.8500000238418579,0.85,5,Drop,11906,attack,attacker,9.269518999872162,6.761,0.0,90.65938586432225,,100.0,0.0,70,targeted,single
36,RA-Threshold,RA-Threshold,,0,0.8349297046661377,0.8399999737739563,0.84,0,Forward,11955,benign,client,0.0012929999684274662,6.645,0.0,90.708918392249,6.65,0.0,90.9316561538672,140,targeted,single
37,RA-Threshold,RA-Threshold,,1,0.8590880036354065,0.8600000143051147,0.86,5,Drop,12438,attack,attacker,7.56892100002915,6.212,0.0,90.8391163280157,,100.0,0.0,0,targeted,single
38,RA-Threshold,RA-Threshold,,1,0.8899794220924377,0.8899999856948853,0.89,5,Drop,12666,attack,attacker,9.209157999976014,6.634,0.0,90.81882589339847,,100.0,0.0,0,targeted,single
39,RA-Threshold,RA-Threshold,,1,0.8740659952163696,0.8700000047683716,0.87,5,Drop,12681,attack,attacker,8.121242000015627,6.182,0.0,90.87989023039573,,100.0,0.0,0,targeted,single
40,RA-Threshold,RA-Threshold,,1,0.8425387740135193,0.8500000238418579,0.85,5,Drop,12878,attack,attacker,8.598443999972005,6.927,0.0,90.72329295104035,,100.0,0.0,0,targeted,single
41,RA-Threshold,RA-Threshold,,1,0.90160071849823,0.8999999761581421,0.9,5,Drop,13299,attack,attacker,8.775710000008985,6.821,0.0,90.7747151407347,,100.0,0.0,0,targeted,single
42,RA-Threshold,RA-Threshold,,1,0.9016007781028748,0.8999999761581421,0.9,5,Drop,13300,attack,attacker,8.619326999905752,6.716,0.0,90.65484808911256,,100.0,0.0,0,targeted,single
43,RA-Threshold,RA-Threshold,,0,0.8007186651229858,0.800000011920929,0.8,0,Forward,13348,benign,client,0.001309000026594731,6.57,0.0,90.9804064834967,6.97,0.0,90.6635940254603,0,targeted,single
44,RA-Threshold,RA-Threshold,,0,0.7630465626716614,0.7599999904632568,0.76,0,Forward,13382,benign,client,0.001526000005469541,6.523,0.0,90.8739866609372,6.579,0.0,90.52081762023586,0,targeted,single
45,RA-Threshold,RA-Threshold,,1,0.8798288702964783,0.8799999952316284,0.87,5,Drop,13628,attack,attacker,8.08926300010171,6.365,0.0,90.79556516444694,,100.0,0.0,0,targeted,single
46,RA-Threshold,RA-Threshold,,0,0.8233427405357361,0.8199999928474426,0.82,0,Forward,13761,benign,client,0.001092000047719921,6.786,0.0,90.90618061557024,6.99,0.0,91.0269138220557,0,targeted,single
47,RA-Threshold,RA-Threshold,,1,0.8986366391181946,0.8999999761581421,0.9,5,Drop,13957,attack,attacker,8.62353999991683,6.694,0.0,90.7750460186991,,100.0,0.0,0,targeted,single
48,RA-Threshold,RA-Threshold,,0,0.7998307943344116,0.800000011920929,0.79,0,Forward,14449,benign,client,0.0010320000001229346,7.35,0.0,90.59037828625785,6.937,0.0,90.8348918577094,0,targeted,single
49,RA-Threshold,RA-Threshold,,0,0.8410383462905884,0.8399999737739563,0.84,0,Forward,14557,benign,client,0.0012660000265896088,6.266,0.0,90.77984402026024,6.277,0.0,90.83687979479006,0,targeted,single
50,RA-Threshold,RA-Threshold,,0,0.8410382866859436,0.8399999737739563,0.84,0,Forward,14558,benign,client,0.00185400017471693,7.075,0.0,90.85518947257054,6.453,0.0,90.80425550145985,0,targeted,single
51,RA-Threshold,RA-Threshold,,1,0.9198984503746032,0.9200000166893004,0.92,5,Drop,14853,attack,attacker,8.185943999933443,6.875,0.0,90.76743643573595,,100.0,0.0,0,targeted,single
52,RA-Threshold,RA-Threshold,,1,0.8886391520500183,0.8899999856948853,0.89,5,Drop,14870,attack,attacker,8.656918999804475,6.297,0.0,90.84938922845974,,100.0,0.0,0,targeted,single
53,RA-Threshold,RA-Threshold,,1,0.8786901831626892,0.8799999952316284,0.88,5,Drop,14880,attack,attacker,9.73100200008048,6.461,0.0,90.8948166586674,,100.0,0.0,0,targeted,single
54,RA-Threshold,RA-Threshold,,0,0.7828757762908936,0.7799999713897705,0.78,0,Forward,15438,benign,client,0.0018969999473483767,6.459,0.0,90.7800922065507,6.873,0.0,90.8033450071921,0,targeted,single
55,RA-Threshold,RA-Threshold,,1,0.8823724389076233,0.8799999952316284,0.89,5,Drop,16062,attack,attacker,9.076705000097718,6.613,0.0,90.75776087406125,,100.0,0.0,0,targeted,single
56,RA-Threshold,RA-Threshold,,1,0.8523920178413391,0.8500000238418579,0.85,5,Drop,16156,attack,attacker,8.826199000168344,6.979,0.0,90.75503224242954,,100.0,0.0,0,targeted,single
57,RA-Threshold,RA-Threshold,,1,0.8999413847923279,0.8999999761581421,0.9,5,Drop,16958,attack,attacker,9.13086600007773,6.442,0.0,90.83389792179774,,100.0,0.0,0,targeted,single
58,RA-Threshold,RA-Threshold,,0,0.8077142834663391,0.800000011920929,0.81,0,Forward,17203,benign,client,0.0012250000054336851,6.675,0.0,91.024362190228,7.359,0.0,90.74511132852709,0,targeted,single
59,RA-Threshold,RA-Threshold,,0,0.8294690847396851,0.8299999833106995,0.83,0,Forward,17359,benign,client,0.00176799994733301,6.48,0.0,90.86181922994129,6.641,0.0,90.8075665436327,0,targeted,single
60,RA-Threshold,RA-Threshold,,0,0.8367106914520264,0.8299999833106995,0.83,0,Forward,17639,benign,client,0.0012489999789977446,6.466,0.0,90.8974707592467,6.538,0.0,90.7529652064826,0,targeted,single
61,RA-Threshold,RA-Threshold,,0,0.8378546833992004,0.8399999737739563,0.84,0,Forward,17792,benign,client,0.0015370001165138092,6.475,0.0,90.6762208531772,6.521,0.0,90.71337897472604,0,targeted,single
62,RA-Threshold,RA-Threshold,,1,0.8575001358985901,0.8600000143051147,0.86,5,Drop,17886,attack,attacker,8.166948000052798,6.738,0.0,90.75602445313001,,100.0,0.0,0,targeted,single
63,RA-Threshold,RA-Threshold,,0,0.7899861931800842,0.7900000214576721,0.78,0,Forward,18045,benign,client,0.0018159998944611289,6.854,0.0,90.72122736061186,6.816,0.0,90.66450171927646,0,targeted,single
64,RA-Threshold,RA-Threshold,,0,0.8586136102676392,0.8500000238418579,0.84,5,Drop,18103,benign,client,9.04754199996205,,100.0,0.0,6.549,0.0,90.7406476248775,0,targeted,single
65,RA-Threshold,RA-Threshold,,0,0.8233593702316284,0.8199999928474426,0.82,0,Forward,18713,benign,client,0.001534999910290935,139.962,0.0,90.58164646915633,6.615,0.0,90.82271764143823,0,targeted,single
66,RA-Threshold,RA-Threshold,,0,0.8056234121322632,0.800000011920929,0.8,0,Forward,18882,benign,client,0.0014510001165035646,6.681,0.0,90.89639251219299,6.609,0.0,90.9870545284489,0,targeted,single
67,RA-Threshold,RA-Threshold,,0,0.8265945315361023,0.8299999833106995,0.82,0,Forward,19001,benign,client,0.0013819999367115088,6.231,0.0,90.74230079724825,6.421,0.0,90.60141903058074,0,targeted,single
68,RA-Threshold,RA-Threshold,,1,0.8694993853569031,0.8700000047683716,0.88,5,Drop,19305,attack,attacker,8.725103999950079,6.543,0.0,90.40301444056426,,100.0,0.0,0,targeted,single
69,RA-Threshold,RA-Threshold,,1,0.8604289293289185,0.8600000143051147,0.87,5,Drop,19337,attack,attacker,8.915419000004476,6.69,0.0,90.9339803662747,,100.0,0.0,0,targeted,single
70,RA-Threshold,RA-Threshold,,0,0.8287397623062134,0.8299999833106995,0.83,0,Forward,19448,benign,client,0.0013919998309575021,6.649,0.0,90.78960703752446,6.645,0.0,90.69339237851067,0,targeted,single
71,RA-Threshold,RA-Threshold,,0,0.7975900769233704,0.800000011920929,0.8,0,Forward,19709,benign,client,0.0013410001429292606,6.655,0.0,90.80557988935391,6.52,0.0,90.77488057941537,0,targeted,single
72,RA-Threshold,RA-Threshold,,0,0.6926899552345276,0.6899999976158142,0.69,0,Forward,19803,benign,client,0.0011560000530153047,6.598,0.0,90.775625060941,6.675,0.0,90.6397529430819,140,targeted,single
73,RA-Threshold,RA-Threshold,,0,0.7526609301567078,0.75,0.75,0,Forward,19816,benign,client,0.0014340000689117005,6.396,0.0,90.36840548734577,6.694,0.0,90.67638593303684,0,targeted,single
74,RA-Threshold,RA-Threshold,,0,0.7800804376602173,0.7799999713897705,0.78,0,Forward,19847,benign,client,0.0013579999631474493,6.609,0.0,90.59886458926398,6.876,0.0,90.66705986327315,0,targeted,single
75,RA-Threshold,RA-Threshold,,1,0.910107433795929,0.9100000262260436,0.91,5,Drop,20083,attack,attacker,8.911739000041052,6.57,0.0,90.62713626906097,,100.0,0.0,0,targeted,single
76,RA-Threshold,RA-Threshold,,1,0.9488750696182252,0.949999988079071,0.95,5,Drop,20134,attack,attacker,9.176122000098985,6.699,0.0,90.55447328446903,,100.0,0.0,0,targeted,single
77,RA-Threshold,RA-Threshold,,1,0.8454464077949524,0.8500000238418579,0.85,5,Drop,20212,attack,attacker,7.95177099985267,6.146,0.0,91.02041155865317,,100.0,0.0,140,targeted,single
78,RA-Threshold,RA-Threshold,,1,0.8581823706626892,0.8600000143051147,0.86,5,Drop,20257,attack,attacker,9.272922000036488,6.385,0.0,90.64758859355932,,100.0,0.0,0,targeted,single
79,RA-Threshold,RA-Threshold,,0,0.8401124477386475,0.8399999737739563,0.84,0,Forward,20753,benign,client,0.0013490000583260553,6.768,0.0,90.62218951248646,7.194,0.0,90.75999351289494,0,targeted,single
80,RA-Threshold,RA-Threshold,,0,0.8276398181915283,0.8299999833106995,0.83,0,Forward,21426,benign,client,0.0012680000054388074,6.257,0.0,91.0131696246937,6.148,0.0,90.66144863959664,0,targeted,single
81,RA-Threshold,RA-Threshold,,0,0.8077338337898254,0.8100000023841858,0.81,0,Forward,21444,benign,client,0.0012030000107188243,6.876,0.0,90.6999985431872,6.546,0.0,90.66532691124483,0,targeted,single
82,RA-Threshold,RA-Threshold,,1,0.8508247137069702,0.8500000238418579,0.85,5,Drop,21705,attack,attacker,8.592844000077093,6.653,0.0,90.7877039117703,,100.0,0.0,0,targeted,single
83,RA-Threshold,RA-Threshold,,1,0.886523425579071,0.8799999952316284,0.88,5,Drop,22059,attack,attacker,8.698251999931017,6.744,0.0,90.8590014648393,,100.0,0.0,0,targeted,single
84,RA-Threshold,RA-Threshold,,0,0.8100687265396118,0.8100000023841858,0.81,0,Forward,22266,benign,client,0.0010720000318542589,6.721,0.0,90.82644409574026,6.686,0.0,90.79523413688003,0,targeted,single
85,RA-Threshold,RA-Threshold,,1,0.847369909286499,0.8500000238418579,0.85,5,Drop,22361,attack,attacker,7.858670999894457,6.333,0.0,90.66953562394814,,100.0,0.0,0,targeted,single
86,RA-Threshold,RA-Threshold,,1,0.8598287105560303,0.8600000143051147,0.86,5,Drop,22536,attack,attacker,8.245196000189026,6.776,0.0,90.70718383975246,,100.0,0.0,0,targeted,single
87,RA-Threshold,RA-Threshold,,1,0.8598287105560303,0.8600000143051147,0.86,5,Drop,22548,attack,attacker,8.51063800018892,6.239,0.0,90.98805181898977,,100.0,0.0,0,targeted,single
88,RA-Threshold,RA-Threshold,,1,0.880372166633606,0.8799999952316284,0.89,5,Drop,22613,attack,attacker,8.80169900005967,6.789,0.0,90.73320909456903,,100.0,0.0,0,targeted,single
89,RA-Threshold,RA-Threshold,,1,0.8707939386367798,0.8700000047683716,0.87,5,Drop,22848,attack,attacker,8.331816000008985,6.681,0.0,90.4454506577663,,100.0,0.0,0,targeted,single
90,RA-Threshold,RA-Threshold,,1,0.8508075475692749,0.8500000238418579,0.85,5,Drop,22856,attack,attacker,8.939930999986245,6.91,0.0,90.6720115198334,,100.0,0.0,0,targeted,single
91,RA-Threshold,RA-Threshold,,0,0.830065131187439,0.8299999833106995,0.82,0,Forward,23186,benign,client,0.0014810000266152201,10.826,0.0,90.75048488763089,46.073,0.0,90.98580794601575,0,targeted,single
92,RA-Threshold,RA-Threshold,,0,0.7924128174781799,0.7900000214576721,0.78,0,Forward,23283,benign,client,0.0011959998573729536,6.515,0.0,90.90656689487388,6.214,0.0,90.80698709382183,0,targeted,single
93,RA-Threshold,RA-Threshold,,0,0.7760483622550964,0.7799999713897705,0.78,0,Forward,23456,benign,client,0.0017669999579084106,6.757,0.0,90.72527600634619,6.435,0.0,90.53990529252975,0,targeted,single
94,RA-Threshold,RA-Threshold,,0,0.7760480642318726,0.7799999713897705,0.78,0,Forward,23465,benign,client,0.0011269999049545731,6.628,0.0,90.88038769902235,6.791,0.0,91.08580917233887,0,targeted,single
95,RA-Threshold,RA-Threshold,,1,0.8600333333015442,0.8600000143051147,0.86,5,Drop,23536,attack,attacker,8.102291999875888,6.644,0.0,90.72552389435499,,100.0,0.0,0,targeted,single
96,RA-Threshold,RA-Threshold,,1,0.8492719531059265,0.8500000238418579,0.85,5,Drop,23727,attack,attacker,9.207430000060413,6.987,0.0,90.7623916547384,,100.0,0.0,0,targeted,single
97,RA-Threshold,RA-Threshold,,0,0.8246086239814758,0.8199999928474426,0.82,0,Forward,23846,benign,client,0.0012330001482041553,6.362,0.0,90.76106852632546,6.34,0.0,90.54476076900772,0,targeted,single
98,RA-Threshold,RA-Threshold,,0,0.8473970890045166,0.8399999737739563,0.84,0,Forward,23889,benign,client,0.0020720001430163393,6.635,0.0,90.8003653354286,6.827,0.0,90.8719314729842,0,targeted,single
99,RA-Threshold,RA-Threshold,,1,0.8532842397689819,0.8500000238418579,0.85,5,Drop,24271,attack,attacker,8.8138030000664,6.741,0.0,91.013240652421,,100.0,0.0,0,targeted,single
100,RA-Threshold,RA-Threshold,,0,0.8334739208221436,0.8299999833106995,0.83,0,Forward,24798,benign,client,0.001137000026574242,6.512,0.0,90.72081425381317,7.032,0.0,90.82884575054936,0,targeted,single
101,RA-Threshold,RA-Threshold,,0,0.8424508571624756,0.8399999737739563,0.84,0,Forward,25175,benign,client,0.0011300001006020466,6.375,0.0,90.88544560589101,6.569,0.0,90.7288291972505,0,targeted,single
102,RA-Threshold,RA-Threshold,,0,0.8324522972106934,0.8299999833106995,0.83,0,Forward,25181,benign,client,0.0012389998573780758,6.542,0.0,90.7124703019751,6.857,0.0,90.86944464715755,0,targeted,single
103,RA-Threshold,RA-Threshold,,0,0.8324527740478516,0.8299999833106995,0.83,0,Forward,25182,benign,client,0.001410999857398565,6.363,0.0,90.82478785607675,6.147,0.0,90.55529647477415,0,targeted,single
104,RA-Threshold,RA-Threshold,,1,0.848400354385376,0.8500000238418579,0.85,5,Drop,25757,attack,attacker,8.627234999948996,6.645,0.0,90.63892821656955,,100.0,0.0,0,targeted,single
105,RA-Threshold,RA-Threshold,,1,0.8757197856903076,0.8799999952316284,0.87,5,Drop,25947,attack,attacker,9.243664999985413,6.84,0.0,90.66070602968426,,100.0,0.0,0,targeted,single
106,RA-Threshold,RA-Threshold,,1,0.9076886177062988,0.9100000262260436,0.91,5,Drop,26007,attack,attacker,8.989182000050278,6.653,0.0,90.78199501319607,,100.0,0.0,0,targeted,single
107,RA-Threshold,RA-Threshold,,0,0.8287405371665955,0.8299999833106995,0.83,0,Forward,26111,benign,client,0.0016229998891503783,6.667,0.0,90.81493447886677,7.073,0.0,90.9280870589932,0,targeted,single
108,RA-Threshold,RA-Threshold,,0,0.8200234174728394,0.8199999928474426,0.82,0,Forward,26168,benign,client,0.0014150000424706377,6.739,0.0,90.50979651025446,6.694,0.0,90.67770659355264,0,targeted,single
109,RA-Threshold,RA-Threshold,,0,0.8145485520362854,0.8100000023841858,0.82,0,Forward,26613,benign,client,0.0011949998679483542,6.594,0.0,90.7617300857098,6.63,0.0,90.9048532915744,0,targeted,single
110,RA-Threshold,RA-Threshold,,0,0.8191828727722168,0.8100000023841858,0.82,0,Forward,27025,benign,client,0.0012749999314110028,6.352,0.0,91.14606560632,6.389,0.0,90.91505809124844,0,targeted,single
111,RA-Threshold,RA-Threshold,,0,0.8191828727722168,0.8100000023841858,0.82,0,Forward,27026,benign,client,0.0011319998520775698,6.282,0.0,90.7864627857847,6.388,0.0,90.82296606221185,0,targeted,single
112,RA-Threshold,RA-Threshold,,1,0.8483954071998596,0.8500000238418579,0.85,5,Drop,28043,attack,attacker,8.362869000166029,6.649,0.0,90.82478785607675,,100.0,0.0,0,targeted,single
113,RA-Threshold,RA-Threshold,,1,0.8561848402023315,0.8600000143051147,0.86,5,Drop,28140,attack,attacker,8.439006999878984,6.574,0.0,90.7189966285934,,100.0,0.0,0,targeted,single
114,RA-Threshold,RA-Threshold,,0,0.8438663482666016,0.8500000238418579,0.84,5,Drop,28155,benign,client,8.953748000067208,,100.0,0.0,7.208,0.0,90.66194371963024,0,targeted,single
115,RA-Threshold,RA-Threshold,,1,0.8501219153404236,0.8500000238418579,0.85,5,Drop,29007,attack,attacker,8.357770999964487,7.27,0.0,90.55842473443305,,100.0,0.0,0,targeted,single
116,RA-Threshold,RA-Threshold,,0,0.8129814267158508,0.8199999928474426,0.82,0,Forward,29435,benign,client,0.0013559999842982506,6.771,0.0,90.5726692803992,7.162,0.0,90.74469800418493,0,targeted,single
117,RA-Threshold,RA-Threshold,,0,0.8129838705062866,0.8199999928474426,0.82,0,Forward,29438,benign,client,0.0011410002116463147,6.408,0.0,90.48151579559286,6.589,0.0,91.1505692866143,0,targeted,single
118,RA-Threshold,RA-Threshold,,0,0.8164951801300049,0.8199999928474426,0.82,0,Forward,29552,benign,client,0.0010799999472510535,6.511,0.0,90.9075909397872,6.288,0.0,90.74792203391067,0,targeted,single
0,DQN-TFC (seed=42),DQN-TFC,42.0,1,0.8656986355781555,0.8600000143051147,0.85,6,Isolate,271,attack,attacker,10.25919900007466,7.032,0.0,90.5842823120313,,100.0,0.0,750,targeted,single
1,DQN-TFC (seed=42),DQN-TFC,42.0,0,0.8092101216316223,0.8100000023841858,0.8,6,Isolate,323,benign,client,7.622511999898052,,100.0,0.0,7.036,0.0,90.6791923826169,210,targeted,single
2,DQN-TFC (seed=42),DQN-TFC,42.0,1,0.8699979186058044,0.8700000047683716,0.86,6,Isolate,596,attack,attacker,8.74393100002635,6.747,0.0,90.80160684156459,,100.0,0.0,0,targeted,single
3,DQN-TFC (seed=42),DQN-TFC,42.0,1,0.8955565094947815,0.8899999856948853,0.9,6,Isolate,662,attack,attacker,8.836687999973947,6.64,0.0,90.7768658906209,,100.0,0.0,210,targeted,single
4,DQN-TFC (seed=42),DQN-TFC,42.0,0,0.7705909609794617,0.7699999809265137,0.77,6,Isolate,1203,benign,client,8.467969999855995,,100.0,0.0,6.884,0.0,90.64593887035086,0,targeted,single
5,DQN-TFC (seed=42),DQN-TFC,42.0,1,0.8352600336074829,0.8299999833106995,0.85,6,Isolate,2496,attack,attacker,8.614231000137806,6.68,0.0,90.955686532114,,100.0,0.0,0,targeted,single
6,DQN-TFC (seed=42),DQN-TFC,42.0,1,0.8638322949409485,0.8600000143051147,0.86,6,Isolate,3048,attack,attacker,8.38684999985162,6.639,0.0,90.6980991722745,,100.0,0.0,70,targeted,single
7,DQN-TFC (seed=42),DQN-TFC,42.0,1,0.86383455991745,0.8600000143051147,0.86,6,Isolate,3050,attack,attacker,8.14734599998701,6.233,0.0,90.89753728654543,,100.0,0.0,70,targeted,single
8,DQN-TFC (seed=42),DQN-TFC,42.0,0,0.7998348474502563,0.800000011920929,0.8,6,Isolate,3598,benign,client,8.462794000024587,,100.0,0.0,6.993,0.0,90.7347793494112,70,targeted,single
9,DQN-TFC (seed=42),DQN-TFC,42.0,1,0.8622992634773254,0.8600000143051147,0.87,6,Isolate,3871,attack,attacker,8.70036599985724,6.677,0.0,90.88113391217401,,100.0,0.0,0,targeted,single
10,DQN-TFC (seed=42),DQN-TFC,42.0,0,0.8182438611984253,0.8199999928474426,0.82,6,Isolate,4169,benign,client,8.366429000034259,,100.0,0.0,6.485,0.0,90.77388795637665,0,targeted,single
11,DQN-TFC (seed=42),DQN-TFC,42.0,1,0.8727920651435852,0.8799999952316284,0.88,6,Isolate,4879,attack,attacker,8.351930000117136,6.71,0.0,90.77289535504634,,100.0,0.0,0,targeted,single
12,DQN-TFC (seed=42),DQN-TFC,42.0,1,0.8727920651435852,0.8799999952316284,0.88,6,Isolate,4880,attack,attacker,9.230113000057827,6.708,0.0,90.38365640413309,,100.0,0.0,0,targeted,single
13,DQN-TFC (seed=42),DQN-TFC,42.0,1,0.8686891794204712,0.8700000047683716,0.87,6,Isolate,4996,attack,attacker,8.699126000010438,6.626,0.0,90.69421809646765,,100.0,0.0,0,targeted,single
14,DQN-TFC (seed=42),DQN-TFC,42.0,1,0.8686892986297607,0.8700000047683716,0.87,6,Isolate,5001,attack,attacker,10.29106300006788,6.541,0.0,90.8911675234357,,100.0,0.0,70,targeted,single
15,DQN-TFC (seed=42),DQN-TFC,42.0,1,0.8786917328834534,0.8799999952316284,0.88,6,Isolate,5006,attack,attacker,9.633814999915558,7.29,0.0,90.5846118031767,,100.0,0.0,70,targeted,single
16,DQN-TFC (seed=42),DQN-TFC,42.0,0,0.8206165432929993,0.8100000023841858,0.82,6,Isolate,5672,benign,client,8.2049109998934,,100.0,0.0,6.568,0.0,91.0729014958068,0,targeted,single
17,DQN-TFC (seed=42),DQN-TFC,42.0,1,0.8545636534690857,0.8500000238418579,0.85,6,Isolate,6640,attack,attacker,8.09705399979066,6.324,0.0,90.56270586106861,,100.0,0.0,70,targeted,single
18,DQN-TFC (seed=42),DQN-TFC,42.0,0,0.789990246295929,0.7900000214576721,0.79,6,Isolate,7247,benign,client,8.641771999919001,,100.0,0.0,6.695,0.0,91.04027388471583,70,targeted,single
19,DQN-TFC (seed=42),DQN-TFC,42.0,0,0.8111498951911926,0.8100000023841858,0.81,6,Isolate,7257,benign,client,8.158671000046525,,100.0,0.0,6.716,0.0,90.77918219678675,0,targeted,single
20,DQN-TFC (seed=42),DQN-TFC,42.0,0,0.8311519026756287,0.8299999833106995,0.83,6,Isolate,7262,benign,client,9.323347999952603,,100.0,0.0,6.713,0.0,90.70635788568863,0,targeted,single
21,DQN-TFC (seed=42),DQN-TFC,42.0,0,0.7872647643089294,0.7799999713897705,0.78,6,Isolate,7509,benign,client,9.99300100011169,,100.0,0.0,6.338,0.0,90.66309892740287,0,targeted,single
22,DQN-TFC (seed=42),DQN-TFC,42.0,1,0.8778383731842041,0.8799999952316284,0.88,6,Isolate,7713,attack,attacker,8.438189000116836,7.015,0.0,90.7476740234907,,100.0,0.0,0,targeted,single
23,DQN-TFC (seed=42),DQN-TFC,42.0,1,0.8668792843818665,0.8700000047683716,0.87,6,Isolate,8112,attack,attacker,8.255717999873013,6.18,0.0,90.90738785731638,,100.0,0.0,0,targeted,single
24,DQN-TFC (seed=42),DQN-TFC,42.0,1,0.8844065070152283,0.8899999856948853,0.89,6,Isolate,8140,attack,attacker,8.390812000016012,6.881,0.0,90.5248483978288,,100.0,0.0,0,targeted,single
25,DQN-TFC (seed=42),DQN-TFC,42.0,1,0.8844060301780701,0.8899999856948853,0.89,6,Isolate,8142,attack,attacker,8.598785000003772,6.8,0.0,90.9949503438297,,100.0,0.0,0,targeted,single
26,DQN-TFC (seed=42),DQN-TFC,42.0,0,0.8399470448493958,0.8399999737739563,0.84,6,Isolate,8745,benign,client,8.374294999839549,,100.0,0.0,64.637,0.0,90.64626881018873,0,targeted,single
27,DQN-TFC (seed=42),DQN-TFC,42.0,0,0.8219642043113708,0.8199999928474426,0.82,6,Isolate,8836,benign,client,8.392366999942169,,100.0,0.0,6.667,0.0,90.73866389754241,0,targeted,single
28,DQN-TFC (seed=42),DQN-TFC,42.0,0,0.8388247489929199,0.8299999833106995,0.84,6,Isolate,9547,benign,client,9.530949000009059,,100.0,0.0,6.66,0.0,90.8361343081881,70,targeted,single
29,DQN-TFC (seed=42),DQN-TFC,42.0,1,0.8561859130859375,0.8600000143051147,0.86,6,Isolate,10043,attack,attacker,8.983007999859183,7.585,0.0,90.39497492726821,,100.0,0.0,0,targeted,single
30,DQN-TFC (seed=42),DQN-TFC,42.0,1,0.892324686050415,0.8899999856948853,0.89,6,Isolate,10279,attack,attacker,8.925426999894626,6.29,0.0,90.69702564999034,,100.0,0.0,0,targeted,single
31,DQN-TFC (seed=42),DQN-TFC,42.0,1,0.8923255801200867,0.8899999856948853,0.89,6,Isolate,10280,attack,attacker,9.10909799995352,6.802,0.0,90.4657388941562,,100.0,0.0,70,targeted,single
32,DQN-TFC (seed=42),DQN-TFC,42.0,0,0.8032602667808533,0.800000011920929,0.8,6,Isolate,10658,benign,client,7.733839999900738,,100.0,0.0,7.099,0.0,90.6423096906515,0,targeted,single
33,DQN-TFC (seed=42),DQN-TFC,42.0,1,0.8678531646728516,0.8600000143051147,0.87,6,Isolate,10853,attack,attacker,8.800010999948427,6.757,0.0,90.66598707563483,,100.0,0.0,0,targeted,single
34,DQN-TFC (seed=42),DQN-TFC,42.0,0,0.8378587365150452,0.8299999833106995,0.84,6,Isolate,11791,benign,client,9.110403000022416,,100.0,0.0,6.379,0.0,90.90576582265776,0,targeted,single
35,DQN-TFC (seed=42),DQN-TFC,42.0,1,0.8499701023101807,0.8500000238418579,0.85,6,Isolate,11906,attack,attacker,9.306430999913573,6.739,0.0,90.60422084153063,,100.0,0.0,0,targeted,single
36,DQN-TFC (seed=42),DQN-TFC,42.0,0,0.8349297046661377,0.8399999737739563,0.84,6,Isolate,11955,benign,client,8.403326999996352,,100.0,0.0,6.521,0.0,90.61312186118775,0,targeted,single
37,DQN-TFC (seed=42),DQN-TFC,42.0,1,0.8590880036354065,0.8600000143051147,0.86,6,Isolate,12438,attack,attacker,8.139179999943735,6.208,0.0,90.65146567947613,,100.0,0.0,70,targeted,single
38,DQN-TFC (seed=42),DQN-TFC,42.0,1,0.8899794220924377,0.8899999856948853,0.89,6,Isolate,12666,attack,attacker,9.200857999985601,6.797,0.0,90.650970713871,,100.0,0.0,0,targeted,single
39,DQN-TFC (seed=42),DQN-TFC,42.0,1,0.8740659952163696,0.8700000047683716,0.87,6,Isolate,12681,attack,attacker,8.305970000037632,6.477,0.0,90.62004608567425,,100.0,0.0,0,targeted,single
40,DQN-TFC (seed=42),DQN-TFC,42.0,1,0.8425387740135193,0.8500000238418579,0.85,6,Isolate,12878,attack,attacker,8.743372999788335,6.495,0.0,90.88909428167624,,100.0,0.0,0,targeted,single
41,DQN-TFC (seed=42),DQN-TFC,42.0,1,0.90160071849823,0.8999999761581421,0.9,6,Isolate,13299,attack,attacker,8.588172999907329,6.211,0.0,91.114218943652,,100.0,0.0,0,targeted,single
42,DQN-TFC (seed=42),DQN-TFC,42.0,1,0.9016007781028748,0.8999999761581421,0.9,6,Isolate,13300,attack,attacker,9.32307099992613,6.646,0.0,90.68563136458066,,100.0,0.0,0,targeted,single
43,DQN-TFC (seed=42),DQN-TFC,42.0,0,0.8007186651229858,0.800000011920929,0.8,6,Isolate,13348,benign,client,8.68106899997656,,100.0,0.0,6.417,0.0,90.9115732679159,0,targeted,single
44,DQN-TFC (seed=42),DQN-TFC,42.0,0,0.7630465626716614,0.7599999904632568,0.76,5,Drop,13382,benign,client,8.324654999796621,,100.0,0.0,6.607,0.0,90.5781871581656,0,targeted,single
45,DQN-TFC (seed=42),DQN-TFC,42.0,1,0.8798288702964783,0.8799999952316284,0.87,6,Isolate,13628,attack,attacker,9.590113000058409,7.812,0.0,90.93066009920565,,100.0,0.0,0,targeted,single
46,DQN-TFC (seed=42),DQN-TFC,42.0,0,0.8233427405357361,0.8199999928474426,0.82,6,Isolate,13761,benign,client,7.795185999839305,,100.0,0.0,6.814,0.0,90.64346439812442,0,targeted,single
47,DQN-TFC (seed=42),DQN-TFC,42.0,1,0.8986366391181946,0.8999999761581421,0.9,6,Isolate,13957,attack,attacker,8.561470999893572,6.82,0.0,90.74841805881744,,100.0,0.0,0,targeted,single
48,DQN-TFC (seed=42),DQN-TFC,42.0,0,0.7998307943344116,0.800000011920929,0.79,6,Isolate,14449,benign,client,7.985949999920194,,100.0,0.0,6.469,0.0,90.4677928666333,0,targeted,single
49,DQN-TFC (seed=42),DQN-TFC,42.0,0,0.8410383462905884,0.8399999737739563,0.84,6,Isolate,14557,benign,client,9.186869999894043,,100.0,0.0,6.708,0.0,90.87582777378913,0,targeted,single
50,DQN-TFC (seed=42),DQN-TFC,42.0,0,0.8410382866859436,0.8399999737739563,0.84,6,Isolate,14558,benign,client,8.813471999928879,,100.0,0.0,6.382,0.0,90.28314447065733,0,targeted,single
51,DQN-TFC (seed=42),DQN-TFC,42.0,1,0.9198984503746032,0.9200000166893004,0.92,6,Isolate,14853,attack,attacker,9.111320000101841,7.018,0.0,90.73271323591027,,100.0,0.0,0,targeted,single
52,DQN-TFC (seed=42),DQN-TFC,42.0,1,0.8886391520500183,0.8899999856948853,0.89,6,Isolate,14870,attack,attacker,8.02734299986696,6.357,0.0,91.03267609760597,,100.0,0.0,0,targeted,single
53,DQN-TFC (seed=42),DQN-TFC,42.0,1,0.8786901831626892,0.8799999952316284,0.88,6,Isolate,14880,attack,attacker,8.716369000012492,6.591,0.0,90.73775471816701,,100.0,0.0,0,targeted,single
54,DQN-TFC (seed=42),DQN-TFC,42.0,0,0.7828757762908936,0.7799999713897705,0.78,6,Isolate,15438,benign,client,8.820929999956206,,100.0,0.0,7.505,0.0,91.0880579805031,0,targeted,single
55,DQN-TFC (seed=42),DQN-TFC,42.0,1,0.8823724389076233,0.8799999952316284,0.89,6,Isolate,16062,attack,attacker,8.25462000011612,6.477,0.0,90.59268508506361,,100.0,0.0,0,targeted,single
56,DQN-TFC (seed=42),DQN-TFC,42.0,1,0.8523920178413391,0.8500000238418579,0.85,6,Isolate,16156,attack,attacker,8.973382000021957,6.355,0.0,90.86886440738265,,100.0,0.0,0,targeted,single
57,DQN-TFC (seed=42),DQN-TFC,42.0,1,0.8999413847923279,0.8999999761581421,0.9,6,Isolate,16958,attack,attacker,7.963513000049716,6.375,0.0,90.66912298777967,,100.0,0.0,70,targeted,single
58,DQN-TFC (seed=42),DQN-TFC,42.0,0,0.8077142834663391,0.800000011920929,0.81,6,Isolate,17203,benign,client,9.155725000027815,,100.0,0.0,7.043,0.0,90.91953897097211,0,targeted,single
59,DQN-TFC (seed=42),DQN-TFC,42.0,0,0.8294690847396851,0.8299999833106995,0.83,6,Isolate,17359,benign,client,7.92483500003982,,100.0,0.0,6.416,0.0,90.64280456168031,0,targeted,single
60,DQN-TFC (seed=42),DQN-TFC,42.0,0,0.8367106914520264,0.8299999833106995,0.83,6,Isolate,17639,benign,client,9.334111000043777,,100.0,0.0,6.847,0.0,90.7327958786437,0,targeted,single
61,DQN-TFC (seed=42),DQN-TFC,42.0,0,0.8378546833992004,0.8399999737739563,0.84,6,Isolate,17792,benign,client,8.469903999866801,,100.0,0.0,6.252,0.0,90.99004646565953,70,targeted,single
62,DQN-TFC (seed=42),DQN-TFC,42.0,1,0.8575001358985901,0.8600000143051147,0.86,6,Isolate,17886,attack,attacker,8.9319720000276,6.937,0.0,90.7757077818643,,100.0,0.0,0,targeted,single
63,DQN-TFC (seed=42),DQN-TFC,42.0,0,0.7899861931800842,0.7900000214576721,0.78,6,Isolate,18045,benign,client,8.553364000135844,,100.0,0.0,6.649,0.0,90.70701864773635,0,targeted,single
64,DQN-TFC (seed=42),DQN-TFC,42.0,0,0.8586136102676392,0.8500000238418579,0.84,6,Isolate,18103,benign,client,8.743916999947032,,100.0,0.0,6.616,0.0,90.69842949193624,0,targeted,single
65,DQN-TFC (seed=42),DQN-TFC,42.0,0,0.8233593702316284,0.8199999928474426,0.82,6,Isolate,18713,benign,client,9.030499999880703,,100.0,0.0,6.621,0.0,91.07681504995685,0,targeted,single
66,DQN-TFC (seed=42),DQN-TFC,42.0,0,0.8056234121322632,0.800000011920929,0.8,6,Isolate,18882,benign,client,8.426814999893395,,100.0,0.0,6.68,0.0,90.77140649375265,0,targeted,single
67,DQN-TFC (seed=42),DQN-TFC,42.0,0,0.8265945315361023,0.8299999833106995,0.82,6,Isolate,19001,benign,client,8.717663999959768,,100.0,0.0,6.726,0.0,90.79101374697295,0,targeted,single
68,DQN-TFC (seed=42),DQN-TFC,42.0,1,0.8694993853569031,0.8700000047683716,0.88,6,Isolate,19305,attack,attacker,7.690604999879724,6.576,0.0,90.80127576994211,,100.0,0.0,0,targeted,single
69,DQN-TFC (seed=42),DQN-TFC,42.0,1,0.8604289293289185,0.8600000143051147,0.87,6,Isolate,19337,attack,attacker,8.711998999842763,6.602,0.0,90.35922462197146,,100.0,0.0,0,targeted,single
70,DQN-TFC (seed=42),DQN-TFC,42.0,0,0.8287397623062134,0.8299999833106995,0.83,6,Isolate,19448,benign,client,8.807375000060347,,100.0,0.0,6.314,0.0,90.95772734245455,0,targeted,single
71,DQN-TFC (seed=42),DQN-TFC,42.0,0,0.7975900769233704,0.800000011920929,0.8,6,Isolate,19709,benign,client,9.229370999946696,,100.0,0.0,6.632,0.0,90.69875981400396,0,targeted,single
72,DQN-TFC (seed=42),DQN-TFC,42.0,0,0.6926899552345276,0.6899999976158142,0.69,5,Drop,19803,benign,client,8.789406999994753,,100.0,0.0,6.629,0.0,91.09972024812774,0,targeted,single
73,DQN-TFC (seed=42),DQN-TFC,42.0,0,0.7526609301567078,0.75,0.75,6,Isolate,19816,benign,client,8.236565000061091,,100.0,0.0,6.631,0.0,90.759662744655,0,targeted,single
74,DQN-TFC (seed=42),DQN-TFC,42.0,0,0.7800804376602173,0.7799999713897705,0.78,6,Isolate,19847,benign,client,8.88480100002198,,100.0,0.0,6.656,0.0,91.06532514475967,0,targeted,single
75,DQN-TFC (seed=42),DQN-TFC,42.0,1,0.910107433795929,0.9100000262260436,0.91,6,Isolate,20083,attack,attacker,8.15562000002501,6.492,0.0,90.77670044470366,,100.0,0.0,70,targeted,single
76,DQN-TFC (seed=42),DQN-TFC,42.0,1,0.9488750696182252,0.949999988079071,0.95,6,Isolate,20134,attack,attacker,8.721195999896736,6.657,0.0,90.6441242441752,,100.0,0.0,0,targeted,single
77,DQN-TFC (seed=42),DQN-TFC,42.0,1,0.8454464077949524,0.8500000238418579,0.85,6,Isolate,20212,attack,attacker,8.117674999994051,6.196,0.0,90.50157354982667,,100.0,0.0,0,targeted,single
78,DQN-TFC (seed=42),DQN-TFC,42.0,1,0.8581823706626892,0.8600000143051147,0.86,6,Isolate,20257,attack,attacker,8.974504999969213,6.538,0.0,90.83182729184257,,100.0,0.0,0,targeted,single
79,DQN-TFC (seed=42),DQN-TFC,42.0,0,0.8401124477386475,0.8399999737739563,0.84,6,Isolate,20753,benign,client,9.410353000021132,,100.0,0.0,7.089,0.0,91.07410362891187,0,targeted,single
80,DQN-TFC (seed=42),DQN-TFC,42.0,0,0.8276398181915283,0.8299999833106995,0.83,6,Isolate,21426,benign,client,8.786239000073692,,100.0,0.0,6.649,0.0,90.71081821633882,0,targeted,single
81,DQN-TFC (seed=42),DQN-TFC,42.0,0,0.8077338337898254,0.8100000023841858,0.81,6,Isolate,21444,benign,client,8.444449000080567,,100.0,0.0,6.574,0.0,91.06299421341794,0,targeted,single
82,DQN-TFC (seed=42),DQN-TFC,42.0,1,0.8508247137069702,0.8500000238418579,0.85,6,Isolate,21705,attack,attacker,8.515352999893366,6.976,0.0,90.51538897692744,,100.0,0.0,0,targeted,single
83,DQN-TFC (seed=42),DQN-TFC,42.0,1,0.886523425579071,0.8799999952316284,0.88,6,Isolate,22059,attack,attacker,8.529701000043133,6.506,0.0,90.8609904573573,,100.0,0.0,0,targeted,single
84,DQN-TFC (seed=42),DQN-TFC,42.0,0,0.8100687265396118,0.8100000023841858,0.81,6,Isolate,22266,benign,client,8.09392300016043,,100.0,0.0,6.682,0.0,90.80731820709397,0,targeted,single
85,DQN-TFC (seed=42),DQN-TFC,42.0,1,0.847369909286499,0.8500000238418579,0.85,6,Isolate,22361,attack,attacker,9.963739999875543,6.945,0.0,90.9124859339193,,100.0,0.0,0,targeted,single
86,DQN-TFC (seed=42),DQN-TFC,42.0,1,0.8598287105560303,0.8600000143051147,0.86,6,Isolate,22536,attack,attacker,7.9361299999618495,6.164,0.0,90.9544883881247,,100.0,0.0,0,targeted,single
87,DQN-TFC (seed=42),DQN-TFC,42.0,1,0.8598287105560303,0.8600000143051147,0.86,6,Isolate,22548,attack,attacker,8.736083000030703,6.787,0.0,90.70718383975246,,100.0,0.0,0,targeted,single
88,DQN-TFC (seed=42),DQN-TFC,42.0,1,0.880372166633606,0.8799999952316284,0.89,6,Isolate,22613,attack,attacker,8.687226000120063,6.561,0.0,90.81046390361658,,100.0,0.0,0,targeted,single
89,DQN-TFC (seed=42),DQN-TFC,42.0,1,0.8707939386367798,0.8700000047683716,0.87,6,Isolate,22848,attack,attacker,8.860463000019081,6.593,0.0,90.45752393682713,,100.0,0.0,0,targeted,single
90,DQN-TFC (seed=42),DQN-TFC,42.0,1,0.8508075475692749,0.8500000238418579,0.85,6,Isolate,22856,attack,attacker,8.559150999872145,6.51,0.0,90.64445417080314,,100.0,0.0,0,targeted,single
91,DQN-TFC (seed=42),DQN-TFC,42.0,0,0.830065131187439,0.8299999833106995,0.82,6,Isolate,23186,benign,client,8.64048600010392,,100.0,0.0,7.801,0.0,90.67457008763914,0,targeted,single
92,DQN-TFC (seed=42),DQN-TFC,42.0,0,0.7924128174781799,0.7900000214576721,0.78,6,Isolate,23283,benign,client,9.091821000083655,,100.0,0.0,6.647,0.0,91.1145523012629,0,targeted,single
93,DQN-TFC (seed=42),DQN-TFC,42.0,0,0.7760483622550964,0.7799999713897705,0.78,6,Isolate,23456,benign,client,9.17855500006226,,100.0,0.0,6.623,0.0,90.48365267405084,0,targeted,single
94,DQN-TFC (seed=42),DQN-TFC,42.0,0,0.7760480642318726,0.7799999713897705,0.78,6,Isolate,23465,benign,client,8.667325000033088,,100.0,0.0,6.708,0.0,90.8996273300994,0,targeted,single
95,DQN-TFC (seed=42),DQN-TFC,42.0,1,0.8600333333015442,0.8600000143051147,0.86,6,Isolate,23536,attack,attacker,9.014598000021579,6.382,0.0,91.1289723524816,,100.0,0.0,0,targeted,single
96,DQN-TFC (seed=42),DQN-TFC,42.0,1,0.8492719531059265,0.8500000238418579,0.85,6,Isolate,23727,attack,attacker,9.477713000023869,6.903,0.0,90.67085608492674,,100.0,0.0,0,targeted,single
97,DQN-TFC (seed=42),DQN-TFC,42.0,0,0.8246086239814758,0.8199999928474426,0.82,6,Isolate,23846,benign,client,8.171832000016366,,100.0,0.0,6.593,0.0,91.02246913647227,0,targeted,single
98,DQN-TFC (seed=42),DQN-TFC,42.0,0,0.8473970890045166,0.8399999737739563,0.84,6,Isolate,23889,benign,client,9.190279999984341,,100.0,0.0,6.907,0.0,90.72899446871725,0,targeted,single
99,DQN-TFC (seed=42),DQN-TFC,42.0,1,0.8532842397689819,0.8500000238418579,0.85,6,Isolate,24271,attack,attacker,9.161785000060263,6.524,0.0,90.58065806762541,,100.0,0.0,0,targeted,single
100,DQN-TFC (seed=42),DQN-TFC,42.0,0,0.8334739208221436,0.8299999833106995,0.83,6,Isolate,24798,benign,client,9.129089999987627,,100.0,0.0,6.597,0.0,90.88105099899644,0,targeted,single
101,DQN-TFC (seed=42),DQN-TFC,42.0,0,0.8424508571624756,0.8399999737739563,0.84,6,Isolate,25175,benign,client,8.411651999949754,,100.0,0.0,6.616,0.0,91.10696901906195,0,targeted,single
102,DQN-TFC (seed=42),DQN-TFC,42.0,0,0.8324522972106934,0.8299999833106995,0.83,6,Isolate,25181,benign,client,8.000686000059432,,100.0,0.0,6.711,0.0,90.97993734827382,0,targeted,single
103,DQN-TFC (seed=42),DQN-TFC,42.0,0,0.8324527740478516,0.8299999833106995,0.83,6,Isolate,25182,benign,client,8.813315999987026,,100.0,0.0,6.829,0.0,90.74965814480812,0,targeted,single
104,DQN-TFC (seed=42),DQN-TFC,42.0,1,0.848400354385376,0.8500000238418579,0.85,6,Isolate,25757,attack,attacker,8.473440999978266,7.164,0.0,90.9349764936784,,100.0,0.0,0,targeted,single
105,DQN-TFC (seed=42),DQN-TFC,42.0,1,0.8757197856903076,0.8799999952316284,0.87,6,Isolate,25947,attack,attacker,9.334563999800594,6.678,0.0,90.5705567649988,,100.0,0.0,0,targeted,single
106,DQN-TFC (seed=42),DQN-TFC,42.0,1,0.9076886177062988,0.9100000262260436,0.91,6,Isolate,26007,attack,attacker,9.602230000155032,6.709,0.0,90.73684555701094,,100.0,0.0,0,targeted,single
107,DQN-TFC (seed=42),DQN-TFC,42.0,0,0.8287405371665955,0.8299999833106995,0.83,6,Isolate,26111,benign,client,8.409729000049992,,100.0,0.0,6.849,0.0,90.41581498357144,0,targeted,single
108,DQN-TFC (seed=42),DQN-TFC,42.0,0,0.8200234174728394,0.8199999928474426,0.82,6,Isolate,26168,benign,client,9.206569000070886,,100.0,0.0,6.46,0.0,91.02272125029924,0,targeted,single
109,DQN-TFC (seed=42),DQN-TFC,42.0,0,0.8145485520362854,0.8100000023841858,0.82,6,Isolate,26613,benign,client,8.23363899985452,,100.0,0.0,6.53,0.0,90.6938878074806,0,targeted,single
110,DQN-TFC (seed=42),DQN-TFC,42.0,0,0.8191828727722168,0.8100000023841858,0.82,6,Isolate,27025,benign,client,8.754350999879534,,100.0,0.0,6.538,0.0,90.92252646951442,0,targeted,single
111,DQN-TFC (seed=42),DQN-TFC,42.0,0,0.8191828727722168,0.8100000023841858,0.82,6,Isolate,27026,benign,client,7.715544999882695,,100.0,0.0,6.462,0.0,90.8628137769994,0,targeted,single
112,DQN-TFC (seed=42),DQN-TFC,42.0,1,0.8483954071998596,0.8500000238418579,0.85,6,Isolate,28043,attack,attacker,8.253720999846337,6.589,0.0,90.84640653413805,,100.0,0.0,0,targeted,single
113,DQN-TFC (seed=42),DQN-TFC,42.0,1,0.8561848402023315,0.8600000143051147,0.86,6,Isolate,28140,attack,attacker,7.819645999916247,6.241,0.0,91.15407245677913,,100.0,0.0,0,targeted,single
114,DQN-TFC (seed=42),DQN-TFC,42.0,0,0.8438663482666016,0.8500000238418579,0.84,6,Isolate,28155,benign,client,8.569940999905157,,100.0,0.0,6.521,0.0,90.78778665470924,0,targeted,single
115,DQN-TFC (seed=42),DQN-TFC,42.0,1,0.8501219153404236,0.8500000238418579,0.85,6,Isolate,29007,attack,attacker,8.417924000013954,6.611,0.0,91.02496694436144,,100.0,0.0,0,targeted,single
116,DQN-TFC (seed=42),DQN-TFC,42.0,0,0.8129814267158508,0.8199999928474426,0.82,6,Isolate,29435,benign,client,8.98913400010315,,100.0,0.0,6.713,0.0,90.585188418449,0,targeted,single
117,DQN-TFC (seed=42),DQN-TFC,42.0,0,0.8129838705062866,0.8199999928474426,0.82,6,Isolate,29438,benign,client,8.932039000001168,,100.0,0.0,6.309,0.0,90.98547552980247,0,targeted,single
118,DQN-TFC (seed=42),DQN-TFC,42.0,0,0.8164951801300049,0.8199999928474426,0.82,6,Isolate,29552,benign,client,8.999829000003956,,100.0,0.0,6.735,0.0,90.9523171029211,0,targeted,single
0,DQN-TFC (seed=2024),DQN-TFC,2024.0,1,0.8656986355781555,0.8600000143051147,0.85,5,Drop,271,attack,attacker,8.670398000049317,6.859,0.0,91.12913908496445,,100.0,0.0,1000,targeted,single
1,DQN-TFC (seed=2024),DQN-TFC,2024.0,0,0.8092101216316223,0.8100000023841858,0.8,5,Drop,323,benign,client,9.693938000054914,,100.0,0.0,7.155,0.0,90.55908334295458,280,targeted,single
2,DQN-TFC (seed=2024),DQN-TFC,2024.0,1,0.8699979186058044,0.8700000047683716,0.86,5,Drop,596,attack,attacker,8.963599000026079,7.232,0.0,90.67803676469251,,100.0,0.0,0,targeted,single
3,DQN-TFC (seed=2024),DQN-TFC,2024.0,1,0.8955565094947815,0.8899999856948853,0.9,5,Drop,662,attack,attacker,8.25919699991573,6.593,0.0,90.51703395159326,,100.0,0.0,280,targeted,single
4,DQN-TFC (seed=2024),DQN-TFC,2024.0,0,0.7705909609794617,0.7699999809265137,0.77,0,Forward,1203,benign,client,0.001196000084746629,6.523,0.0,90.75164235288973,6.961,0.0,90.7118920651572,0,targeted,single
5,DQN-TFC (seed=2024),DQN-TFC,2024.0,1,0.8352600336074829,0.8299999833106995,0.85,0,Forward,2496,attack,attacker,0.0012579998838191386,6.798,0.0,90.60471529674571,6.887,0.0,90.58667117714353,0,targeted,single
6,DQN-TFC (seed=2024),DQN-TFC,2024.0,1,0.8638322949409485,0.8600000143051147,0.86,5,Drop,3048,attack,attacker,8.923923999873296,6.642,0.0,90.705036390473,,100.0,0.0,0,targeted,single
7,DQN-TFC (seed=2024),DQN-TFC,2024.0,1,0.86383455991745,0.8600000143051147,0.86,5,Drop,3050,attack,attacker,7.995965000191063,6.435,0.0,91.04387346166126,,100.0,0.0,140,targeted,single
8,DQN-TFC (seed=2024),DQN-TFC,2024.0,0,0.7998348474502563,0.800000011920929,0.8,0,Forward,3598,benign,client,0.0012760001482092775,6.449,0.0,90.7420528175525,6.675,0.0,90.611061284413,70,targeted,single
9,DQN-TFC (seed=2024),DQN-TFC,2024.0,1,0.8622992634773254,0.8600000143051147,0.87,5,Drop,3871,attack,attacker,8.949235000045519,6.431,0.0,90.76106852632546,,100.0,0.0,70,targeted,single
10,DQN-TFC (seed=2024),DQN-TFC,2024.0,0,0.8182438611984253,0.8199999928474426,0.82,0,Forward,4169,benign,client,0.0013869998838345055,6.238,0.0,91.0246342419527,6.556,0.0,90.61625411738166,0,targeted,single
11,DQN-TFC (seed=2024),DQN-TFC,2024.0,1,0.8727920651435852,0.8799999952316284,0.88,5,Drop,4879,attack,attacker,8.959847999904014,6.748,0.0,90.7522210965913,,100.0,0.0,0,targeted,single
12,DQN-TFC (seed=2024),DQN-TFC,2024.0,1,0.8727920651435852,0.8799999952316284,0.88,0,Forward,4880,attack,attacker,0.001770000153555884,7.01,0.0,90.62746607203455,7.013,0.0,91.11430228282603,0,targeted,single
13,DQN-TFC (seed=2024),DQN-TFC,2024.0,1,0.8686891794204712,0.8700000047683716,0.87,5,Drop,4996,attack,attacker,9.013245000005554,6.727,0.0,90.68340238272755,,100.0,0.0,0,targeted,single
14,DQN-TFC (seed=2024),DQN-TFC,2024.0,1,0.8686892986297607,0.8700000047683716,0.87,5,Drop,5001,attack,attacker,9.06256400003258,6.735,0.0,90.80657320562736,,100.0,0.0,0,targeted,single
15,DQN-TFC (seed=2024),DQN-TFC,2024.0,1,0.8786917328834534,0.8799999952316284,0.88,5,Drop,5006,attack,attacker,7.980242000030557,6.28,0.0,90.5893896941605,,100.0,0.0,0,targeted,single
16,DQN-TFC (seed=2024),DQN-TFC,2024.0,0,0.8206165432929993,0.8100000023841858,0.82,0,Forward,5672,benign,client,0.0012339999102550792,6.653,0.0,90.59647508101094,7.192,0.0,90.7470126689982,70,targeted,single
17,DQN-TFC (seed=2024),DQN-TFC,2024.0,1,0.8545636534690857,0.8500000238418579,0.85,0,Forward,6640,attack,attacker,0.0009469999895372894,6.4,0.0,90.9824007949737,6.217,0.0,91.03311891317401,70,targeted,single
18,DQN-TFC (seed=2024),DQN-TFC,2024.0,0,0.789990246295929,0.7900000214576721,0.79,0,Forward,7247,benign,client,0.000988000010693213,6.488,0.0,91.02305393872386,6.212,0.0,90.92800406012044,70,targeted,single
19,DQN-TFC (seed=2024),DQN-TFC,2024.0,0,0.8111498951911926,0.8100000023841858,0.81,0,Forward,7257,benign,client,0.0010549999842623947,6.385,0.0,90.73610171143444,6.322,0.0,90.95241225667434,0,targeted,single
20,DQN-TFC (seed=2024),DQN-TFC,2024.0,0,0.8311519026756287,0.8299999833106995,0.83,0,Forward,7262,benign,client,0.0011950000953220297,6.561,0.0,90.96370755654257,6.605,0.0,90.73727344592943,70,targeted,single
21,DQN-TFC (seed=2024),DQN-TFC,2024.0,0,0.7872647643089294,0.7799999713897705,0.78,0,Forward,7509,benign,client,0.001508999957877677,6.68,0.0,90.48948851016902,6.453,0.0,90.63620672555935,0,targeted,single
22,DQN-TFC (seed=2024),DQN-TFC,2024.0,1,0.8778383731842041,0.8799999952316284,0.88,5,Drop,7713,attack,attacker,8.505588000161879,6.554,0.0,90.3692252981925,,100.0,0.0,0,targeted,single
23,DQN-TFC (seed=2024),DQN-TFC,2024.0,1,0.8668792843818665,0.8700000047683716,0.87,0,Forward,8112,attack,attacker,0.0010769999789772555,6.956,0.0,90.48504991838473,6.954,0.0,90.4832417280472,0,targeted,single
24,DQN-TFC (seed=2024),DQN-TFC,2024.0,1,0.8844065070152283,0.8899999856948853,0.89,5,Drop,8140,attack,attacker,9.185278999893853,6.678,0.0,90.37857219327995,,100.0,0.0,0,targeted,single
25,DQN-TFC (seed=2024),DQN-TFC,2024.0,1,0.8844060301780701,0.8899999856948853,0.89,5,Drop,8142,attack,attacker,8.781316000067818,6.954,0.0,90.64428920718896,,100.0,0.0,0,targeted,single
26,DQN-TFC (seed=2024),DQN-TFC,2024.0,0,0.8399470448493958,0.8399999737739563,0.84,0,Forward,8745,benign,client,0.0012630000583158107,6.556,0.0,90.7044582484243,6.781,0.0,90.62664156910124,0,targeted,single
27,DQN-TFC (seed=2024),DQN-TFC,2024.0,0,0.8219642043113708,0.8199999928474426,0.82,0,Forward,8836,benign,client,0.0015699999948992627,6.3,0.0,90.99395290205894,6.481,0.0,90.98830114504096,0,targeted,single
28,DQN-TFC (seed=2024),DQN-TFC,2024.0,0,0.8388247489929199,0.8299999833106995,0.84,0,Forward,9547,benign,client,0.0014289998944150284,6.135,0.0,90.89465078252745,6.194,0.0,91.04930846940685,0,targeted,single
29,DQN-TFC (seed=2024),DQN-TFC,2024.0,1,0.8561859130859375,0.8600000143051147,0.86,5,Drop,10043,attack,attacker,8.981221999874833,6.572,0.0,90.74163952107153,,100.0,0.0,0,targeted,single
30,DQN-TFC (seed=2024),DQN-TFC,2024.0,1,0.892324686050415,0.8899999856948853,0.89,6,Isolate,10279,attack,attacker,8.757586999990963,6.964,0.0,90.7518077074798,,100.0,0.0,0,targeted,single
31,DQN-TFC (seed=2024),DQN-TFC,2024.0,1,0.8923255801200867,0.8899999856948853,0.89,6,Isolate,10280,attack,attacker,8.50002500010305,6.762,0.0,90.65864328820183,,100.0,0.0,0,targeted,single
32,DQN-TFC (seed=2024),DQN-TFC,2024.0,0,0.8032602667808533,0.800000011920929,0.8,0,Forward,10658,benign,client,0.001421999968442833,6.53,0.0,90.64643378100837,6.993,0.0,90.74717800671758,0,targeted,single
33,DQN-TFC (seed=2024),DQN-TFC,2024.0,1,0.8678531646728516,0.8600000143051147,0.87,5,Drop,10853,attack,attacker,8.242240000072343,6.606,0.0,90.94081361628317,,100.0,0.0,70,targeted,single
34,DQN-TFC (seed=2024),DQN-TFC,2024.0,0,0.8378587365150452,0.8299999833106995,0.84,0,Forward,11791,benign,client,0.0013399999261309858,6.734,0.0,90.6891814507943,7.043,0.0,91.0666571591036,0,targeted,single
35,DQN-TFC (seed=2024),DQN-TFC,2024.0,1,0.8499701023101807,0.8500000238418579,0.85,6,Isolate,11906,attack,attacker,7.794068000066545,6.189,0.0,91.0207251708214,,100.0,0.0,0,targeted,single
36,DQN-TFC (seed=2024),DQN-TFC,2024.0,0,0.8349297046661377,0.8399999737739563,0.84,0,Forward,11955,benign,client,0.001320999899689923,6.618,0.0,90.61040191963791,6.566,0.0,90.82073032417115,0,targeted,single
37,DQN-TFC (seed=2024),DQN-TFC,2024.0,1,0.8590880036354065,0.8600000143051147,0.86,6,Isolate,12438,attack,attacker,8.751976999974431,6.647,0.0,90.66120110160746,,100.0,0.0,0,targeted,single
38,DQN-TFC (seed=2024),DQN-TFC,2024.0,1,0.8899794220924377,0.8899999856948853,0.89,6,Isolate,12666,attack,attacker,9.037066000018967,6.444,0.0,90.91617308369686,,100.0,0.0,0,targeted,single
39,DQN-TFC (seed=2024),DQN-TFC,2024.0,1,0.8740659952163696,0.8700000047683716,0.87,6,Isolate,12681,attack,attacker,9.527696000077412,6.654,0.0,90.8216411671227,,100.0,0.0,0,targeted,single
40,DQN-TFC (seed=2024),DQN-TFC,2024.0,1,0.8425387740135193,0.8500000238418579,0.85,0,Forward,12878,attack,attacker,0.001595000185261597,6.614,0.0,90.96176857286146,7.08,0.0,90.82048191562785,70,targeted,single
41,DQN-TFC (seed=2024),DQN-TFC,2024.0,1,0.90160071849823,0.8999999761581421,0.9,6,Isolate,13299,attack,attacker,8.525306000137789,14.764,0.0,90.65245562690195,,100.0,0.0,0,targeted,single
42,DQN-TFC (seed=2024),DQN-TFC,2024.0,1,0.9016007781028748,0.8999999761581421,0.9,6,Isolate,13300,attack,attacker,9.37234000002718,6.672,0.0,90.7268459866134,,100.0,0.0,0,targeted,single
43,DQN-TFC (seed=2024),DQN-TFC,2024.0,0,0.8007186651229858,0.800000011920929,0.8,0,Forward,13348,benign,client,0.0013779999790131114,6.694,0.0,90.70487120627847,6.638,0.0,90.6016662422236,0,targeted,single
44,DQN-TFC (seed=2024),DQN-TFC,2024.0,0,0.7630465626716614,0.7599999904632568,0.76,0,Forward,13382,benign,client,0.0013330000001587905,7.026,0.0,90.82727223822405,6.519,0.0,90.8098016336056,0,targeted,single
45,DQN-TFC (seed=2024),DQN-TFC,2024.0,1,0.8798288702964783,0.8799999952316284,0.87,6,Isolate,13628,attack,attacker,8.340239000062866,6.187,0.0,91.01107868736834,,100.0,0.0,0,targeted,single
46,DQN-TFC (seed=2024),DQN-TFC,2024.0,0,0.8233427405357361,0.8199999928474426,0.82,0,Forward,13761,benign,client,0.0013459998626785818,6.4,0.0,90.72949028673023,6.576,0.0,90.75825700653162,0,targeted,single
47,DQN-TFC (seed=2024),DQN-TFC,2024.0,1,0.8986366391181946,0.8999999761581421,0.9,6,Isolate,13957,attack,attacker,8.121989000073881,6.719,0.0,90.70520157526917,,100.0,0.0,0,targeted,single
48,DQN-TFC (seed=2024),DQN-TFC,2024.0,0,0.7998307943344116,0.800000011920929,0.79,0,Forward,14449,benign,client,0.0009390000741404947,6.546,0.0,90.83167544936116,6.237,0.0,90.45111730575405,0,targeted,single
49,DQN-TFC (seed=2024),DQN-TFC,2024.0,0,0.8410383462905884,0.8399999737739563,0.84,0,Forward,14557,benign,client,0.0022419999368139543,6.807,0.0,90.81551403010873,6.919,0.0,90.71750953485915,0,targeted,single
50,DQN-TFC (seed=2024),DQN-TFC,2024.0,0,0.8410382866859436,0.8399999737739563,0.84,0,Forward,14558,benign,client,0.0014709999049955513,6.649,0.0,90.6824943104233,6.694,0.0,90.77951310731724,0,targeted,single
51,DQN-TFC (seed=2024),DQN-TFC,2024.0,1,0.9198984503746032,0.9200000166893004,0.92,6,Isolate,14853,attack,attacker,9.101746999931493,6.577,0.0,90.82271764143823,,100.0,0.0,0,targeted,single
52,DQN-TFC (seed=2024),DQN-TFC,2024.0,1,0.8886391520500183,0.8899999856948853,0.89,6,Isolate,14870,attack,attacker,8.357244999842806,6.773,0.0,90.70098955089613,,100.0,0.0,0,targeted,single
53,DQN-TFC (seed=2024),DQN-TFC,2024.0,1,0.8786901831626892,0.8799999952316284,0.88,6,Isolate,14880,attack,attacker,9.429129999944053,6.822,0.0,91.15022089577106,,100.0,0.0,0,targeted,single
54,DQN-TFC (seed=2024),DQN-TFC,2024.0,0,0.7828757762908936,0.7799999713897705,0.78,0,Forward,15438,benign,client,0.0011019999419659143,6.821,0.0,90.85320073401456,6.876,0.0,90.77363980400895,0,targeted,single
55,DQN-TFC (seed=2024),DQN-TFC,2024.0,1,0.8823724389076233,0.8799999952316284,0.89,6,Isolate,16062,attack,attacker,9.144848000005368,6.476,0.0,90.82702379389325,,100.0,0.0,0,targeted,single
56,DQN-TFC (seed=2024),DQN-TFC,2024.0,1,0.8523920178413391,0.8500000238418579,0.85,6,Isolate,16156,attack,attacker,8.867065999993429,6.801,0.0,90.50469809877364,,100.0,0.0,0,targeted,single
57,DQN-TFC (seed=2024),DQN-TFC,2024.0,1,0.8999413847923279,0.8999999761581421,0.9,5,Drop,16958,attack,attacker,9.452728000042043,6.749,0.0,90.6724241822938,,100.0,0.0,0,targeted,single
58,DQN-TFC (seed=2024),DQN-TFC,2024.0,0,0.8077142834663391,0.800000011920929,0.81,0,Forward,17203,benign,client,0.0015719999737484613,6.364,0.0,90.8125335596626,6.68,0.0,90.35217629494721,0,targeted,single
59,DQN-TFC (seed=2024),DQN-TFC,2024.0,0,0.8294690847396851,0.8299999833106995,0.83,0,Forward,17359,benign,client,0.0011320000794512453,6.797,0.0,90.60356157630541,6.425,0.0,90.68034802999658,0,targeted,single
60,DQN-TFC (seed=2024),DQN-TFC,2024.0,0,0.8367106914520264,0.8299999833106995,0.83,6,Isolate,17639,benign,client,8.64181700012523,,100.0,0.0,6.545,0.0,90.5167872015818,0,targeted,single
61,DQN-TFC (seed=2024),DQN-TFC,2024.0,0,0.8378546833992004,0.8399999737739563,0.84,6,Isolate,17792,benign,client,7.862247000048228,,100.0,0.0,6.671,0.0,90.71817045938867,0,targeted,single
62,DQN-TFC (seed=2024),DQN-TFC,2024.0,1,0.8575001358985901,0.8600000143051147,0.86,0,Forward,17886,attack,attacker,0.0010480002856638748,6.529,0.0,91.04426784628953,6.288,0.0,91.1963819794747,0,targeted,single
63,DQN-TFC (seed=2024),DQN-TFC,2024.0,0,0.7899861931800842,0.7900000214576721,0.78,0,Forward,18045,benign,client,0.0013400003808783367,6.39,0.0,90.80946963990434,6.374,0.0,90.74139154499005,0,targeted,single
64,DQN-TFC (seed=2024),DQN-TFC,2024.0,0,0.8586136102676392,0.8500000238418579,0.84,6,Isolate,18103,benign,client,8.86211299985007,,100.0,0.0,6.38,0.0,90.84532949820844,0,targeted,single
65,DQN-TFC (seed=2024),DQN-TFC,2024.0,0,0.8233593702316284,0.8199999928474426,0.82,0,Forward,18713,benign,client,0.0011769998309318908,6.569,0.0,90.93900619008214,6.497,0.0,91.00958200249966,0,targeted,single
66,DQN-TFC (seed=2024),DQN-TFC,2024.0,0,0.8056234121322632,0.800000011920929,0.8,0,Forward,18882,benign,client,0.0015770001482451335,6.857,0.0,90.86753817286545,6.687,0.0,90.84209854364063,0,targeted,single
67,DQN-TFC (seed=2024),DQN-TFC,2024.0,0,0.8265945315361023,0.8299999833106995,0.82,0,Forward,19001,benign,client,0.0015730001905467361,6.65,0.0,90.6832372773195,6.839,0.0,90.72494549110827,70,targeted,single
68,DQN-TFC (seed=2024),DQN-TFC,2024.0,1,0.8694993853569031,0.8700000047683716,0.88,6,Isolate,19305,attack,attacker,8.926533000249037,6.781,0.0,90.93415935630912,,100.0,0.0,0,targeted,single
69,DQN-TFC (seed=2024),DQN-TFC,2024.0,1,0.8604289293289185,0.8600000143051147,0.87,6,Isolate,19337,attack,attacker,9.817432999625453,6.886,0.0,90.4744483781491,,100.0,0.0,0,targeted,single
70,DQN-TFC (seed=2024),DQN-TFC,2024.0,0,0.8287397623062134,0.8299999833106995,0.83,0,Forward,19448,benign,client,0.0018219998310087249,22.254,0.0,90.63010458223967,6.578,0.0,90.7781067542236,0,targeted,single
71,DQN-TFC (seed=2024),DQN-TFC,2024.0,0,0.7975900769233704,0.800000011920929,0.8,0,Forward,19709,benign,client,0.001240999608853599,6.574,0.0,90.66565699223814,6.496,0.0,90.65699316259698,0,targeted,single
72,DQN-TFC (seed=2024),DQN-TFC,2024.0,0,0.6926899552345276,0.6899999976158142,0.69,0,Forward,19803,benign,client,0.0014709999049955513,6.594,0.0,90.88934306569342,6.453,0.0,91.14689958761208,0,targeted,single
73,DQN-TFC (seed=2024),DQN-TFC,2024.0,0,0.7526609301567078,0.75,0.75,0,Forward,19816,benign,client,0.0013000003491470125,6.223,0.0,90.97799680710766,6.216,0.0,91.11621912590749,70,targeted,single
74,DQN-TFC (seed=2024),DQN-TFC,2024.0,0,0.7800804376602173,0.7799999713897705,0.78,0,Forward,19847,benign,client,0.0011370002539479174,6.343,0.0,91.14489805815028,6.434,0.0,91.02895956297934,0,targeted,single
75,DQN-TFC (seed=2024),DQN-TFC,2024.0,1,0.910107433795929,0.9100000262260436,0.91,6,Isolate,20083,attack,attacker,8.401649999996152,6.383,0.0,91.0096651503676,,100.0,0.0,0,targeted,single
76,DQN-TFC (seed=2024),DQN-TFC,2024.0,1,0.9488750696182252,0.949999988079071,0.95,5,Drop,20134,attack,attacker,8.120631000110734,6.629,0.0,90.88718698279055,,100.0,0.0,0,targeted,single
77,DQN-TFC (seed=2024),DQN-TFC,2024.0,1,0.8454464077949524,0.8500000238418579,0.85,6,Isolate,20212,attack,attacker,9.278004000407236,6.795,0.0,90.65237313045733,,100.0,0.0,0,targeted,single
78,DQN-TFC (seed=2024),DQN-TFC,2024.0,1,0.8581823706626892,0.8600000143051147,0.86,0,Forward,20257,attack,attacker,0.0015549999261565972,6.843,0.0,90.669453096414,7.362,0.0,90.72147522649695,0,targeted,single
79,DQN-TFC (seed=2024),DQN-TFC,2024.0,0,0.8401124477386475,0.8399999737739563,0.84,6,Isolate,20753,benign,client,8.95656099964981,,100.0,0.0,6.644,0.0,90.9309558006558,0,targeted,single
80,DQN-TFC (seed=2024),DQN-TFC,2024.0,0,0.8276398181915283,0.8299999833106995,0.83,0,Forward,21426,benign,client,0.0013409999155555852,6.534,0.0,90.6445366528354,6.58,0.0,90.77165463390986,70,targeted,single
81,DQN-TFC (seed=2024),DQN-TFC,2024.0,0,0.8077338337898254,0.8100000023841858,0.81,0,Forward,21444,benign,client,0.001731999873300083,6.626,0.0,90.53570860534717,6.63,0.0,91.12088655936846,0,targeted,single
82,DQN-TFC (seed=2024),DQN-TFC,2024.0,1,0.8508247137069702,0.8500000238418579,0.85,6,Isolate,21705,attack,attacker,9.73106799983725,6.616,0.0,90.97804614187446,,100.0,0.0,0,targeted,single
83,DQN-TFC (seed=2024),DQN-TFC,2024.0,1,0.886523425579071,0.8799999952316284,0.88,6,Isolate,22059,attack,attacker,9.171597000204201,6.529,0.0,91.01290803572734,,100.0,0.0,0,targeted,single
84,DQN-TFC (seed=2024),DQN-TFC,2024.0,0,0.8100687265396118,0.8100000023841858,0.81,0,Forward,22266,benign,client,0.001756000074237818,6.867,0.0,90.68587903599496,6.913,0.0,90.68133860833818,0,targeted,single
85,DQN-TFC (seed=2024),DQN-TFC,2024.0,1,0.847369909286499,0.8500000238418579,0.85,0,Forward,22361,attack,attacker,0.001535999672341859,6.738,0.0,90.42591027553131,6.494,0.0,90.47107941660225,70,targeted,single
86,DQN-TFC (seed=2024),DQN-TFC,2024.0,1,0.8598287105560303,0.8600000143051147,0.86,6,Isolate,22536,attack,attacker,8.107636000204366,6.647,0.0,90.92266046204107,,100.0,0.0,0,targeted,single
87,DQN-TFC (seed=2024),DQN-TFC,2024.0,1,0.8598287105560303,0.8600000143051147,0.86,6,Isolate,22548,attack,attacker,9.362318000057712,6.733,0.0,90.66994826387246,,100.0,0.0,0,targeted,single
88,DQN-TFC (seed=2024),DQN-TFC,2024.0,1,0.880372166633606,0.8799999952316284,0.89,6,Isolate,22613,attack,attacker,8.50494099995558,6.678,0.0,90.62499260824039,,100.0,0.0,0,targeted,single
89,DQN-TFC (seed=2024),DQN-TFC,2024.0,1,0.8707939386367798,0.8700000047683716,0.87,6,Isolate,22848,attack,attacker,8.13014999994266,8.279,0.0,90.76230895808239,,100.0,0.0,0,targeted,single
90,DQN-TFC (seed=2024),DQN-TFC,2024.0,1,0.8508075475692749,0.8500000238418579,0.85,6,Isolate,22856,attack,attacker,8.624655999938113,6.549,0.0,90.8013585376214,,100.0,0.0,0,targeted,single
91,DQN-TFC (seed=2024),DQN-TFC,2024.0,0,0.830065131187439,0.8299999833106995,0.82,0,Forward,23186,benign,client,0.0012040000001434237,6.443,0.0,90.65996343193726,7.245,0.0,90.86455428674113,0,targeted,single
92,DQN-TFC (seed=2024),DQN-TFC,2024.0,0,0.7924128174781799,0.7900000214576721,0.78,0,Forward,23283,benign,client,0.001699000222288305,6.893,0.0,90.72064901214709,6.671,0.0,90.67944001886144,0,targeted,single
93,DQN-TFC (seed=2024),DQN-TFC,2024.0,0,0.7760483622550964,0.7799999713897705,0.78,0,Forward,23456,benign,client,0.0016200001482502557,6.722,0.0,90.5902135194099,6.663,0.0,90.99453474043442,0,targeted,single
94,DQN-TFC (seed=2024),DQN-TFC,2024.0,0,0.7760480642318726,0.7799999713897705,0.78,0,Forward,23465,benign,client,0.001085000349121401,6.227,0.0,90.69174098770199,6.377,0.0,90.5767870359762,0,targeted,single
95,DQN-TFC (seed=2024),DQN-TFC,2024.0,1,0.8600333333015442,0.8600000143051147,0.86,6,Isolate,23536,attack,attacker,8.626574999652803,6.831,0.0,90.5606475765879,,100.0,0.0,0,targeted,single
96,DQN-TFC (seed=2024),DQN-TFC,2024.0,1,0.8492719531059265,0.8500000238418579,0.85,5,Drop,23727,attack,attacker,9.672528000010061,6.609,0.0,90.96933116325053,,100.0,0.0,0,targeted,single
97,DQN-TFC (seed=2024),DQN-TFC,2024.0,0,0.8246086239814758,0.8199999928474426,0.82,0,Forward,23846,benign,client,0.0011440001799201127,6.647,0.0,90.7782722052671,25.657,0.0,90.6561681223204,0,targeted,single
98,DQN-TFC (seed=2024),DQN-TFC,2024.0,0,0.8473970890045166,0.8399999737739563,0.84,6,Isolate,23889,benign,client,8.871463999639673,,100.0,0.0,6.496,0.0,91.14815753826541,0,targeted,single
99,DQN-TFC (seed=2024),DQN-TFC,2024.0,1,0.8532842397689819,0.8500000238418579,0.85,6,Isolate,24271,attack,attacker,8.203976000004332,6.311,0.0,90.85311787179745,,100.0,0.0,0,targeted,single
100,DQN-TFC (seed=2024),DQN-TFC,2024.0,0,0.8334739208221436,0.8299999833106995,0.83,6,Isolate,24798,benign,client,8.874355999978434,,100.0,0.0,6.456,0.0,90.90626357460695,0,targeted,single
101,DQN-TFC (seed=2024),DQN-TFC,2024.0,0,0.8424508571624756,0.8399999737739563,0.84,0,Forward,25175,benign,client,0.0009309997039963491,6.373,0.0,91.11805270345549,6.295,0.0,90.9998547506141,0,targeted,single
102,DQN-TFC (seed=2024),DQN-TFC,2024.0,0,0.8324522972106934,0.8299999833106995,0.83,0,Forward,25181,benign,client,0.0011239999366807751,6.341,0.0,90.82296606221185,6.246,0.0,91.11330222279949,0,targeted,single
103,DQN-TFC (seed=2024),DQN-TFC,2024.0,0,0.8324527740478516,0.8299999833106995,0.83,0,Forward,25182,benign,client,0.0011890001587744337,6.168,0.0,91.00184991481255,6.208,0.0,91.02272125029924,0,targeted,single
104,DQN-TFC (seed=2024),DQN-TFC,2024.0,1,0.848400354385376,0.8500000238418579,0.85,6,Isolate,25757,attack,attacker,7.494715999655455,6.172,0.0,91.06624090043523,,100.0,0.0,0,targeted,single
105,DQN-TFC (seed=2024),DQN-TFC,2024.0,1,0.8757197856903076,0.8799999952316284,0.87,0,Forward,25947,attack,attacker,0.0013180001587898005,6.13,0.0,90.84193285985779,6.092,0.0,91.0313719397966,0,targeted,single
106,DQN-TFC (seed=2024),DQN-TFC,2024.0,1,0.9076886177062988,0.9100000262260436,0.91,6,Isolate,26007,attack,attacker,7.987748999767064,6.416,0.0,91.0149037723575,,100.0,0.0,0,targeted,single
107,DQN-TFC (seed=2024),DQN-TFC,2024.0,0,0.8287405371665955,0.8299999833106995,0.83,5,Drop,26111,benign,client,8.25234800004182,,100.0,0.0,6.298,0.0,90.9949503438297,0,targeted,single
108,DQN-TFC (seed=2024),DQN-TFC,2024.0,0,0.8200234174728394,0.8199999928474426,0.82,0,Forward,26168,benign,client,0.001267999778065132,6.506,0.0,91.01615115219836,6.142,0.0,91.006838208088,0,targeted,single
109,DQN-TFC (seed=2024),DQN-TFC,2024.0,0,0.8145485520362854,0.8100000023841858,0.82,0,Forward,26613,benign,client,0.0021619998733513057,6.378,0.0,90.8719314729842,6.185,0.0,91.0324533916001,0,targeted,single
110,DQN-TFC (seed=2024),DQN-TFC,2024.0,0,0.8191828727722168,0.8100000023841858,0.82,0,Forward,27025,benign,client,0.0015340001482400112,6.284,0.0,90.98065576764999,6.228,0.0,90.8556038040618,0,targeted,single
111,DQN-TFC (seed=2024),DQN-TFC,2024.0,0,0.8191828727722168,0.8100000023841858,0.82,0,Forward,27026,benign,client,0.001503000021330081,6.297,0.0,90.98065576764999,6.197,0.0,90.9236053366825,0,targeted,single
112,DQN-TFC (seed=2024),DQN-TFC,2024.0,1,0.8483954071998596,0.8500000238418579,0.85,6,Isolate,28043,attack,attacker,8.429857000010088,6.218,0.0,91.05883213280191,,100.0,0.0,0,targeted,single
113,DQN-TFC (seed=2024),DQN-TFC,2024.0,1,0.8561848402023315,0.8600000143051147,0.86,6,Isolate,28140,attack,attacker,7.773765999900206,6.271,0.0,90.98572484173471,,100.0,0.0,0,targeted,single
114,DQN-TFC (seed=2024),DQN-TFC,2024.0,0,0.8438663482666016,0.8500000238418579,0.84,6,Isolate,28155,benign,client,8.036676000301668,,100.0,0.0,6.249,0.0,90.98173601476682,0,targeted,single
115,DQN-TFC (seed=2024),DQN-TFC,2024.0,1,0.8501219153404236,0.8500000238418579,0.85,0,Forward,29007,attack,attacker,0.0014749998626939487,6.474,0.0,90.96669795848295,6.317,0.0,90.89091872943052,0,targeted,single
116,DQN-TFC (seed=2024),DQN-TFC,2024.0,0,0.8129814267158508,0.8199999928474426,0.82,0,Forward,29435,benign,client,0.0014659999578725547,6.769,0.0,90.6637590593478,6.613,0.0,90.6505582466623,0,targeted,single
117,DQN-TFC (seed=2024),DQN-TFC,2024.0,0,0.8129838705062866,0.8199999928474426,0.82,0,Forward,29438,benign,client,0.0012509999578469433,6.436,0.0,90.60290232067415,6.61,0.0,90.4889131125948,0,targeted,single
118,DQN-TFC (seed=2024),DQN-TFC,2024.0,0,0.8164951801300049,0.8199999928474426,0.82,0,Forward,29552,benign,client,0.0012130003597121686,7.657,0.0,90.59713424311187,6.536,0.0,90.66590455456034,0,targeted,single
0,DQN-TFC (seed=2025),DQN-TFC,2025.0,1,0.8656986355781555,0.8600000143051147,0.85,6,Isolate,271,attack,attacker,9.871865999684815,7.209,0.0,90.8010274678096,,100.0,0.0,750,targeted,single
1,DQN-TFC (seed=2025),DQN-TFC,2025.0,0,0.8092101216316223,0.8100000023841858,0.8,0,Forward,323,benign,client,0.001225999767484609,6.426,0.0,90.73461405686835,7.015,0.0,90.82404256793471,280,targeted,single
2,DQN-TFC (seed=2025),DQN-TFC,2025.0,1,0.8699979186058044,0.8700000047683716,0.86,4,Reroute,596,attack,attacker,0.001303999852098059,6.237,0.0,91.075649275251,6.231,0.0,91.02737910956213,0,targeted,single
3,DQN-TFC (seed=2025),DQN-TFC,2025.0,1,0.8955565094947815,0.8899999856948853,0.9,6,Isolate,662,attack,attacker,7.926320000024134,6.357,0.0,90.88287512385065,,100.0,0.0,210,targeted,single
4,DQN-TFC (seed=2025),DQN-TFC,2025.0,0,0.7705909609794617,0.7699999809265137,0.77,0,Forward,1203,benign,client,0.0014230004126147833,6.168,0.0,90.9892153522525,6.213,0.0,90.90543399105314,0,targeted,single
5,DQN-TFC (seed=2025),DQN-TFC,2025.0,1,0.8352600336074829,0.8299999833106995,0.85,0,Forward,2496,attack,attacker,0.000925000222196104,6.243,0.0,90.92841905599943,6.134,0.0,91.0522568208263,0,targeted,single
6,DQN-TFC (seed=2025),DQN-TFC,2025.0,1,0.8638322949409485,0.8600000143051147,0.86,6,Isolate,3048,attack,attacker,8.109117999993032,6.21,0.0,90.9580595559419,,100.0,0.0,0,targeted,single
7,DQN-TFC (seed=2025),DQN-TFC,2025.0,1,0.86383455991745,0.8600000143051147,0.86,6,Isolate,3050,attack,attacker,7.9305280000880884,6.245,0.0,90.98073886267134,,100.0,0.0,70,targeted,single
8,DQN-TFC (seed=2025),DQN-TFC,2025.0,0,0.7998348474502563,0.800000011920929,0.8,0,Forward,3598,benign,client,0.0011430001904955134,6.23,0.0,90.88942599400181,6.326,0.0,91.00076919001187,0,targeted,single
9,DQN-TFC (seed=2025),DQN-TFC,2025.0,1,0.8622992634773254,0.8600000143051147,0.87,6,Isolate,3871,attack,attacker,8.021902000109549,6.445,0.0,91.01897867309191,,100.0,0.0,140,targeted,single
10,DQN-TFC (seed=2025),DQN-TFC,2025.0,0,0.8182438611984253,0.8199999928474426,0.82,0,Forward,4169,benign,client,0.001223000253958162,6.328,0.0,91.08422674426579,6.277,0.0,91.17878736002305,0,targeted,single
11,DQN-TFC (seed=2025),DQN-TFC,2025.0,1,0.8727920651435852,0.8799999952316284,0.88,0,Forward,4879,attack,attacker,0.0013570002010965254,6.499,0.0,90.79142749334203,6.413,0.0,91.05492012391146,0,targeted,single
12,DQN-TFC (seed=2025),DQN-TFC,2025.0,1,0.8727920651435852,0.8799999952316284,0.88,0,Forward,4880,attack,attacker,0.0012939999578520656,6.383,0.0,90.61872710418614,6.379,0.0,91.024301541976,0,targeted,single
13,DQN-TFC (seed=2025),DQN-TFC,2025.0,1,0.8686891794204712,0.8700000047683716,0.87,6,Isolate,4996,attack,attacker,8.491832000345312,6.444,0.0,90.67382726275595,,100.0,0.0,0,targeted,single
14,DQN-TFC (seed=2025),DQN-TFC,2025.0,1,0.8686892986297607,0.8700000047683716,0.87,6,Isolate,5001,attack,attacker,9.548316999826056,6.528,0.0,90.94393570349597,,100.0,0.0,0,targeted,single
15,DQN-TFC (seed=2025),DQN-TFC,2025.0,1,0.8786917328834534,0.8799999952316284,0.88,6,Isolate,5006,attack,attacker,8.704144000148517,6.601,0.0,90.40309648378475,,100.0,0.0,0,targeted,single
16,DQN-TFC (seed=2025),DQN-TFC,2025.0,0,0.8206165432929993,0.8100000023841858,0.82,0,Forward,5672,benign,client,0.0014709999049955513,6.613,0.0,90.6767160945593,7.045,0.0,90.70999219608676,70,targeted,single
17,DQN-TFC (seed=2025),DQN-TFC,2025.0,1,0.8545636534690857,0.8500000238418579,0.85,0,Forward,6640,attack,attacker,0.0012030000107188243,6.543,0.0,90.32767961988183,6.63,0.0,90.7690078755081,0,targeted,single
18,DQN-TFC (seed=2025),DQN-TFC,2025.0,0,0.789990246295929,0.7900000214576721,0.79,0,Forward,7247,benign,client,0.0012219998097862117,6.322,0.0,90.8398618635652,6.809,0.0,90.65493059006182,140,targeted,single
19,DQN-TFC (seed=2025),DQN-TFC,2025.0,0,0.8111498951911926,0.8100000023841858,0.81,0,Forward,7257,benign,client,0.0014170000213198364,6.591,0.0,90.65014578320711,6.857,0.0,90.5523330597166,0,targeted,single
20,DQN-TFC (seed=2025),DQN-TFC,2025.0,0,0.8311519026756287,0.8299999833106995,0.83,6,Isolate,7262,benign,client,8.597261999966577,,100.0,0.0,6.289,0.0,91.0649088982683,0,targeted,single
21,DQN-TFC (seed=2025),DQN-TFC,2025.0,0,0.7872647643089294,0.7799999713897705,0.78,0,Forward,7509,benign,client,0.0010700000530050602,6.297,0.0,91.09697101605667,6.222,0.0,91.01981033031836,0,targeted,single
22,DQN-TFC (seed=2025),DQN-TFC,2025.0,1,0.8778383731842041,0.8799999952316284,0.88,6,Isolate,7713,attack,attacker,8.157691999713279,6.265,0.0,91.38587856464642,,100.0,0.0,0,targeted,single
23,DQN-TFC (seed=2025),DQN-TFC,2025.0,1,0.8668792843818665,0.8700000047683716,0.87,6,Isolate,8112,attack,attacker,9.368572999846947,6.216,0.0,91.08164500597064,,100.0,0.0,0,targeted,single
24,DQN-TFC (seed=2025),DQN-TFC,2025.0,1,0.8844065070152283,0.8899999856948853,0.89,6,Isolate,8140,attack,attacker,7.771280000270053,6.276,0.0,91.01798070448105,,100.0,0.0,0,targeted,single
25,DQN-TFC (seed=2025),DQN-TFC,2025.0,1,0.8844060301780701,0.8899999856948853,0.89,6,Isolate,8142,attack,attacker,8.661970000048314,6.403,0.0,91.03544831531627,,100.0,0.0,0,targeted,single
26,DQN-TFC (seed=2025),DQN-TFC,2025.0,0,0.8399470448493958,0.8399999737739563,0.84,0,Forward,8745,benign,client,0.0009320001481682993,6.327,0.0,90.9590562109646,6.678,0.0,91.06873850952744,0,targeted,single
27,DQN-TFC (seed=2025),DQN-TFC,2025.0,0,0.8219642043113708,0.8199999928474426,0.82,6,Isolate,8836,benign,client,8.072306999565626,,100.0,0.0,6.494,0.0,90.96287692422891,0,targeted,single
28,DQN-TFC (seed=2025),DQN-TFC,2025.0,0,0.8388247489929199,0.8299999833106995,0.84,6,Isolate,9547,benign,client,9.405906000210962,,100.0,0.0,6.696,0.0,90.70817500448466,0,targeted,single
29,DQN-TFC (seed=2025),DQN-TFC,2025.0,1,0.8561859130859375,0.8600000143051147,0.86,6,Isolate,10043,attack,attacker,8.733392000067397,6.706,0.0,90.52517745674562,,100.0,0.0,0,targeted,single
30,DQN-TFC (seed=2025),DQN-TFC,2025.0,1,0.892324686050415,0.8899999856948853,0.89,6,Isolate,10279,attack,attacker,8.335318999797892,6.461,0.0,90.60677558490039,,100.0,0.0,0,targeted,single
31,DQN-TFC (seed=2025),DQN-TFC,2025.0,1,0.8923255801200867,0.8899999856948853,0.89,6,Isolate,10280,attack,attacker,8.43132499994681,6.733,0.0,90.75172503010947,,100.0,0.0,0,targeted,single
32,DQN-TFC (seed=2025),DQN-TFC,2025.0,0,0.8032602667808533,0.800000011920929,0.8,6,Isolate,10658,benign,client,8.680147000177385,,100.0,0.0,6.921,0.0,90.70635788568863,0,targeted,single
33,DQN-TFC (seed=2025),DQN-TFC,2025.0,1,0.8678531646728516,0.8600000143051147,0.87,6,Isolate,10853,attack,attacker,9.058554000148433,6.533,0.0,90.50584930277184,,100.0,0.0,70,targeted,single
34,DQN-TFC (seed=2025),DQN-TFC,2025.0,0,0.8378587365150452,0.8299999833106995,0.84,6,Isolate,11791,benign,client,8.967421000306786,,100.0,0.0,6.342,0.0,91.07972961729307,0,targeted,single
35,DQN-TFC (seed=2025),DQN-TFC,2025.0,1,0.8499701023101807,0.8500000238418579,0.85,6,Isolate,11906,attack,attacker,8.70056299982025,6.625,0.0,91.1527378840134,,100.0,0.0,0,targeted,single
36,DQN-TFC (seed=2025),DQN-TFC,2025.0,0,0.8349297046661377,0.8399999737739563,0.84,0,Forward,11955,benign,client,0.0011150000318593811,6.325,0.0,91.0149037723575,6.231,0.0,91.07131951618655,70,targeted,single
37,DQN-TFC (seed=2025),DQN-TFC,2025.0,1,0.8590880036354065,0.8600000143051147,0.86,6,Isolate,12438,attack,attacker,8.473241000046983,6.16,0.0,90.96636568189123,,100.0,0.0,70,targeted,single
38,DQN-TFC (seed=2025),DQN-TFC,2025.0,1,0.8899794220924377,0.8899999856948853,0.89,6,Isolate,12666,attack,attacker,8.051040999816905,6.232,0.0,91.0339508288257,,100.0,0.0,70,targeted,single
39,DQN-TFC (seed=2025),DQN-TFC,2025.0,1,0.8740659952163696,0.8700000047683716,0.87,6,Isolate,12681,attack,attacker,8.887253000011697,6.741,0.0,90.65031076813877,,100.0,0.0,0,targeted,single
40,DQN-TFC (seed=2025),DQN-TFC,2025.0,1,0.8425387740135193,0.8500000238418579,0.85,0,Forward,12878,attack,attacker,0.001207999957841821,6.62,0.0,90.7066056703284,6.938,0.0,90.6354645291019,0,targeted,single
41,DQN-TFC (seed=2025),DQN-TFC,2025.0,1,0.90160071849823,0.8999999761581421,0.9,6,Isolate,13299,attack,attacker,9.025120000387687,7.146,0.0,90.62218951248646,,100.0,0.0,0,targeted,single
42,DQN-TFC (seed=2025),DQN-TFC,2025.0,1,0.9016007781028748,0.8999999761581421,0.9,6,Isolate,13300,attack,attacker,8.555134999824077,6.934,0.0,90.40161972859927,,100.0,0.0,0,targeted,single
43,DQN-TFC (seed=2025),DQN-TFC,2025.0,0,0.8007186651229858,0.800000011920929,0.8,0,Forward,13348,benign,client,0.001249999968422344,6.656,0.0,90.5969694516874,6.638,0.0,90.851709237232,0,targeted,single
44,DQN-TFC (seed=2025),DQN-TFC,2025.0,0,0.7630465626716614,0.7599999904632568,0.76,0,Forward,13382,benign,client,0.0013499998203769792,6.372,0.0,91.0657413950563,6.314,0.0,90.86206786466471,0,targeted,single
45,DQN-TFC (seed=2025),DQN-TFC,2025.0,1,0.8798288702964783,0.8799999952316284,0.87,6,Isolate,13628,attack,attacker,8.81211500018253,6.45,0.0,91.07589908160419,,100.0,0.0,0,targeted,single
46,DQN-TFC (seed=2025),DQN-TFC,2025.0,0,0.8233427405357361,0.8199999928474426,0.82,0,Forward,13761,benign,client,0.001838000116549665,6.583,0.0,90.80557988935391,6.353,0.0,90.83066778030249,0,targeted,single
47,DQN-TFC (seed=2025),DQN-TFC,2025.0,1,0.8986366391181946,0.8999999761581421,0.9,6,Isolate,13957,attack,attacker,8.306163000270317,6.354,0.0,90.77595594553884,,100.0,0.0,0,targeted,single
48,DQN-TFC (seed=2025),DQN-TFC,2025.0,0,0.7998307943344116,0.800000011920929,0.79,0,Forward,14449,benign,client,0.0010529997780395206,6.483,0.0,91.0489279110558,6.367,0.0,91.0865587627226,0,targeted,single
49,DQN-TFC (seed=2025),DQN-TFC,2025.0,0,0.8410383462905884,0.8399999737739563,0.84,0,Forward,14557,benign,client,0.001894999968499178,6.882,0.0,90.7150311536409,6.527,0.0,91.00938452692219,0,targeted,single
50,DQN-TFC (seed=2025),DQN-TFC,2025.0,0,0.8410382866859436,0.8399999737739563,0.84,0,Forward,14558,benign,client,0.0013960002434032504,6.766,0.0,90.6160892563938,6.965,0.0,90.84995627323407,0,targeted,single
51,DQN-TFC (seed=2025),DQN-TFC,2025.0,1,0.9198984503746032,0.9200000166893004,0.92,6,Isolate,14853,attack,attacker,9.137180999914563,6.559,0.0,90.90900130776454,,100.0,0.0,0,targeted,single
52,DQN-TFC (seed=2025),DQN-TFC,2025.0,1,0.8886391520500183,0.8899999856948853,0.89,6,Isolate,14870,attack,attacker,8.345832000031805,6.349,0.0,90.9093331654132,,100.0,0.0,0,targeted,single
53,DQN-TFC (seed=2025),DQN-TFC,2025.0,1,0.8786901831626892,0.8799999952316284,0.88,6,Isolate,14880,attack,attacker,8.549373999812815,6.396,0.0,90.91887510906828,,100.0,0.0,0,targeted,single
54,DQN-TFC (seed=2025),DQN-TFC,2025.0,0,0.7828757762908936,0.7799999713897705,0.78,0,Forward,15438,benign,client,0.001436999809811823,6.625,0.0,90.45349915235077,6.799,0.0,90.60867113275941,0,targeted,single
55,DQN-TFC (seed=2025),DQN-TFC,2025.0,1,0.8823724389076233,0.8799999952316284,0.89,6,Isolate,16062,attack,attacker,9.417038000265165,6.773,0.0,90.31392142943271,,100.0,0.0,0,targeted,single
56,DQN-TFC (seed=2025),DQN-TFC,2025.0,1,0.8523920178413391,0.8500000238418579,0.85,5,Drop,16156,attack,attacker,8.078251000370074,6.568,0.0,90.9674455896897,,100.0,0.0,0,targeted,single
57,DQN-TFC (seed=2025),DQN-TFC,2025.0,1,0.8999413847923279,0.8999999761581421,0.9,6,Isolate,16958,attack,attacker,8.122991000163893,6.535,0.0,90.9540731542521,,100.0,0.0,0,targeted,single
58,DQN-TFC (seed=2025),DQN-TFC,2025.0,0,0.8077142834663391,0.800000011920929,0.81,5,Drop,17203,benign,client,8.16893599994728,,100.0,0.0,6.94,0.0,91.00841794830097,0,targeted,single
59,DQN-TFC (seed=2025),DQN-TFC,2025.0,0,0.8294690847396851,0.8299999833106995,0.83,6,Isolate,17359,benign,client,7.889415000136069,,100.0,0.0,6.451,0.0,91.0631607045565,0,targeted,single
60,DQN-TFC (seed=2025),DQN-TFC,2025.0,0,0.8367106914520264,0.8299999833106995,0.83,6,Isolate,17639,benign,client,8.82360300010987,,100.0,0.0,6.363,0.0,90.71949233733919,0,targeted,single
61,DQN-TFC (seed=2025),DQN-TFC,2025.0,0,0.8378546833992004,0.8399999737739563,0.84,6,Isolate,17792,benign,client,9.328139999979612,,100.0,0.0,6.444,0.0,90.76230895808239,0,targeted,single
62,DQN-TFC (seed=2025),DQN-TFC,2025.0,1,0.8575001358985901,0.8600000143051147,0.86,0,Forward,17886,attack,attacker,0.001505999989603879,15.606,0.0,90.89987617178267,6.556,0.0,90.60216066955653,0,targeted,single
63,DQN-TFC (seed=2025),DQN-TFC,2025.0,0,0.7899861931800842,0.7900000214576721,0.78,0,Forward,18045,benign,client,0.0016980002328637056,6.635,0.0,90.43338060109339,6.425,0.0,90.75685131195337,0,targeted,single
64,DQN-TFC (seed=2025),DQN-TFC,2025.0,0,0.8586136102676392,0.8500000238418579,0.84,6,Isolate,18103,benign,client,9.577582000019902,,100.0,0.0,6.92,0.0,90.62631177212852,0,targeted,single
65,DQN-TFC (seed=2025),DQN-TFC,2025.0,0,0.8233593702316284,0.8199999928474426,0.82,5,Drop,18713,benign,client,8.331909999924392,,100.0,0.0,6.322,0.0,90.83588581537325,0,targeted,single
66,DQN-TFC (seed=2025),DQN-TFC,2025.0,0,0.8056234121322632,0.800000011920929,0.8,0,Forward,18882,benign,client,0.0012760001482092775,6.905,0.0,90.6539405885811,6.487,0.0,91.02671367190997,0,targeted,single
67,DQN-TFC (seed=2025),DQN-TFC,2025.0,0,0.8265945315361023,0.8299999833106995,0.82,0,Forward,19001,benign,client,0.0011070001164625864,7.136,0.0,90.99785967389944,6.442,0.0,90.56682271072994,0,targeted,single
68,DQN-TFC (seed=2025),DQN-TFC,2025.0,1,0.8694993853569031,0.8700000047683716,0.88,5,Drop,19305,attack,attacker,8.529421999810438,6.806,0.0,90.7200706710563,,100.0,0.0,70,targeted,single
69,DQN-TFC (seed=2025),DQN-TFC,2025.0,1,0.8604289293289185,0.8600000143051147,0.87,6,Isolate,19337,attack,attacker,9.290555999996286,6.741,0.0,90.563611535881,,100.0,0.0,0,targeted,single
70,DQN-TFC (seed=2025),DQN-TFC,2025.0,0,0.8287397623062134,0.8299999833106995,0.83,5,Drop,19448,benign,client,8.265856999969401,,100.0,0.0,6.402,0.0,91.06757294156903,0,targeted,single
71,DQN-TFC (seed=2025),DQN-TFC,2025.0,0,0.7975900769233704,0.800000011920929,0.8,0,Forward,19709,benign,client,0.0010869998732232489,6.618,0.0,90.85427795659157,6.425,0.0,90.95573411249087,0,targeted,single
72,DQN-TFC (seed=2025),DQN-TFC,2025.0,0,0.6926899552345276,0.6899999976158142,0.69,0,Forward,19803,benign,client,0.0013230001059127972,6.44,0.0,90.98148672469381,6.376,0.0,90.34480131615464,0,targeted,single
73,DQN-TFC (seed=2025),DQN-TFC,2025.0,0,0.7526609301567078,0.75,0.75,0,Forward,19816,benign,client,0.0011639999684120994,6.638,0.0,90.22108144238207,6.731,0.0,90.49984691796348,70,targeted,single
74,DQN-TFC (seed=2025),DQN-TFC,2025.0,0,0.7800804376602173,0.7799999713897705,0.78,0,Forward,19847,benign,client,0.0016140002117026597,6.551,0.0,90.61946902654867,6.972,0.0,90.56978707425534,0,targeted,single
75,DQN-TFC (seed=2025),DQN-TFC,2025.0,1,0.910107433795929,0.9100000262260436,0.91,6,Isolate,20083,attack,attacker,7.893554000020231,6.258,0.0,90.8276034994461,,100.0,0.0,0,targeted,single
76,DQN-TFC (seed=2025),DQN-TFC,2025.0,1,0.9488750696182252,0.949999988079071,0.95,5,Drop,20134,attack,attacker,8.502071999828331,6.491,0.0,90.7623916547384,,100.0,0.0,0,targeted,single
77,DQN-TFC (seed=2025),DQN-TFC,2025.0,1,0.8454464077949524,0.8500000238418579,0.85,5,Drop,20212,attack,attacker,9.996750000027532,6.396,0.0,91.01240911524523,,100.0,0.0,70,targeted,single
78,DQN-TFC (seed=2025),DQN-TFC,2025.0,1,0.8581823706626892,0.8600000143051147,0.86,5,Drop,20257,attack,attacker,8.614898999894649,6.577,0.0,91.06748968785654,,100.0,0.0,0,targeted,single
79,DQN-TFC (seed=2025),DQN-TFC,2025.0,0,0.8401124477386475,0.8399999737739563,0.84,5,Drop,20753,benign,client,8.245785000326578,,100.0,0.0,6.581,0.0,90.61040191963791,0,targeted,single
80,DQN-TFC (seed=2025),DQN-TFC,2025.0,0,0.8276398181915283,0.8299999833106995,0.83,0,Forward,21426,benign,client,0.0015850000636419281,6.835,0.0,90.4606454448535,6.537,0.0,90.3608639253998,0,targeted,single
81,DQN-TFC (seed=2025),DQN-TFC,2025.0,0,0.8077338337898254,0.8100000023841858,0.81,0,Forward,21444,benign,client,0.0012839996088587213,6.511,0.0,90.3081082159169,6.686,0.0,90.78745568385845,0,targeted,single
82,DQN-TFC (seed=2025),DQN-TFC,2025.0,1,0.8508247137069702,0.8500000238418579,0.85,5,Drop,21705,attack,attacker,9.211594000134937,6.555,0.0,90.40408101404596,,100.0,0.0,0,targeted,single
83,DQN-TFC (seed=2025),DQN-TFC,2025.0,1,0.886523425579071,0.8799999952316284,0.88,5,Drop,22059,attack,attacker,9.738685000229452,6.526,0.0,90.3850505618742,,100.0,0.0,0,targeted,single
84,DQN-TFC (seed=2025),DQN-TFC,2025.0,0,0.8100687265396118,0.8100000023841858,0.81,0,Forward,22266,benign,client,0.0015579998944303952,6.398,0.0,90.9465165601368,6.571,0.0,90.61798519397205,0,targeted,single
85,DQN-TFC (seed=2025),DQN-TFC,2025.0,1,0.847369909286499,0.8500000238418579,0.85,5,Drop,22361,attack,attacker,8.383384999888222,13.146,0.0,90.63059932000702,,100.0,0.0,0,targeted,single
86,DQN-TFC (seed=2025),DQN-TFC,2025.0,1,0.8598287105560303,0.8600000143051147,0.86,5,Drop,22536,attack,attacker,8.790898999905039,6.458,0.0,90.89000649639779,,100.0,0.0,0,targeted,single
87,DQN-TFC (seed=2025),DQN-TFC,2025.0,1,0.8598287105560303,0.8600000143051147,0.86,5,Drop,22548,attack,attacker,7.89760700035913,6.21,0.0,90.58864826424697,,100.0,0.0,0,targeted,single
88,DQN-TFC (seed=2025),DQN-TFC,2025.0,1,0.880372166633606,0.8799999952316284,0.89,5,Drop,22613,attack,attacker,9.229108999988966,6.558,0.0,90.77099292983874,,100.0,0.0,0,targeted,single
89,DQN-TFC (seed=2025),DQN-TFC,2025.0,1,0.8707939386367798,0.8700000047683716,0.87,5,Drop,22848,attack,attacker,8.879838999746426,6.383,0.0,90.5718457742112,,100.0,0.0,0,targeted,single
90,DQN-TFC (seed=2025),DQN-TFC,2025.0,1,0.8508075475692749,0.8500000238418579,0.85,5,Drop,22856,attack,attacker,9.1132480001761,6.645,0.0,90.80855990337064,,100.0,0.0,0,targeted,single
91,DQN-TFC (seed=2025),DQN-TFC,2025.0,0,0.830065131187439,0.8299999833106995,0.82,0,Forward,23186,benign,client,0.0014720003491675016,6.581,0.0,90.61971633670257,7.139,0.0,90.45226714707036,0,targeted,single
92,DQN-TFC (seed=2025),DQN-TFC,2025.0,0,0.7924128174781799,0.7900000214576721,0.78,0,Forward,23283,benign,client,0.0012880000213044696,6.688,0.0,90.5935913595943,6.56,0.0,90.47559881272865,0,targeted,single
93,DQN-TFC (seed=2025),DQN-TFC,2025.0,0,0.7760483622550964,0.7799999713897705,0.78,0,Forward,23456,benign,client,0.0011200004337297287,6.538,0.0,90.82429099595637,6.68,0.0,90.9572290267736,0,targeted,single
94,DQN-TFC (seed=2025),DQN-TFC,2025.0,0,0.7760480642318726,0.7799999713897705,0.78,0,Forward,23465,benign,client,0.0013479998415277805,6.346,0.0,90.77943037945846,6.451,0.0,90.65344559594924,0,targeted,single
95,DQN-TFC (seed=2025),DQN-TFC,2025.0,1,0.8600333333015442,0.8600000143051147,0.86,5,Drop,23536,attack,attacker,8.433094999872992,6.607,0.0,90.71032260238235,,100.0,0.0,0,targeted,single
96,DQN-TFC (seed=2025),DQN-TFC,2025.0,1,0.8492719531059265,0.8500000238418579,0.85,5,Drop,23727,attack,attacker,8.51846099976683,6.265,0.0,90.95033622000156,,100.0,0.0,0,targeted,single
97,DQN-TFC (seed=2025),DQN-TFC,2025.0,0,0.8246086239814758,0.8199999928474426,0.82,0,Forward,23846,benign,client,0.0011350002750987187,6.377,0.0,90.67258924832973,6.972,0.0,90.59161405672235,0,targeted,single
98,DQN-TFC (seed=2025),DQN-TFC,2025.0,0,0.8473970890045166,0.8399999737739563,0.84,5,Drop,23889,benign,client,9.24860000031913,,100.0,0.0,6.521,0.0,90.89149925089464,0,targeted,single
99,DQN-TFC (seed=2025),DQN-TFC,2025.0,1,0.8532842397689819,0.8500000238418579,0.85,5,Drop,24271,attack,attacker,8.23296599992318,6.624,0.0,90.5673167578419,,100.0,0.0,0,targeted,single
100,DQN-TFC (seed=2025),DQN-TFC,2025.0,0,0.8334739208221436,0.8299999833106995,0.83,0,Forward,24798,benign,client,0.0010080002539325505,7.274,0.0,91.09613794818894,6.803,0.0,90.8640569914394,0,targeted,single
101,DQN-TFC (seed=2025),DQN-TFC,2025.0,0,0.8424508571624756,0.8399999737739563,0.84,5,Drop,25175,benign,client,9.35496099964439,,100.0,0.0,6.42,0.0,91.0193944998054,0,targeted,single
102,DQN-TFC (seed=2025),DQN-TFC,2025.0,0,0.8324522972106934,0.8299999833106995,0.83,0,Forward,25181,benign,client,0.0015969999367371202,6.977,0.0,90.7487487451011,6.424,0.0,90.77769312925344,0,targeted,single
103,DQN-TFC (seed=2025),DQN-TFC,2025.0,0,0.8324527740478516,0.8299999833106995,0.83,0,Forward,25182,benign,client,0.0013899998521083035,6.37,0.0,90.68092586473243,6.539,0.0,90.48250203464714,0,targeted,single
104,DQN-TFC (seed=2025),DQN-TFC,2025.0,1,0.848400354385376,0.8500000238418579,0.85,5,Drop,25757,attack,attacker,7.7852019999227196,6.726,0.0,90.78083677356445,,100.0,0.0,0,targeted,single
105,DQN-TFC (seed=2025),DQN-TFC,2025.0,1,0.8757197856903076,0.8799999952316284,0.87,5,Drop,25947,attack,attacker,9.982129000036366,6.987,0.0,90.74907943379486,,100.0,0.0,0,targeted,single
106,DQN-TFC (seed=2025),DQN-TFC,2025.0,1,0.9076886177062988,0.9100000262260436,0.91,5,Drop,26007,attack,attacker,8.750744999815652,6.519,0.0,90.47839284708687,,100.0,0.0,0,targeted,single
107,DQN-TFC (seed=2025),DQN-TFC,2025.0,0,0.8287405371665955,0.8299999833106995,0.83,0,Forward,26111,benign,client,0.0013379999472817872,7.309,0.0,90.55529647477415,7.188,0.0,90.9605512344518,0,targeted,single
108,DQN-TFC (seed=2025),DQN-TFC,2025.0,0,0.8200234174728394,0.8199999928474426,0.82,0,Forward,26168,benign,client,0.0011020001693395898,6.31,0.0,91.03836023564119,6.171,0.0,91.0075033551774,0,targeted,single
109,DQN-TFC (seed=2025),DQN-TFC,2025.0,0,0.8145485520362854,0.8100000023841858,0.82,0,Forward,26613,benign,client,0.001410000095347641,6.412,0.0,90.8914163188029,6.371,0.0,90.70131989161156,0,targeted,single
110,DQN-TFC (seed=2025),DQN-TFC,2025.0,0,0.8191828727722168,0.8100000023841858,0.82,0,Forward,27025,benign,client,0.0014649999684479553,6.497,0.0,90.70156764872722,6.605,0.0,90.68802557825556,0,targeted,single
111,DQN-TFC (seed=2025),DQN-TFC,2025.0,0,0.8191828727722168,0.8100000023841858,0.82,0,Forward,27026,benign,client,0.0013949997992313001,6.572,0.0,90.71974019374363,6.319,0.0,90.9397455830261,0,targeted,single
112,DQN-TFC (seed=2025),DQN-TFC,2025.0,1,0.8483954071998596,0.8500000238418579,0.85,5,Drop,28043,attack,attacker,9.161340999980894,6.54,0.0,90.73081249459203,,100.0,0.0,0,targeted,single
113,DQN-TFC (seed=2025),DQN-TFC,2025.0,1,0.8561848402023315,0.8600000143051147,0.86,5,Drop,28140,attack,attacker,9.120788000018365,6.967,0.0,91.05841594566554,,100.0,0.0,0,targeted,single
114,DQN-TFC (seed=2025),DQN-TFC,2025.0,0,0.8438663482666016,0.8500000238418579,0.84,5,Drop,28155,benign,client,9.062035999704676,,100.0,0.0,7.082,0.0,90.72601967443643,0,targeted,single
115,DQN-TFC (seed=2025),DQN-TFC,2025.0,1,0.8501219153404236,0.8500000238418579,0.85,0,Forward,29007,attack,attacker,0.0011550000635907054,7.119,0.0,90.73196945808411,6.959,0.0,90.88445056333647,0,targeted,single
116,DQN-TFC (seed=2025),DQN-TFC,2025.0,0,0.8129814267158508,0.8199999928474426,0.82,0,Forward,29435,benign,client,0.001421999968442833,6.332,0.0,90.76536883472119,6.487,0.0,90.83837080470359,0,targeted,single
117,DQN-TFC (seed=2025),DQN-TFC,2025.0,0,0.8129838705062866,0.8199999928474426,0.82,0,Forward,29438,benign,client,0.0014180000107444357,6.874,0.0,90.65996343193726,6.456,0.0,90.9109924899999,0,targeted,single
118,DQN-TFC (seed=2025),DQN-TFC,2025.0,0,0.8164951801300049,0.8199999928474426,0.82,0,Forward,29552,benign,client,0.0014480001482297666,6.841,0.0,90.8898406378137,6.566,0.0,90.76164739025933,0,targeted,single
